customer_id,customer_name,segment,city,state,country,signup_date,status,lifetime_value
C000001,William Lad,Standard,Durgapur,Rajasthan,India,2025-11-25,Inactive,12629.96
C000002,Laban Devi,Premium,Vijayawada,Tripura,India,2024-09-11,Active,18561.46
C000003,Oliver Butala,Standard,Bhind,Chhattisgarh,India,2024-07-22,Active,7097.9
C000004,Abha Mammen,Premium,Indore,Kerala,India,2024-03-01,Active,12017.01
C000005,Bhavini Gulati,Standard,Guna,Tripura,India,2023-07-26,Active,5122.72
C000006,Jairaj Ben,Standard,Bilaspur,Mizoram,India,2024-10-13,Active,10754.8
C000007,Jai Chandra,Premium,Morena,Himachal Pradesh,India,2023-10-18,Active,6799.79
C000008,Chandani Bhasin,Premium,Bathinda,Assam,India,2026-05-30,Active,9707.99
C000009,Christopher Swamy,Enterprise,Sambhal,Maharashtra,India,2026-05-11,Active,6581.49
C000010,Naveen Bath,Standard,Srinagar,Haryana,India,2024-10-21,Active,7839.99
C000011,Anvi Dhar,Premium,Bokaro,Uttar Pradesh,India,2025-08-10,Active,13695.03
C000012,Pooja Srinivas,Standard,Buxar,Arunachal Pradesh,India,2024-04-18,Active,4476.38
C000013,Amara Bahri,Enterprise,Warangal,Odisha,India,2023-09-10,Active,13175.72
C000014,Nihal Sagar,Premium,Sambhal,Odisha,India,2024-12-25,Active,10011.75
C000015,Ucchal Vig,Standard,Darbhanga,Andhra Pradesh,India,2025-06-27,Active,7133.62
C000016,Hemal Suresh,Standard,Udaipur,Telangana,India,2025-08-22,Active,15215.63
C000017,Vrishti Gopal,Premium,Udaipur,Uttarakhand,India,2025-07-24,Inactive,6293.0
C000018,Harsh Lanka,Standard,Hyderabad,Goa,India,2025-10-26,Active,12417.7
C000019,Jackson Kaur,Standard,Bhavnagar,Manipur,India,2025-06-13,Active,5707.54
C000020,Anmol Walla,Standard,Kumbakonam,Gujarat,India,2024-02-19,Active,7764.67
C000021,Nathan Mannan,Standard,Chandrapur,Karnataka,India,2025-04-09,Active,13632.44
C000022,Aarav Venkataraman,Standard,Davanagere,Jharkhand,India,2024-07-09,Active,17312.62
C000023,Forum Tailor,Standard,Kumbakonam,Uttarakhand,India,2024-12-23,Active,8996.23
C000024,Samarth Balan,Standard,Tumkur,West Bengal,India,2023-10-04,Active,18882.14
C000025,Chameli Bobal,Premium,Karnal,Haryana,India,2023-06-27,Active,9612.99
C000026,Pushti Manne,Premium,Gorakhpur,Rajasthan,India,2025-04-24,Active,2564.26
C000027,Riya Deol,Premium,Kollam,Rajasthan,India,2024-10-21,Active,5815.46
C000028,Jagat Patel,Standard,Shahjahanpur,Uttarakhand,India,2025-06-15,Active,6968.38
C000029,Nisha Kota,Standard,Hubli–Dharwad,Jharkhand,India,2025-11-19,Active,9639.29
C000030,Indrajit Gill,Enterprise,Gorakhpur,Tamil Nadu,India,2025-07-02,Active,14629.54
C000031,Rayaan Vaidya,Premium,Ludhiana,Jharkhand,India,2024-09-25,Active,10658.56
C000032,Simon Sahota,Standard,Bhusawal,Sikkim,India,2024-08-21,Active,10474.03
C000033,Darsh Bal,Premium,Raurkela Industrial Township,Jharkhand,India,2023-10-06,Active,8416.04
C000034,Arin Sood,Standard,Amravati,Punjab,India,2024-02-03,Active,11240.15
C000035,Owen Narain,Enterprise,Madanapalle,Sikkim,India,2025-12-18,Active,2707.72
C000036,Arin Srinivas,Premium,Bhalswa Jahangir Pur,Gujarat,India,2024-01-26,Active,9040.33
C000037,Devika Kala,Premium,Ludhiana,Mizoram,India,2025-12-04,Active,8276.3
C000038,Yashawini Chaudhari,Standard,Siwan,Rajasthan,India,2024-05-25,Inactive,10687.32
C000039,Ria Gara,Standard,Ahmedabad,Karnataka,India,2024-01-16,Active,13498.82
C000040,Ekalinga Shan,Standard,Bulandshahr,Uttar Pradesh,India,2023-10-22,Active,5466.09
C000041,Amaira Buch,Premium,Kadapa,Tripura,India,2024-10-18,Active,5195.48
C000042,Urmi Gour,Standard,Rohtak,Andhra Pradesh,India,2026-02-07,Active,6714.19
C000043,Ishwar Mand,Standard,Siliguri,Haryana,India,2023-06-26,Active,4963.71
C000044,Ishwar Ranganathan,Standard,Hindupur,Tripura,India,2023-08-06,Inactive,11625.86
C000045,Vasana Kapadia,Standard,Singrauli,Sikkim,India,2024-11-13,Active,13638.63
C000046,Advay Buch,Standard,Proddatur,Arunachal Pradesh,India,2025-03-05,Active,4446.7
C000047,Ishanvi Dora,Premium,Nandyal,Assam,India,2024-12-26,Active,10467.89
C000048,Yauvani Dixit,Standard,Malda,Assam,India,2024-09-04,Active,13441.84
C000049,Victor Shere,Enterprise,Thoothukudi,Chhattisgarh,India,2024-07-27,Active,6281.45
C000050,Neelima Khanna,Enterprise,Asansol,Uttar Pradesh,India,2025-05-23,Active,10324.05
C000051,Simon Tiwari,Premium,Hospet,Telangana,India,2025-12-30,Active,21313.37
C000052,Edhitha Kant,Premium,Saharanpur,Goa,India,2024-02-17,Active,11627.21
C000053,Kai Kulkarni,Standard,Morena,Chhattisgarh,India,2023-07-06,Active,14595.12
C000054,Eesha Devan,Standard,Sambalpur,Gujarat,India,2024-02-12,Active,11288.1
C000055,Xavier Bail,Standard,Chandigarh,Sikkim,India,2024-05-31,Active,8802.5
C000056,Upkaar Dora,Standard,Nagaon,Madhya Pradesh,India,2025-01-23,Active,10898.71
C000057,Lajita Parekh,Standard,Jorhat,Karnataka,India,2023-11-08,Active,12499.88
C000058,Abha Padmanabhan,Premium,Ambala,Gujarat,India,2024-09-25,Active,5645.15
C000059,Krish Gola,Enterprise,Kochi,Manipur,India,2026-01-21,Inactive,8137.99
C000060,Neelima Mani,Enterprise,Belgaum,Goa,India,2024-06-01,Active,13027.12
C000061,Finn Chakrabarti,Enterprise,Ghaziabad,Sikkim,India,2025-06-21,Active,5681.14
C000062,Peter Nigam,Standard,Nellore,Tripura,India,2026-03-07,Active,3659.1
C000063,Shaurya Rajagopalan,Enterprise,Bellary,Rajasthan,India,2025-08-03,Active,5553.14
C000064,Amruta Patil,Enterprise,Tadipatri,Arunachal Pradesh,India,2026-05-23,Active,9922.44
C000065,Zarna Mani,Enterprise,Ambarnath,Tamil Nadu,India,2023-08-31,Active,15390.31
C000066,Hamsini Sahni,Standard,Anand,Haryana,India,2026-01-03,Active,15193.36
C000067,Indira Chawla,Enterprise,Uluberia,Odisha,India,2024-10-15,Active,11859.94
C000068,Anya Luthra,Standard,Narasaraopet,Himachal Pradesh,India,2026-03-04,Active,7738.74
C000069,Wridesh Bal,Premium,Medininagar,Chhattisgarh,India,2026-03-12,Active,13301.12
C000070,Nathan Mall,Standard,Gaya,Kerala,India,2026-01-30,Active,12859.98
C000071,Neelima Prabhakar,Premium,Ahmedabad,Bihar,India,2023-09-25,Active,3410.93
C000072,Jagrati Shan,Premium,Tiruchirappalli,West Bengal,India,2025-03-04,Active,6151.1
C000073,Veer Balay,Premium,Kadapa,Jharkhand,India,2026-05-19,Active,12820.05
C000074,Sudiksha Sampath,Standard,Surendranagar Dudhrej,Sikkim,India,2024-05-14,Active,2488.09
C000075,Maanas Bath,Standard,Sasaram,Mizoram,India,2023-09-14,Active,10088.53
C000076,Matthew Bawa,Premium,Malegaon,Bihar,India,2024-05-10,Inactive,11802.85
C000077,Anya Radhakrishnan,Premium,Khandwa,Haryana,India,2025-03-18,Active,13967.14
C000078,Madhav Mishra,Standard,Chapra,Meghalaya,India,2024-01-24,Active,4358.57
C000079,Jalsa Sunder,Standard,Srinagar,Sikkim,India,2023-09-11,Active,14300.05
C000080,Ojasvi Mukhopadhyay,Standard,New Delhi,Punjab,India,2024-12-05,Active,16667.42
C000081,Advika Mani,Premium,Nagercoil,West Bengal,India,2025-10-27,Active,6179.15
C000082,Farhan Bora,Enterprise,Anand,Nagaland,India,2024-12-11,Active,5406.81
C000083,Shaurya Khatri,Standard,Jehanabad,Tripura,India,2024-06-20,Active,8884.65
C000084,Rohan Patil,Standard,Satara,Tripura,India,2025-07-19,Active,7217.36
C000085,Yamini Sarin,Standard,Vadodara,Sikkim,India,2026-01-03,Active,9806.89
C000086,Krisha Cheema,Standard,Berhampur,Rajasthan,India,2025-08-06,Active,10152.99
C000087,Chandresh Muni,Standard,Naihati,Jharkhand,India,2025-09-14,Inactive,6583.11
C000088,Bhavini Yadav,Standard,Gangtok,Gujarat,India,2025-07-27,Active,23638.59
C000089,Ekalinga Doshi,Standard,Vadodara,West Bengal,India,2026-04-12,Inactive,2637.6
C000090,Om Buch,Premium,Karimnagar,Gujarat,India,2025-03-15,Active,10578.68
C000091,Oni Rajan,Standard,Katni,Telangana,India,2023-12-29,Active,6497.17
C000092,Nachiket Prabhu,Standard,Karimnagar,Arunachal Pradesh,India,2026-06-12,Active,10984.17
C000093,Gopal Bahl,Enterprise,Haridwar,Andhra Pradesh,India,2023-11-17,Active,6233.63
C000094,Farhan Narayan,Standard,Pondicherry,Telangana,India,2026-01-28,Active,13229.62
C000095,Charita Suri,Standard,Nagaon,Jharkhand,India,2025-01-23,Active,12410.05
C000096,Joshua Chander,Standard,Bettiah,Telangana,India,2024-05-18,Inactive,8163.59
C000097,Prisha Rattan,Standard,Jalgaon,Haryana,India,2026-01-13,Active,15496.9
C000098,Ekbal Tella,Standard,Eluru,Manipur,India,2025-02-12,Active,12834.15
C000099,Aarna Wagle,Premium,Mumbai,Assam,India,2025-04-02,Active,7760.15
C000100,William Mistry,Standard,Gandhidham,Jharkhand,India,2025-09-03,Inactive,9638.88
C000101,Bahadurjit Subramanian,Standard,Raichur,Odisha,India,2026-02-27,Active,12321.13
C000102,Gaurav Biswas,Standard,Navi Mumbai,Punjab,India,2024-12-15,Active,12490.77
C000103,Tanish Lal,Standard,Karimnagar,West Bengal,India,2023-09-04,Active,12515.65
C000104,Teerth Dhar,Standard,Adoni,Uttarakhand,India,2023-11-04,Active,5755.57
C000105,Wishi Bhavsar,Standard,Sonipat,Tripura,India,2025-09-14,Active,7712.62
C000106,Chanchal Batta,Premium,Purnia,Kerala,India,2025-09-10,Active,7091.59
C000107,Agastya Joshi,Enterprise,Amravati,Sikkim,India,2023-11-08,Active,10323.0
C000108,Libni Kant,Standard,Dehradun,Rajasthan,India,2025-10-06,Inactive,6139.58
C000109,Teerth Sagar,Standard,Bhusawal,Meghalaya,India,2023-12-22,Active,8182.36
C000110,Kevin Ghosh,Premium,Unnao,West Bengal,India,2025-05-22,Active,9078.33
C000111,Utkarsh Saha,Premium,Mango,Nagaland,India,2024-09-10,Active,7853.09
C000112,Gunbir Khanna,Standard,Nagaon,Madhya Pradesh,India,2024-04-17,Active,8655.81
C000113,Mohammed Mahal,Enterprise,Phagwara,Mizoram,India,2024-06-21,Active,11227.33
C000114,Omya Maharaj,Premium,Panvel,Goa,India,2024-10-01,Inactive,10281.82
C000115,Faraj Rajan,Standard,Pimpri-Chinchwad,Goa,India,2025-07-30,Inactive,9227.08
C000116,Jairaj Yogi,Standard,Jodhpur,West Bengal,India,2026-06-08,Active,23820.44
C000117,Balendra Goyal,Enterprise,Miryalaguda,Gujarat,India,2023-09-07,Active,5962.11
C000118,Manan Dubey,Enterprise,Satara,Assam,India,2023-09-22,Active,24153.34
C000119,Ronith Tara,Premium,Warangal,Sikkim,India,2024-08-22,Active,5816.15
C000120,Girindra Mangat,Standard,Howrah,Jharkhand,India,2023-10-14,Active,10901.96
C000121,Ati Vohra,Standard,New Delhi,Meghalaya,India,2023-10-06,Active,21400.84
C000122,Ayaan Shetty,Enterprise,Meerut,Jharkhand,India,2023-07-15,Active,4187.77
C000123,Akshay Puri,Enterprise,Udaipur,Bihar,India,2025-11-15,Active,21026.36
C000124,Daniel Buch,Standard,Jabalpur,Madhya Pradesh,India,2024-08-16,Active,3168.23
C000125,Ridhi Jaggi,Standard,Vellore,Karnataka,India,2025-05-19,Active,17295.31
C000126,Chaitanya Behl,Standard,Sri Ganganagar,Karnataka,India,2024-08-26,Active,9191.79
C000127,Aditya Tailor,Enterprise,Bhimavaram,Sikkim,India,2026-05-20,Active,9393.41
C000128,Jonathan Buch,Standard,Ballia,Rajasthan,India,2025-06-20,Active,9754.68
C000129,Jagat Pandya,Standard,Sambhal,Arunachal Pradesh,India,2025-08-19,Active,11856.48
C000130,Vaishnavi Rattan,Premium,Khandwa,Madhya Pradesh,India,2023-06-27,Active,18777.77
C000131,Dalaja Buch,Enterprise,Dehri,Meghalaya,India,2024-07-05,Active,9731.64
C000132,Wyatt Naidu,Enterprise,Alwar,Assam,India,2023-07-15,Active,12616.26
C000133,Warinder Shah,Premium,Raipur,Uttar Pradesh,India,2025-01-28,Active,17403.42
C000134,Bahadurjit Bhatti,Standard,Medininagar,Madhya Pradesh,India,2023-12-18,Active,4588.89
C000135,Nirja Devan,Standard,Jalandhar,Sikkim,India,2024-02-16,Active,2459.92
C000136,Pranit Apte,Standard,Ramagundam,Odisha,India,2024-04-25,Active,3191.28
C000137,Yauvani Dutta,Enterprise,Guna,Mizoram,India,2025-07-23,Active,8903.32
C000138,Faraj Ramachandran,Standard,Guna,Tripura,India,2026-05-12,Active,11036.0
C000139,Hardik Taneja,Standard,Bilaspur,Sikkim,India,2025-07-02,Active,5363.33
C000140,Warhi Ramachandran,Standard,Sasaram,Odisha,India,2024-11-14,Active,6855.35
C000141,Gaurangi Pillai,Premium,Bidhannagar,Karnataka,India,2024-03-04,Active,5870.85
C000142,Kala Pillai,Premium,Karimnagar,Andhra Pradesh,India,2026-05-28,Active,22155.59
C000143,Gaurangi Bath,Standard,Bhilai,Goa,India,2024-02-04,Active,9336.52
C000144,Aadi Cheema,Enterprise,Serampore,Jharkhand,India,2025-12-26,Inactive,8639.38
C000145,Warinder Sastry,Standard,Meerut,Chhattisgarh,India,2026-01-30,Active,8149.02
C000146,Krish Dutta,Standard,Jamalpur,Manipur,India,2025-02-03,Active,3658.21
C000147,Chandran Kaur,Standard,Gangtok,Chhattisgarh,India,2025-10-02,Active,17390.52
C000148,Lohit Baral,Standard,Tezpur,Maharashtra,India,2025-03-03,Active,33216.58
C000149,Arya Kanda,Standard,Tirupati,Chhattisgarh,India,2025-01-24,Active,15638.62
C000150,Ansh Rajagopal,Standard,Bangalore,Uttarakhand,India,2024-03-31,Active,6406.74
C000151,Ekiya Dar,Enterprise,Madhyamgram,Manipur,India,2023-12-14,Active,4902.76
C000152,Maanav Kala,Standard,Bellary,West Bengal,India,2024-05-30,Active,9542.05
C000153,Balendra Mander,Standard,Chapra,Maharashtra,India,2026-06-17,Active,5630.86
C000154,Lucky Saran,Standard,Singrauli,Meghalaya,India,2024-12-16,Active,14353.66
C000155,Warhi Kaul,Enterprise,Guwahati,Tamil Nadu,India,2025-12-01,Active,21682.15
C000156,Sai Sarin,Premium,Kolkata,Meghalaya,India,2024-05-10,Active,6391.41
C000157,Dalbir Sharaf,Standard,Nanded,Arunachal Pradesh,India,2023-08-01,Active,7026.88
C000158,Banjeet Oza,Premium,Kavali,Uttarakhand,India,2024-10-24,Active,10523.29
C000159,Wridesh Rajagopalan,Standard,Bathinda,Goa,India,2024-01-15,Inactive,8928.27
C000160,Kala Sura,Standard,Asansol,Sikkim,India,2025-02-14,Active,11779.8
C000161,Triya Mahajan,Standard,Ajmer,Madhya Pradesh,India,2025-11-26,Active,5238.15
C000162,Mohammed Bal,Standard,Munger,Sikkim,India,2026-06-18,Active,5976.81
C000163,Imaran Sachdeva,Premium,Pimpri-Chinchwad,Maharashtra,India,2026-05-10,Active,2956.81
C000164,Chakradev Bava,Standard,Sirsa,Haryana,India,2023-08-11,Active,8853.96
C000165,Manbir Minhas,Premium,Kozhikode,Rajasthan,India,2024-08-10,Active,4505.62
C000166,Aahana Aggarwal,Premium,Kirari Suleman Nagar,Telangana,India,2024-02-26,Inactive,14877.05
C000167,Harrison Bhasin,Standard,Madanapalle,Meghalaya,India,2024-01-30,Active,6673.06
C000168,Yatin Kota,Standard,Bhilai,Sikkim,India,2024-03-05,Active,12215.99
C000169,Shivani Memon,Enterprise,Hazaribagh,Himachal Pradesh,India,2026-03-29,Active,8228.61
C000170,Chaitanya Jha,Enterprise,Jalgaon,Meghalaya,India,2025-09-24,Active,9587.46
C000171,Yagnesh Chand,Standard,Kalyan-Dombivli,Tripura,India,2025-10-28,Active,8441.43
C000172,Baghyawati Natt,Premium,Moradabad,Haryana,India,2025-07-03,Active,11187.59
C000173,Harita Shan,Standard,Thanjavur,Karnataka,India,2026-06-09,Active,7295.44
C000174,Vaishnavi Oza,Standard,Satna,Andhra Pradesh,India,2025-09-29,Active,2462.13
C000175,Neel Date,Standard,Hosur,Jharkhand,India,2026-03-11,Active,5138.15
C000176,Aashi Nadkarni,Premium,Durg,Assam,India,2024-06-08,Active,13737.99
C000177,Rudra Bala,Standard,Pallavaram,Telangana,India,2024-07-28,Active,3754.01
C000178,Vivaan Walla,Standard,Panihati,Odisha,India,2024-01-25,Active,15804.47
C000179,Balhaar Bajaj,Enterprise,Jamalpur,Goa,India,2025-12-25,Active,7138.8
C000180,Samuel Sahota,Standard,Burhanpur,Assam,India,2024-04-27,Active,5670.53
C000181,Lohit Bobal,Standard,Pune,Chhattisgarh,India,2025-11-03,Active,15084.59
C000182,Manan Krishna,Standard,Anantapuram,Telangana,India,2025-11-19,Active,6935.5
C000183,Kala Rao,Standard,Bahraich,Uttar Pradesh,India,2023-11-18,Active,13288.98
C000184,Qushi Varty,Standard,Mathura,Nagaland,India,2025-10-28,Active,5422.87
C000185,Anika Banik,Standard,Durg,Bihar,India,2026-02-16,Active,3016.11
C000186,Max Gola,Enterprise,Gandhinagar,Jharkhand,India,2023-12-24,Active,18355.47
C000187,Gopal Sha,Standard,Parbhani,Maharashtra,India,2024-05-03,Active,9700.39
C000188,Charvi Tak,Enterprise,Nanded,Punjab,India,2025-01-05,Active,13098.44
C000189,Omkaar Varma,Standard,Panvel,Jharkhand,India,2023-09-16,Active,19104.21
C000190,Tarak Amble,Enterprise,Vellore,Kerala,India,2025-01-06,Active,6930.73
C000191,Rudra Brahmbhatt,Enterprise,Bhilai,Tripura,India,2024-04-28,Active,9436.03
C000192,Rayaan Tara,Standard,Dehradun,Tamil Nadu,India,2025-03-14,Active,15465.77
C000193,Advik Korpal,Standard,Chandigarh,Punjab,India,2025-04-08,Active,5125.08
C000194,Anita Tripathi,Enterprise,Madanapalle,Rajasthan,India,2023-08-01,Active,3307.63
C000195,Lopa Varughese,Standard,Bhopal,Kerala,India,2026-04-17,Active,7979.28
C000196,Pahal Deol,Premium,Mathura,Jharkhand,India,2024-01-18,Active,3689.56
C000197,Qasim Gokhale,Enterprise,Gaya,Mizoram,India,2025-11-01,Active,21172.38
C000198,Madhavi Khalsa,Standard,Mathura,Assam,India,2024-11-07,Active,15686.45
C000199,Nidra Khare,Premium,Thiruvananthapuram,Chhattisgarh,India,2026-02-10,Active,27828.2
C000200,Gaurika Som,Standard,Delhi,Haryana,India,2026-06-04,Active,9453.09
C000201,Patrick Wali,Premium,Bokaro,Jharkhand,India,2025-08-17,Active,9010.76
C000202,Shivansh Mutti,Premium,Karawal Nagar,Himachal Pradesh,India,2024-03-14,Active,6803.55
C000203,Devansh Borah,Standard,Serampore,Uttarakhand,India,2024-10-09,Active,16519.34
C000204,Teerth Palla,Premium,Suryapet,Himachal Pradesh,India,2024-04-08,Active,3944.79
C000205,Hemal Upadhyay,Standard,Lucknow,Bihar,India,2025-04-15,Active,5924.56
C000206,Darsh Naik,Standard,Lucknow,Jharkhand,India,2025-07-03,Active,13073.59
C000207,Gavin Dutta,Premium,Amroha,Himachal Pradesh,India,2025-06-01,Active,4754.45
C000208,Abha Singhal,Standard,Tiruppur,Sikkim,India,2023-08-09,Active,8063.66
C000209,Hritik Hans,Enterprise,Raiganj,Telangana,India,2026-01-24,Active,7486.88
C000210,Arya Oak,Standard,Berhampore,Gujarat,India,2024-08-11,Active,12309.15
C000211,Gaurangi Hari,Premium,Nashik,Odisha,India,2024-01-14,Active,7763.24
C000212,Maanav Cherian,Premium,Warangal,Arunachal Pradesh,India,2024-09-23,Active,14339.78
C000213,Abha Ranganathan,Standard,Suryapet,Telangana,India,2026-01-20,Active,8309.7
C000214,Odika Grewal,Standard,Motihari,Odisha,India,2024-01-24,Active,4301.82
C000215,Advika Pandya,Standard,Sasaram,Nagaland,India,2024-01-18,Active,20394.48
C000216,Hemani Chaudhry,Standard,Patna,Himachal Pradesh,India,2025-01-01,Active,8987.68
C000217,Kamya Kashyap,Standard,Kirari Suleman Nagar,Arunachal Pradesh,India,2025-01-01,Active,15527.66
C000218,Jhalak Mahal,Standard,Munger,Jharkhand,India,2024-07-04,Active,4108.9
C000219,Omkaar Sathe,Standard,Gandhinagar,Himachal Pradesh,India,2023-08-20,Inactive,13205.0
C000220,Zashil Kale,Premium,Sambalpur,Uttarakhand,India,2023-09-01,Active,10136.53
C000221,Upadhriti Deo,Standard,Bidar,Jharkhand,India,2025-04-28,Active,5235.46
C000222,Bhavna Iyer,Premium,Noida,Meghalaya,India,2023-10-23,Active,10447.75
C000223,Yutika Yadav,Standard,Ambala,Uttarakhand,India,2025-06-06,Active,14721.56
C000224,Ekapad Savant,Standard,Bhusawal,Manipur,India,2025-02-23,Active,6489.11
C000225,Balendra Bhat,Standard,Kochi,Assam,India,2025-09-28,Active,9292.14
C000226,Shivansh Oak,Premium,Rewa,Manipur,India,2023-11-18,Active,5419.27
C000227,Champak Kala,Standard,Tirupati,Andhra Pradesh,India,2024-03-14,Active,4099.09
C000228,Charita Pandit,Standard,Nagpur,Mizoram,India,2024-07-13,Inactive,5640.99
C000229,Siya Nigam,Standard,Panihati,Manipur,India,2023-08-28,Active,12944.45
C000230,Zayan Bhatt,Standard,Madanapalle,Kerala,India,2026-02-21,Active,15842.49
C000231,Yachana Doshi,Premium,Panihati,Karnataka,India,2024-09-02,Active,6195.7
C000232,Theodore Arora,Standard,Anand,Kerala,India,2024-12-24,Active,12989.34
C000233,Imaran Khurana,Standard,Chapra,Himachal Pradesh,India,2025-06-12,Active,6729.1
C000234,Patrick Atwal,Standard,Nandyal,Gujarat,India,2024-11-02,Active,8814.94
C000235,Shivansh Andra,Standard,Dhule,Meghalaya,India,2024-01-09,Active,12470.5
C000236,Xavier Badami,Standard,Tenali,Maharashtra,India,2023-10-15,Active,13766.33
C000237,Jai Pal,Standard,Silchar,Telangana,India,2023-12-05,Active,11545.21
C000238,Manbir Kata,Enterprise,Karaikudi,Andhra Pradesh,India,2024-04-01,Active,11380.95
C000239,Sudiksha Deshpande,Standard,Kadapa,Haryana,India,2024-05-03,Active,10197.27
C000240,Niharika Bal,Standard,Sambalpur,Meghalaya,India,2024-11-21,Active,8978.61
C000241,Geetika Narayan,Standard,Indore,Andhra Pradesh,India,2025-08-17,Active,12831.44
C000242,Sara Mukhopadhyay,Premium,Ramagundam,Andhra Pradesh,India,2025-09-28,Active,7240.03
C000243,Krishna Edwin,Standard,Ongole,Gujarat,India,2024-01-04,Active,7764.84
C000244,Omisha Kashyap,Premium,Alappuzha,Sikkim,India,2026-04-26,Active,17984.83
C000245,Maya Prakash,Standard,Nagaon,Uttar Pradesh,India,2024-07-02,Active,10140.16
C000246,Diya Mishra,Premium,Secunderabad,Punjab,India,2026-05-01,Active,9566.24
C000247,Chandresh Chaudhary,Standard,Haridwar,Meghalaya,India,2026-01-28,Inactive,15271.8
C000248,Balveer Bath,Standard,Kakinada,Madhya Pradesh,India,2024-02-21,Active,25163.4
C000249,Baljiwan Pandey,Enterprise,Karawal Nagar,Bihar,India,2025-08-18,Active,7537.11
C000250,Hemang Kumar,Standard,Mau,Tamil Nadu,India,2023-11-06,Active,7298.72
C000251,Nakul Krish,Standard,Dhule,Kerala,India,2025-06-06,Active,7882.81
C000252,Rohan Badami,Premium,Hapur,Maharashtra,India,2025-06-11,Active,9001.63
C000253,Max Sem,Standard,Moradabad,Mizoram,India,2024-04-20,Active,10334.22
C000254,Unnati Gopal,Standard,Shimla,Madhya Pradesh,India,2026-05-27,Active,14732.28
C000255,Veer Ganesh,Standard,Karawal Nagar,Meghalaya,India,2025-07-13,Active,8179.96
C000256,Raghav Chauhan,Enterprise,Amaravati,Telangana,India,2023-09-23,Active,9986.81
C000257,Pahal Sankaran,Standard,Udaipur,Sikkim,India,2025-08-31,Active,11731.96
C000258,Logan D’Alia,Premium,Kavali,Haryana,India,2024-07-23,Active,6441.44
C000259,Vasudha Menon,Enterprise,Pali,Meghalaya,India,2024-05-08,Active,16118.07
C000260,Yauvani Kar,Enterprise,Bhalswa Jahangir Pur,Andhra Pradesh,India,2024-07-07,Active,17786.94
C000261,Falan Char,Premium,Rajpur Sonarpur,West Bengal,India,2025-05-03,Active,6696.9
C000262,Pranav Devan,Premium,Buxar,Sikkim,India,2024-09-10,Active,18749.63
C000263,Arya Tank,Enterprise,Jorhat,Manipur,India,2026-04-22,Active,20731.5
C000264,Kashish Issac,Enterprise,Pimpri-Chinchwad,Maharashtra,India,2024-03-04,Inactive,10604.37
C000265,Upasna Pai,Standard,Dindigul,Gujarat,India,2024-04-16,Active,10862.78
C000266,Pushti Grewal,Standard,Tumkur,West Bengal,India,2024-07-29,Active,9009.0
C000267,Krishna Seshadri,Premium,Hosur,Andhra Pradesh,India,2026-05-12,Active,20720.61
C000268,Zehaan Kalita,Enterprise,Ajmer,Arunachal Pradesh,India,2026-03-22,Active,27364.82
C000269,Zayan Balan,Standard,Bally,Sikkim,India,2025-03-21,Active,6852.94
C000270,Baljiwan Pandya,Standard,Bhalswa Jahangir Pur,West Bengal,India,2023-12-26,Active,12294.9
C000271,Dalbir Sabharwal,Enterprise,Uluberia,Uttar Pradesh,India,2024-08-24,Active,15564.43
C000272,Forum Bhalla,Standard,Anantapuram,Chhattisgarh,India,2024-10-22,Active,17502.9
C000273,Agastya Balan,Enterprise,Parbhani,Karnataka,India,2025-07-06,Active,12636.02
C000274,Praneel Tara,Standard,Pune,Manipur,India,2025-12-14,Active,16240.37
C000275,Jason Garg,Standard,Panipat,Tripura,India,2024-12-07,Active,5785.67
C000276,Pranit Devi,Premium,Khora ,Sikkim,India,2023-12-08,Active,10112.25
C000277,Ijaya Sharma,Standard,Unnao,Karnataka,India,2026-05-22,Active,9390.77
C000278,Wahab Johal,Standard,Moradabad,Goa,India,2025-11-03,Active,10413.08
C000279,Nakul Murty,Standard,Chandigarh,Manipur,India,2025-01-15,Active,18981.59
C000280,Vedhika Khalsa,Premium,Gudivada,Maharashtra,India,2026-04-15,Inactive,7191.31
C000281,Samuel Balan,Standard,Purnia,Himachal Pradesh,India,2025-03-11,Active,10127.55
C000282,Mugdha Doshi,Standard,Bhilwara,West Bengal,India,2025-11-05,Active,6742.92
C000283,Samesh Bhardwaj,Premium,Ranchi,Uttar Pradesh,India,2024-04-15,Active,11093.6
C000284,Neelima Balay,Standard,Nangloi Jat,Telangana,India,2023-10-30,Active,6757.45
C000285,Jonathan Kala,Enterprise,Panvel,Telangana,India,2024-03-21,Active,21442.88
C000286,Yagnesh Sarma,Premium,Berhampore,Haryana,India,2023-07-30,Active,5095.48
C000287,Sanaya Devi,Standard,Madanapalle,Karnataka,India,2023-07-04,Active,12992.99
C000288,Timothy Bhatnagar,Enterprise,Pallavaram,Telangana,India,2025-10-26,Active,12644.86
C000289,Jackson Hayer,Standard,Karnal,Bihar,India,2026-04-09,Active,8700.05
C000290,Ekalinga Roy,Enterprise,Akola,Himachal Pradesh,India,2026-06-17,Active,8059.65
C000291,Hemangini Dhillon,Premium,Eluru,Haryana,India,2026-03-24,Active,10957.4
C000292,Yauvani Tandon,Enterprise,Tinsukia,West Bengal,India,2025-09-13,Active,10907.17
C000293,Arjun Ganguly,Standard,Kozhikode,Madhya Pradesh,India,2023-06-29,Active,11531.67
C000294,Rushil Sem,Premium,North Dumdum,Himachal Pradesh,India,2024-11-02,Active,10139.99
C000295,Abhimanyu Sandhu,Standard,Alwar,Tripura,India,2024-03-05,Active,12996.9
C000296,Sachi Ramakrishnan,Standard,Mango,Punjab,India,2025-12-22,Active,8975.77
C000297,Pavani Puri,Standard,Nellore,Madhya Pradesh,India,2024-12-13,Active,3881.65
C000298,Mason Chaudhuri,Standard,Bhatpara,Manipur,India,2025-10-24,Active,7167.42
C000299,Vrinda Bal,Standard,Kamarhati,Punjab,India,2025-09-13,Active,1770.61
C000300,Leena Sinha,Standard,Thanjavur,Kerala,India,2026-02-07,Active,5273.1
C000301,Manan Swaminathan,Enterprise,Hajipur,Meghalaya,India,2025-06-19,Active,8940.16
C000302,Yadavi Chadha,Standard,Ozhukarai,Kerala,India,2026-03-22,Active,8149.05
C000303,Bhavna Ramaswamy,Standard,Dharmavaram,Gujarat,India,2023-12-09,Active,9295.98
C000304,Zansi Bhatt,Premium,Baranagar,Goa,India,2024-03-25,Active,5159.22
C000305,Osha Jaggi,Standard,Tumkur,Goa,India,2024-12-20,Active,7885.78
C000306,Fariq Kala,Premium,Gorakhpur,Manipur,India,2024-06-04,Active,17629.9
C000307,Faqid Andra,Enterprise,North Dumdum,Maharashtra,India,2026-03-01,Active,14343.69
C000308,Nidra Kant,Standard,Pali,Mizoram,India,2026-01-31,Active,14154.58
C000309,Sai Srinivas,Standard,Narasaraopet,Assam,India,2024-08-22,Active,12555.91
C000310,Oliver Mohanty,Standard,Anantapuram,Mizoram,India,2025-11-27,Active,23122.32
C000311,Bishakha Karan,Standard,Bhilai,Bihar,India,2025-01-28,Active,6247.42
C000312,Indrajit Varghese,Premium,Chandigarh,West Bengal,India,2025-01-28,Active,7717.05
C000313,Pushti Acharya,Standard,Asansol,Manipur,India,2023-10-17,Active,11350.83
C000314,Darika Pradhan,Standard,Kalyan-Dombivli,Uttarakhand,India,2025-08-24,Active,20172.96
C000315,Harini Ramanathan,Enterprise,Bathinda,Telangana,India,2023-11-10,Inactive,11418.07
C000316,Aradhana Zacharia,Premium,Mathura,Gujarat,India,2025-01-01,Active,7988.95
C000317,Yatin Rajagopalan,Standard,Kirari Suleman Nagar,Nagaland,India,2023-09-11,Active,3274.43
C000318,Kala Bera,Standard,Bhalswa Jahangir Pur,Tamil Nadu,India,2023-08-24,Active,10283.68
C000319,Faqid Edwin,Standard,Ghaziabad,Tamil Nadu,India,2025-11-17,Active,15148.46
C000320,Nidra Chacko,Enterprise,Bardhaman,Andhra Pradesh,India,2025-10-18,Active,12657.45
C000321,Abeer Naidu,Premium,Vijayawada,Madhya Pradesh,India,2024-12-09,Active,3501.68
C000322,Vidhi Bava,Standard,Hapur,Himachal Pradesh,India,2025-04-23,Active,11740.87
C000323,Jeet Loyal,Premium,Moradabad,Rajasthan,India,2025-09-22,Inactive,10472.03
C000324,Eshana Mani,Enterprise,Patna,Arunachal Pradesh,India,2025-07-30,Active,12022.97
C000325,Utkarsh Chatterjee,Standard,Kottayam,Arunachal Pradesh,India,2025-12-17,Active,7504.49
C000326,Jack Kala,Premium,South Dumdum,Jharkhand,India,2025-08-27,Active,4260.75
C000327,Qadim Pai,Premium,Howrah,Tripura,India,2024-01-18,Inactive,15922.27
C000328,Akshay Acharya,Premium,Amravati,Uttar Pradesh,India,2024-03-24,Active,9539.36
C000329,Aarnav Kaul,Standard,Nagercoil,Chhattisgarh,India,2025-01-17,Active,4294.41
C000330,Charan Shukla,Standard,Srikakulam,Gujarat,India,2024-09-12,Active,7596.87
C000331,Ishwar Naik,Standard,Bhagalpur,Bihar,India,2024-07-27,Active,7594.31
C000332,Lipika Sethi,Standard,Kulti,Andhra Pradesh,India,2024-07-07,Active,15036.23
C000333,Suhani Sachar,Premium,South Dumdum,Andhra Pradesh,India,2026-02-05,Active,10357.96
C000334,Maanav Malhotra,Standard,Raipur,Madhya Pradesh,India,2025-06-17,Inactive,13140.23
C000335,Sarthak Prabhu,Standard,Khammam,Chhattisgarh,India,2023-12-11,Active,8785.67
C000336,Indira Chowdhury,Enterprise,Jamalpur,Haryana,India,2026-02-07,Inactive,14290.17
C000337,Chaman Buch,Standard,Dewas,Chhattisgarh,India,2025-10-15,Active,10927.41
C000338,Pratyush Pall,Premium,Danapur,Uttar Pradesh,India,2024-10-06,Active,15560.89
C000339,Nidhi Bose,Standard,Jammu,Assam,India,2023-11-30,Inactive,5035.29
C000340,Lipika Mukherjee,Standard,Gopalpur,Gujarat,India,2026-06-10,Active,8283.81
C000341,Prisha Bala,Standard,Berhampur,Haryana,India,2025-09-24,Inactive,10247.44
C000342,Madhavi Wali,Standard,Chinsurah,Chhattisgarh,India,2025-04-04,Active,10163.45
C000343,Sachi Thaman,Enterprise,Ambattur,Telangana,India,2024-10-14,Active,15172.27
C000344,Anika Madan,Premium,Bhilai,Himachal Pradesh,India,2024-07-01,Active,19420.28
C000345,Tanay Sur,Standard,Bidhannagar,Uttarakhand,India,2026-01-04,Inactive,4701.2
C000346,Warjas Choudhary,Enterprise,Sirsa,Manipur,India,2026-04-23,Active,10792.71
C000347,Henry Shukla,Standard,Aligarh,Chhattisgarh,India,2025-07-12,Active,11338.44
C000348,Wridesh Kade,Standard,Patna,Uttarakhand,India,2024-08-28,Active,12334.22
C000349,Widisha Bhargava,Standard,Noida,Andhra Pradesh,India,2024-01-12,Active,12949.65
C000350,Aishani Suri,Standard,Mathura,Maharashtra,India,2025-05-01,Active,4856.46
C000351,Yashoda Divan,Standard,Srikakulam,Sikkim,India,2023-12-05,Active,3856.67
C000352,Isha Batra,Premium,Motihari,Madhya Pradesh,India,2024-04-10,Active,19488.14
C000353,Unni Vora,Standard,Panipat,Himachal Pradesh,India,2025-05-02,Active,14900.37
C000354,Pooja Varkey,Standard,Kadapa,Tripura,India,2025-07-19,Active,3993.94
C000355,Finn Sarkar,Standard,Panchkula,Jharkhand,India,2025-01-08,Active,3330.63
C000356,Rudra Solanki,Standard,Delhi,Tripura,India,2024-12-01,Active,13300.87
C000357,Devansh Kari,Enterprise,Mysore,Meghalaya,India,2025-10-17,Active,10579.73
C000358,Tanvi Issac,Standard,Karaikudi,Assam,India,2024-06-06,Active,3216.04
C000359,Advik Mann,Standard,Bhimavaram,Manipur,India,2025-03-15,Active,8703.91
C000360,Urishilla Thakkar,Standard,Sri Ganganagar,Bihar,India,2025-04-05,Active,5198.45
C000361,Advika Soman,Premium,Gulbarga,Maharashtra,India,2024-06-14,Active,14448.07
C000362,Jairaj Basak,Premium,Mira-Bhayandar,Sikkim,India,2024-08-30,Active,6578.69
C000363,Anjali Anne,Standard,Panihati,Manipur,India,2024-09-23,Inactive,10784.3
C000364,Udarsh Deep,Standard,Karnal,Jharkhand,India,2026-01-17,Active,9779.3
C000365,Jagvi Kohli,Standard,Ludhiana,Madhya Pradesh,India,2026-02-10,Active,7260.87
C000366,Qadim Varghese,Premium,Udupi,Nagaland,India,2023-12-27,Active,3958.2
C000367,Abhimanyu Rastogi,Enterprise,Hapur,Gujarat,India,2023-07-29,Active,20351.94
C000368,Wahab Dyal,Standard,Asansol,Tamil Nadu,India,2023-07-11,Active,7825.96
C000369,Damini Morar,Premium,Pali,Maharashtra,India,2024-06-12,Active,16531.09
C000370,Adweta Wali,Standard,Kakinada,Arunachal Pradesh,India,2024-04-05,Active,12547.68
C000371,Balvan Rao,Premium,Satna,Haryana,India,2026-06-10,Active,11293.7
C000372,Peter Reddy,Standard,Farrukhabad,Jharkhand,India,2026-04-20,Active,6748.5
C000373,Alka Kunda,Standard,Medininagar,Maharashtra,India,2024-03-08,Inactive,4048.58
C000374,Indali Sawhney,Standard,Karaikudi,Manipur,India,2024-05-02,Active,19771.96
C000375,Chaman Kala,Enterprise,Kadapa,Uttarakhand,India,2024-02-16,Active,6763.74
C000376,Mitesh Datta,Standard,Ramgarh,Uttar Pradesh,India,2024-02-15,Active,7468.88
C000377,Vedika Mahal,Enterprise,Morbi,Karnataka,India,2025-11-19,Active,8226.23
C000378,Balveer Kamdar,Premium,Vadodara,Rajasthan,India,2025-03-08,Active,9330.8
C000379,Nakul Din,Standard,Pondicherry,Uttar Pradesh,India,2024-10-02,Active,5952.68
C000380,Mugdha Sabharwal,Enterprise,Karnal,Goa,India,2024-08-17,Active,2551.65
C000381,Wridesh Kalita,Standard,Bhalswa Jahangir Pur,Madhya Pradesh,India,2025-05-10,Inactive,11076.46
C000382,Gaurika Chaudhuri,Standard,Shahjahanpur,Madhya Pradesh,India,2026-02-22,Active,6188.94
C000383,Abhiram Chatterjee,Enterprise,Raipur,Andhra Pradesh,India,2023-09-26,Active,8902.28
C000384,Vasudha Dutta,Premium,Sirsa,Jharkhand,India,2023-08-27,Active,8644.46
C000385,Janya Krishna,Standard,Siwan,Uttarakhand,India,2025-10-29,Active,5484.7
C000386,Libni Grewal,Enterprise,Kakinada,Sikkim,India,2024-11-25,Active,4868.89
C000387,Indrajit Som,Enterprise,Ramgarh,Rajasthan,India,2024-05-26,Active,7733.87
C000388,Theodore Bahl,Standard,Jammu,Rajasthan,India,2023-09-16,Active,10117.11
C000389,Tristan Ahuja,Standard,Mangalore,Telangana,India,2024-07-06,Active,7765.08
C000390,Harish Sem,Premium,Mira-Bhayandar,Manipur,India,2024-05-14,Active,5895.37
C000391,Hritik Chahal,Enterprise,Tirupati,Jharkhand,India,2025-06-22,Active,4156.61
C000392,Dayamai Upadhyay,Standard,Miryalaguda,Uttarakhand,India,2025-04-07,Active,11155.51
C000393,Chandani Wadhwa,Standard,Kakinada,Haryana,India,2024-09-29,Inactive,27029.41
C000394,Samar Nagi,Premium,Gorakhpur,Assam,India,2024-05-10,Inactive,9564.0
C000395,Geetika Bassi,Enterprise,Ghaziabad,Himachal Pradesh,India,2025-03-21,Active,8701.37
C000396,Geetika Mall,Standard,Dharmavaram,Manipur,India,2023-10-05,Active,8354.36
C000397,Yashodhara Doshi,Standard,Chapra,Sikkim,India,2025-12-28,Active,6003.9
C000398,Wakeeta Kar,Standard,Jaunpur,Haryana,India,2026-02-08,Active,9047.38
C000399,Ucchal Bedi,Standard,Junagadh,Madhya Pradesh,India,2023-09-10,Active,13665.15
C000400,Jackson Dua,Standard,Fatehpur,Meghalaya,India,2026-01-01,Active,6547.49
C000401,Jackson Master,Premium,Tumkur,Odisha,India,2025-07-26,Inactive,8300.43
C000402,Netra Misra,Enterprise,North Dumdum,Madhya Pradesh,India,2025-01-21,Active,9478.79
C000403,Luke Dyal,Premium,Kurnool,Sikkim,India,2025-02-09,Active,2589.12
C000404,Inaya Setty,Standard,Guntur,Tripura,India,2026-02-18,Active,8182.38
C000405,Hemangini Bala,Enterprise,Panipat,Tripura,India,2026-02-25,Active,18315.05
C000406,Vasudha Nagi,Enterprise,Parbhani,Himachal Pradesh,India,2025-08-15,Active,6532.62
C000407,Nathan Kari,Premium,Adoni,Telangana,India,2023-07-11,Active,7793.61
C000408,Chanakya Agrawal,Standard,Ongole,Arunachal Pradesh,India,2023-07-23,Active,14505.09
C000409,Faqid Varty,Standard,Dhule,Himachal Pradesh,India,2025-05-07,Active,3737.38
C000410,Abhiram Loke,Standard,Bhimavaram,Maharashtra,India,2023-10-02,Active,4628.68
C000411,Odika Bhatia,Standard,Tenali,West Bengal,India,2025-06-16,Active,2963.35
C000412,Lakshmi Sant,Standard,Surat,Telangana,India,2025-10-28,Active,6792.49
C000413,Unni Varughese,Premium,Yamunanagar,Nagaland,India,2025-12-02,Active,11173.12
C000414,Sai Misra,Enterprise,Bikaner,Manipur,India,2023-11-17,Active,9093.57
C000415,Faris Kibe,Standard,Unnao,Uttarakhand,India,2024-12-28,Active,12228.86
C000416,Vritti Sen,Premium,Bijapur,Manipur,India,2024-12-17,Active,7204.15
C000417,Kamya Shere,Standard,Thiruvananthapuram,Andhra Pradesh,India,2026-02-01,Active,5549.9
C000418,Krisha Joshi,Standard,Bhubaneswar,West Bengal,India,2024-03-24,Active,6322.29
C000419,Zayan Khalsa,Standard,Vadodara,Meghalaya,India,2024-07-05,Active,15100.38
C000420,Anya Rege,Premium,Proddatur,Bihar,India,2025-02-08,Active,23857.8
C000421,Tripti Sunder,Enterprise,Phagwara,Kerala,India,2026-03-18,Active,6562.02
C000422,Jackson Mann,Premium,Madurai,Goa,India,2023-08-14,Active,11549.63
C000423,Benjamin Yohannan,Standard,Miryalaguda,Gujarat,India,2024-08-01,Active,6290.05
C000424,Ayaan Singh,Standard,Jodhpur,Gujarat,India,2023-12-02,Active,4111.87
C000425,Siddharth Pal,Standard,Dharmavaram,Bihar,India,2025-11-10,Active,5257.76
C000426,Christopher Ramaswamy,Premium,Naihati,Telangana,India,2023-11-23,Active,16094.98
C000427,Ayaan Tandon,Premium,Vasai-Virar,Kerala,India,2024-05-02,Active,13057.11
C000428,Mahika Barman,Standard,Berhampore,Assam,India,2026-05-17,Active,3905.9
C000429,Anita Dube,Premium,Akola,Punjab,India,2025-06-05,Active,18395.72
C000430,Manthan Parekh,Standard,Gopalpur,Kerala,India,2025-03-22,Active,6418.27
C000431,Dayamai Wason,Standard,Medininagar,Punjab,India,2024-11-26,Active,14364.39
C000432,Idika Chaudhry,Standard,Hosur,Odisha,India,2025-03-06,Active,7528.23
C000433,Lakshmi Brar,Premium,Karnal,Arunachal Pradesh,India,2024-06-28,Active,5707.57
C000434,Veda Chopra,Standard,Baranagar,West Bengal,India,2025-03-04,Active,8147.77
C000435,Frado Gara,Standard,Meerut,Sikkim,India,2025-06-06,Active,7904.35
C000436,Jagvi Chand,Enterprise,Shivpuri,Bihar,India,2025-07-12,Active,8389.68
C000437,Aarav Gulati,Standard,Kurnool,Sikkim,India,2024-11-23,Active,10587.05
C000438,Dalbir Dalal,Standard,Sultan Pur Majra,West Bengal,India,2024-06-06,Active,10060.84
C000439,Ridhi Kalla,Enterprise,New Delhi,Chhattisgarh,India,2023-10-07,Active,4254.57
C000440,Theodore Vig,Premium,Udaipur,Tamil Nadu,India,2024-06-15,Active,6861.83
C000441,Chandran Ganguly,Standard,Kolkata,Maharashtra,India,2026-01-05,Active,12269.94
C000442,Tanish Walla,Standard,New Delhi,West Bengal,India,2023-11-06,Active,12149.08
C000443,Kabir Pandit,Enterprise,Bhiwani,Sikkim,India,2025-02-03,Active,3057.26
C000444,Bimala Barad,Premium,Vijayanagaram,Manipur,India,2026-01-12,Active,8202.01
C000445,Indali Chand,Premium,Kishanganj,Telangana,India,2023-11-01,Active,5668.18
C000446,Aditya Hayer,Standard,Sagar,Kerala,India,2025-08-27,Active,16171.23
C000447,Qarin Khalsa,Premium,Khora ,Manipur,India,2024-04-19,Active,6546.45
C000448,Gopal Ray,Standard,Ujjain,Sikkim,India,2024-10-12,Active,8599.78
C000449,Ansh Nayar,Premium,Sangli-Miraj & Kupwad,Arunachal Pradesh,India,2026-01-21,Active,11325.27
C000450,Ayaan Thaker,Enterprise,Giridih,Telangana,India,2025-11-10,Active,20168.27
C000451,Ekantika Rama,Standard,Khandwa,Punjab,India,2024-08-18,Active,7383.56
C000452,Ijaya Sandal,Standard,Imphal,Jharkhand,India,2024-03-25,Active,3631.12
C000453,Prisha Parmer,Premium,Delhi,Andhra Pradesh,India,2025-03-05,Active,16636.58
C000454,Anirudh Khosla,Standard,Surat,Assam,India,2025-08-20,Active,18708.04
C000455,Jonathan Bhatnagar,Standard,Amravati,Gujarat,India,2025-09-27,Active,22514.16
C000456,Yagnesh Raman,Standard,Karimnagar,Karnataka,India,2023-08-08,Active,5781.23
C000457,Zayyan Aggarwal,Standard,Phagwara,Maharashtra,India,2025-10-17,Active,9150.52
C000458,Chaman Padmanabhan,Standard,Rajkot,Meghalaya,India,2024-04-03,Active,4715.5
C000459,Girik Khare,Standard,Belgaum,Telangana,India,2025-11-04,Active,8270.49
C000460,Neelima Buch,Standard,Gwalior,Bihar,India,2024-05-29,Active,5085.93
C000461,Jyoti Madan,Standard,Ujjain,Madhya Pradesh,India,2025-08-19,Active,21215.38
C000462,Aashi Dar,Standard,Rewa,Gujarat,India,2025-05-14,Active,21471.82
C000463,Jagrati Reddy,Standard,Medininagar,Uttar Pradesh,India,2025-11-22,Active,18716.77
C000464,Ekavir Nadig,Premium,Bidar,Telangana,India,2024-05-27,Active,9857.78
C000465,Tanish Gera,Enterprise,Dehradun,Chhattisgarh,India,2025-05-17,Active,3039.63
C000466,Yashasvi Basak,Enterprise,Bijapur,Telangana,India,2025-08-11,Active,11851.71
C000467,Triya Sagar,Standard,Bhimavaram,Punjab,India,2024-06-29,Active,6845.72
C000468,Harsh Memon,Standard,Mangalore,Sikkim,India,2025-12-08,Active,19640.85
C000469,Hemal Bhargava,Premium,Navi Mumbai,Haryana,India,2025-04-25,Active,7147.98
C000470,Netra Thaman,Standard,Tiruvottiyur,Tamil Nadu,India,2026-03-11,Active,8695.53
C000471,Vritti Khatri,Premium,Ramgarh,Himachal Pradesh,India,2023-07-02,Active,8225.81
C000472,Pranav Pall,Standard,Unnao,Rajasthan,India,2024-07-05,Active,18329.96
C000473,Lipika Lanka,Standard,Dindigul,Gujarat,India,2026-02-08,Active,7929.05
C000474,Rohan Hayre,Enterprise,Sangli-Miraj & Kupwad,Kerala,India,2024-02-25,Active,1770.03
C000475,Zayan Salvi,Enterprise,Chandrapur,Kerala,India,2024-11-11,Active,14083.4
C000476,Alexander Ramachandran,Enterprise,Muzaffarpur,Andhra Pradesh,India,2025-11-20,Active,3536.7
C000477,Wyatt Gaba,Enterprise,Muzaffarnagar,Rajasthan,India,2025-03-09,Active,6860.11
C000478,Lohit Jha,Premium,Karimnagar,Chhattisgarh,India,2026-04-29,Active,11585.73
C000479,Bimala Jayaraman,Standard,Shivpuri,Haryana,India,2023-12-17,Active,8997.1
C000480,Lekha Babu,Premium,Raurkela Industrial Township,Rajasthan,India,2024-04-12,Active,10160.73
C000481,Omkaar Sachar,Premium,Hubli–Dharwad,Tripura,India,2025-07-17,Active,15838.1
C000482,Vasudha Shetty,Premium,Darbhanga,Bihar,India,2024-04-18,Active,5748.23
C000483,Gautam Wason,Standard,Rajahmundry,Goa,India,2025-01-10,Active,9585.26
C000484,Vasatika Lad,Standard,Allahabad,Himachal Pradesh,India,2026-04-02,Active,1869.9
C000485,Aashi Hans,Standard,Jamnagar,Uttar Pradesh,India,2026-06-06,Active,5132.8
C000486,Riya Saxena,Standard,Arrah,Rajasthan,India,2025-11-13,Active,6409.04
C000487,Anika Taneja,Standard,Bhimavaram,Karnataka,India,2024-10-21,Active,5848.4
C000488,Zinal Batta,Premium,Tiruvottiyur,Goa,India,2026-05-12,Active,7839.49
C000489,Oviya Pandey,Standard,Panihati,Assam,India,2024-07-31,Active,3535.06
C000490,Rachana Ghosh,Standard,Gandhidham,Chhattisgarh,India,2025-09-26,Active,8329.54
C000491,Imaran Dugar,Standard,Agartala,Gujarat,India,2023-10-14,Active,34523.4
C000492,Netra Arora,Standard,Lucknow,Punjab,India,2025-01-03,Inactive,9719.67
C000493,Pooja Vora,Standard,Shimoga,Uttar Pradesh,India,2024-11-26,Active,3861.44
C000494,Baljiwan Tak,Standard,Firozabad,Manipur,India,2025-06-02,Active,9495.35
C000495,Vaishnavi Suri,Standard,Madhyamgram,Sikkim,India,2025-02-25,Active,13885.02
C000496,Ronith Seth,Enterprise,Madanapalle,Maharashtra,India,2025-06-28,Active,7655.63
C000497,Max Arora,Enterprise,Chapra,Madhya Pradesh,India,2025-07-17,Active,7366.94
C000498,Thomas Randhawa,Standard,Navi Mumbai,Kerala,India,2026-06-10,Active,9283.1
C000499,Janani Menon,Standard,Pimpri-Chinchwad,Andhra Pradesh,India,2025-09-08,Inactive,17725.32
C000500,Yash Buch,Standard,Sikar,Nagaland,India,2024-07-01,Active,8299.65
C000501,Qasim Srivastava,Premium,Amravati,Mizoram,India,2023-11-01,Active,14741.52
C000502,Sneha Patil,Standard,Barasat,Assam,India,2025-11-20,Active,10129.05
C000503,Raagini Ganesan,Enterprise,Alappuzha,Tamil Nadu,India,2024-04-20,Active,7577.82
C000504,Daksh Butala,Standard,Mau,Manipur,India,2023-12-14,Active,17028.02
C000505,Ikbal Dayal,Standard,Gaya,Tripura,India,2025-04-04,Active,8612.99
C000506,Ikbal Minhas,Standard,Barasat,Mizoram,India,2024-07-13,Active,13808.42
C000507,Aayush Saran,Premium,Ambarnath,Manipur,India,2025-02-12,Active,12040.95
C000508,Damini Nadkarni,Standard,Udaipur,Odisha,India,2025-07-18,Active,16315.12
C000509,Osha Modi,Standard,Serampore,Karnataka,India,2024-03-29,Active,18548.34
C000510,Bishakha Badami,Standard,Hazaribagh,Himachal Pradesh,India,2025-09-19,Active,4601.63
C000511,Anamika Karpe,Premium,Jamalpur,Uttarakhand,India,2026-06-02,Active,16108.74
C000512,Maanas Ranganathan,Premium,Arrah,West Bengal,India,2023-07-06,Active,14002.3
C000513,Aahana Gera,Standard,Sultan Pur Majra,Odisha,India,2024-04-05,Active,4115.09
C000514,Chameli Rege,Premium,Bulandshahr,Uttar Pradesh,India,2023-11-12,Active,11853.46
C000515,Tarak Gola,Standard,Haldia,Telangana,India,2024-07-14,Active,10053.5
C000516,Agastya Ganesh,Standard,Kharagpur,Uttarakhand,India,2026-01-05,Active,12778.04
C000517,Deepa Sathe,Standard,Belgaum,Odisha,India,2026-02-24,Active,21601.22
C000518,Kritika Walla,Standard,Varanasi,Manipur,India,2025-01-15,Active,6835.37
C000519,Bhavya Singhal,Enterprise,Faridabad,Kerala,India,2026-04-05,Active,8740.07
C000520,Elijah Sarma,Standard,Hindupur,Mizoram,India,2024-04-16,Active,13177.82
C000521,Keya Thaman,Enterprise,Ahmednagar,Odisha,India,2026-06-24,Active,12439.35
C000522,Vedika Bandi,Standard,Gurgaon,Uttar Pradesh,India,2023-08-18,Active,11039.73
C000523,Sanaya Sarkar,Premium,Gulbarga,Nagaland,India,2023-10-21,Active,21082.4
C000524,Bimala Mann,Standard,Saharsa,Meghalaya,India,2025-05-05,Active,4991.18
C000525,Patrick Baria,Premium,Narasaraopet,Assam,India,2023-12-30,Active,4946.25
C000526,Anthony Mand,Standard,Unnao,Sikkim,India,2024-09-03,Active,8675.69
C000527,Aadi Chaudhuri,Premium,Tiruvottiyur,Bihar,India,2025-09-28,Active,8382.01
C000528,Victor Savant,Enterprise,Latur,Tripura,India,2024-11-25,Active,5405.39
C000529,Shravya Brar,Enterprise,Ozhukarai,Goa,India,2024-07-22,Active,10355.78
C000530,Kashish Prakash,Enterprise,Gandhidham,Haryana,India,2024-11-02,Active,1360.29
C000531,Abhimanyu Oommen,Standard,Chandigarh,Assam,India,2024-10-15,Active,12809.74
C000532,Hemang Sama,Enterprise,Agra,Himachal Pradesh,India,2024-06-06,Active,19253.72
C000533,Omaja Dara,Standard,Chandrapur,Karnataka,India,2023-08-01,Active,17012.11
C000534,Imaran Rana,Premium,Etawah,Maharashtra,India,2025-12-28,Active,23981.51
C000535,Bishakha Tata,Standard,Jabalpur,Kerala,India,2024-03-31,Active,8350.19
C000536,Warinder Bakshi,Standard,Kollam,Jharkhand,India,2026-02-07,Active,6051.95
C000537,Chakrika Sha,Premium,Bhalswa Jahangir Pur,Nagaland,India,2025-07-25,Active,4188.37
C000538,Jackson Agarwal,Enterprise,Morena,Uttar Pradesh,India,2025-12-20,Active,3948.05
C000539,Ekaja Sachar,Standard,Sambhal,Meghalaya,India,2024-05-02,Active,8774.56
C000540,Amara Borra,Premium,Bikaner,Goa,India,2026-04-07,Active,7764.69
C000541,Om Mani,Standard,Bellary,Punjab,India,2026-05-25,Active,6016.87
C000542,Baghyawati Bhatnagar,Enterprise,Allahabad,Chhattisgarh,India,2025-03-11,Active,10225.61
C000543,Vritti Gera,Standard,Kumbakonam,Chhattisgarh,India,2023-10-23,Active,6017.54
C000544,Falguni Ram,Standard,Guna,West Bengal,India,2026-06-20,Active,6176.44
C000545,Fariq Mohanty,Standard,Kozhikode,Chhattisgarh,India,2025-03-07,Active,3662.04
C000546,Jason Raja,Standard,Hyderabad,Madhya Pradesh,India,2024-08-20,Active,7043.19
C000547,Ikshita Raman,Premium,Dehradun,Arunachal Pradesh,India,2026-03-17,Active,9887.49
C000548,Lopa Basu,Premium,Bhusawal,Meghalaya,India,2023-07-24,Active,2242.44
C000549,Nathan Prakash,Standard,Morena,Himachal Pradesh,India,2025-08-28,Active,6136.98
C000550,Vyanjana Borra,Premium,Phusro,Assam,India,2024-07-14,Active,9997.98
C000551,Tanish Konda,Standard,Indore,Uttarakhand,India,2025-04-08,Active,11449.23
C000552,Wazir Modi,Standard,Nagpur,Assam,India,2023-06-30,Active,14528.39
C000553,Watika Patla,Premium,Raichur,Tripura,India,2024-10-23,Active,10611.01
C000554,Faris Gill,Standard,Ratlam,Maharashtra,India,2024-10-21,Active,9008.51
C000555,Pranav Gandhi,Standard,Nanded,Tripura,India,2024-03-06,Active,8206.04
C000556,Isaiah Bhandari,Premium,Aizawl,Telangana,India,2025-01-01,Active,16658.84
C000557,Reva Dhar,Standard,Agartala,Haryana,India,2025-11-15,Active,5613.96
C000558,Arjun Dugal,Standard,Proddatur,Karnataka,India,2025-06-27,Active,14839.33
C000559,Yuvraj Chakrabarti,Standard,Nanded,Odisha,India,2026-01-28,Active,6316.51
C000560,Warjas Dalal,Enterprise,Serampore,Kerala,India,2023-11-08,Active,13514.05
C000561,Yagnesh Malhotra,Standard,Begusarai,Himachal Pradesh,India,2024-10-25,Active,3085.51
C000562,Gabriel Gole,Standard,Mathura,Andhra Pradesh,India,2023-11-10,Active,4826.96
C000563,Vritti Devan,Standard,Firozabad,Uttar Pradesh,India,2024-12-11,Active,8175.82
C000564,Eshana Saran,Standard,Udupi,Arunachal Pradesh,India,2026-01-06,Active,6730.26
C000565,Yug Baral,Standard,Giridih,Kerala,India,2025-03-29,Active,8201.13
C000566,Darpan Bhattacharyya,Standard,Rewa,Uttarakhand,India,2025-08-06,Active,9040.84
C000567,Kritika Bhat,Premium,Raurkela Industrial Township,Sikkim,India,2025-11-15,Active,10574.31
C000568,Jagat Tara,Standard,Mira-Bhayandar,Madhya Pradesh,India,2025-07-16,Inactive,7232.3
C000569,Eesha Oza,Standard,Udaipur,Haryana,India,2025-05-06,Active,8651.9
C000570,Jagrati Arya,Standard,Dindigul,Rajasthan,India,2026-02-10,Active,12122.59
C000571,Nisha Koshy,Enterprise,Raipur,Odisha,India,2026-02-24,Active,7823.67
C000572,Nachiket Agrawal,Standard,Madanapalle,Manipur,India,2026-01-22,Active,8662.53
C000573,Tejas Kuruvilla,Standard,Morena,Rajasthan,India,2024-02-27,Active,11481.33
C000574,Ansh Kaur,Standard,Tinsukia,Punjab,India,2025-06-18,Active,12572.92
C000575,Tanmayi Balakrishnan,Standard,Bijapur,Nagaland,India,2025-10-01,Active,11779.39
C000576,Farhan Mahajan,Premium,Bangalore,Telangana,India,2024-09-27,Active,2581.23
C000577,Nathaniel Doshi,Premium,Dhule,Himachal Pradesh,India,2023-08-08,Active,13233.39
C000578,Gayathri More,Standard,Tirupati,Kerala,India,2025-02-25,Active,15511.73
C000579,Neha Rege,Premium,Sikar,Goa,India,2024-06-22,Active,22100.65
C000580,Bhavika Karpe,Standard,Anand,Uttarakhand,India,2025-03-06,Active,10435.8
C000581,Dhriti Chandra,Enterprise,Pune,Telangana,India,2025-12-17,Active,11592.8
C000582,Aarush Sankar,Premium,Gopalpur,Goa,India,2025-06-26,Active,12475.79
C000583,Lavanya Madan,Premium,Bhilwara,Meghalaya,India,2023-09-15,Active,7508.69
C000584,Balvan Varty,Standard,Chapra,Manipur,India,2025-09-20,Active,3029.1
C000585,Udant Edwin,Premium,Dibrugarh,Meghalaya,India,2023-08-29,Active,16631.87
C000586,Veda Kibe,Standard,Amaravati,Uttar Pradesh,India,2025-12-26,Active,15208.48
C000587,Arya Vyas,Standard,Munger,Sikkim,India,2024-01-20,Active,10277.41
C000588,Vedika Taneja,Standard,Darbhanga,Mizoram,India,2023-08-07,Inactive,8254.06
C000589,Rachita Thaker,Standard,Dibrugarh,Manipur,India,2024-09-11,Active,8461.4
C000590,Pranav Kamdar,Premium,Gangtok,Gujarat,India,2025-09-20,Active,12311.81
C000591,Tara Merchant,Enterprise,Tumkur,Goa,India,2025-12-13,Active,1066.24
C000592,Peter Khalsa,Standard,Hubli–Dharwad,Madhya Pradesh,India,2024-11-23,Active,5942.26
C000593,Chakradhar Garg,Standard,Morbi,Andhra Pradesh,India,2025-08-31,Active,11256.62
C000594,Pranit Sant,Premium,Ratlam,Maharashtra,India,2025-05-15,Inactive,14528.31
C000595,Indrajit Thaker,Premium,Raurkela Industrial Township,Bihar,India,2024-05-17,Active,11848.79
C000596,Tarak Dyal,Standard,Ballia,Uttarakhand,India,2026-02-07,Active,13557.01
C000597,Nikita Thaman,Standard,Medininagar,Assam,India,2024-10-31,Active,13272.44
C000598,Ansh Nair,Premium,North Dumdum,Bihar,India,2026-05-30,Active,8407.99
C000599,Ridhi Prabhu,Premium,Secunderabad,Kerala,India,2025-04-08,Active,6043.13
C000600,Zayan Minhas,Standard,Gandhidham,Tripura,India,2026-03-27,Inactive,2761.49
C000601,George Mane,Standard,Hindupur,Chhattisgarh,India,2026-05-20,Active,10226.11
C000602,Zarna Merchant,Premium,Dehradun,Jharkhand,India,2025-02-19,Active,3423.72
C000603,Sathvik Mital,Standard,Mirzapur,Maharashtra,India,2026-06-02,Active,5978.73
C000604,Harrison Nagy,Standard,Aizawl,Arunachal Pradesh,India,2025-02-12,Active,7957.81
C000605,Atharv Patla,Standard,Jhansi,Uttar Pradesh,India,2026-01-14,Inactive,2531.04
C000606,Nicholas Brahmbhatt,Standard,Naihati,Nagaland,India,2025-10-24,Active,978.51
C000607,Shaurya Suresh,Standard,Akola,Uttarakhand,India,2023-10-14,Active,10075.25
C000608,Jagdish Naik,Premium,Karawal Nagar,Madhya Pradesh,India,2026-04-22,Active,11641.38
C000609,Nikita Parikh,Standard,Ghaziabad,Odisha,India,2026-01-03,Active,11805.58
C000610,Bachittar Bhatnagar,Standard,Agartala,Odisha,India,2024-08-28,Active,6226.96
C000611,Simon Wadhwa,Premium,Karaikudi,Bihar,India,2023-08-16,Active,7343.65
C000612,Krisha Bala,Premium,Sambalpur,Chhattisgarh,India,2024-01-17,Active,7684.88
C000613,Jalsa Khanna,Premium,Bhilai,Manipur,India,2025-07-06,Active,9929.84
C000614,Rushil Ratti,Standard,Jalandhar,Uttar Pradesh,India,2025-06-06,Active,4115.39
C000615,Qabil Dewan,Standard,Junagadh,Goa,India,2023-08-01,Active,5777.5
C000616,Oviya Saxena,Standard,Guntakal,Punjab,India,2025-04-15,Active,11165.81
C000617,Yashawini Basak,Standard,Agra,Chhattisgarh,India,2025-08-28,Active,8681.36
C000618,Xavier Behl,Standard,Ambala,Assam,India,2023-11-11,Active,14608.32
C000619,Rushil Goyal,Standard,Avadi,Punjab,India,2024-11-07,Inactive,16448.88
C000620,Daksha Sehgal,Standard,Bidar,Gujarat,India,2024-06-24,Active,12441.72
C000621,Panini Sachar,Standard,Sasaram,Assam,India,2026-01-28,Inactive,16221.98
C000622,Azad Sekhon,Standard,Bhiwani,Rajasthan,India,2024-02-06,Active,6775.68
C000623,Chatresh Minhas,Premium,Sirsa,Mizoram,India,2024-07-15,Active,4476.77
C000624,Jacob Basak,Standard,Karawal Nagar,Kerala,India,2025-12-22,Active,12479.52
C000625,Vasana Mammen,Enterprise,Hosur,Tripura,India,2025-09-27,Active,4724.28
C000626,Harish Prabhakar,Standard,Shimla,Karnataka,India,2025-01-11,Active,11089.24
C000627,Kiaan Ghose,Standard,Durg,Karnataka,India,2024-10-22,Active,5491.01
C000628,Janaki Kashyap,Standard,Shimoga,Nagaland,India,2025-09-13,Active,7681.8
C000629,Anusha Morar,Premium,Muzaffarpur,Odisha,India,2024-08-25,Active,12368.01
C000630,Upasna Dada,Standard,Nashik,Arunachal Pradesh,India,2025-03-12,Active,8115.3
C000631,Lavanya Mann,Standard,Giridih,Uttarakhand,India,2023-08-29,Active,5182.98
C000632,Caleb Kanda,Premium,Tenali,Bihar,India,2024-11-19,Active,9274.64
C000633,Girish Grewal,Standard,Korba,Goa,India,2025-03-14,Active,12043.17
C000634,Bahadurjit Kari,Standard,Guntakal,Himachal Pradesh,India,2024-05-16,Inactive,12779.76
C000635,Qadim Mandal,Standard,Singrauli,Manipur,India,2023-07-09,Active,12301.65
C000636,Tara Venkataraman,Standard,Tirunelveli,Mizoram,India,2026-01-19,Active,4422.39
C000637,Oni Anand,Standard,Miryalaguda,Haryana,India,2025-03-31,Active,3783.29
C000638,Ekantika Parmar,Standard,Vellore,Uttar Pradesh,India,2024-07-05,Active,10021.77
C000639,Bina Bahl,Standard,Ahmednagar,Uttarakhand,India,2024-07-13,Active,10384.8
C000640,Eesha Sur,Premium,Latur,Gujarat,India,2024-09-08,Active,8681.2
C000641,Caleb Balasubramanian,Standard,Kumbakonam,Maharashtra,India,2025-08-28,Active,3336.02
C000642,Reyansh Batra,Enterprise,Bellary,Meghalaya,India,2025-02-21,Active,9267.02
C000643,Neel Mann,Premium,Mysore,Madhya Pradesh,India,2024-01-24,Active,10316.01
C000644,Aarini Chowdhury,Premium,Tinsukia,Nagaland,India,2025-04-07,Active,16772.71
C000645,Dayamai Karnik,Premium,Mira-Bhayandar,Manipur,India,2024-08-30,Active,12103.98
C000646,Omya Bal,Standard,Nashik,Madhya Pradesh,India,2026-02-07,Active,5807.11
C000647,Mason Arora,Standard,Khora ,Karnataka,India,2023-10-09,Active,4368.22
C000648,Ekiya Dalal,Standard,Gudivada,Tripura,India,2025-07-05,Active,5721.78
C000649,Daksha Khurana,Enterprise,Hyderabad,Bihar,India,2023-12-26,Active,23249.2
C000650,Mohini Sarin,Standard,Madanapalle,Chhattisgarh,India,2025-07-13,Active,8286.69
C000651,Jackson Bose,Standard,Gopalpur,Himachal Pradesh,India,2024-04-15,Active,7559.79
C000652,Kritika Kara,Premium,Haldia,Uttarakhand,India,2025-08-20,Active,3900.09
C000653,Madhavi Dyal,Standard,Siliguri,Bihar,India,2025-03-12,Inactive,7948.5
C000654,Faris Lad,Enterprise,Kishanganj,Maharashtra,India,2024-07-19,Active,3447.2
C000655,Neel Chandra,Standard,Sirsa,Assam,India,2026-01-04,Active,11561.93
C000656,Manbir Subramanian,Enterprise,Chennai,Uttar Pradesh,India,2024-07-24,Active,11360.33
C000657,Darsh Bora,Premium,Bongaigaon,Jharkhand,India,2024-07-31,Active,9258.64
C000658,Yashica Shan,Premium,Anantapur,Jharkhand,India,2025-07-21,Active,5308.08
C000659,Watika Narayan,Standard,Sirsa,West Bengal,India,2023-12-30,Active,11619.21
C000660,Rudra Shankar,Premium,Jamshedpur,Mizoram,India,2026-01-17,Active,4389.19
C000661,Shivani Ravi,Standard,Proddatur,Uttar Pradesh,India,2025-02-03,Active,12375.78
C000662,Wriddhish Hayre,Standard,Junagadh,Goa,India,2023-12-13,Active,23339.98
C000663,Wazir Murthy,Standard,Mahbubnagar,Gujarat,India,2023-08-03,Active,8034.24
C000664,Mohini Sandhu,Enterprise,Sasaram,Uttarakhand,India,2026-04-01,Active,6396.19
C000665,Lekha Srinivasan,Standard,Raiganj,Maharashtra,India,2024-09-29,Active,17058.34
C000666,Gaurav Korpal,Standard,Bathinda,Assam,India,2025-12-01,Active,6264.33
C000667,Damyanti Kar,Standard,Bahraich,Goa,India,2024-06-08,Active,13496.3
C000668,Ekavir Magar,Premium,Baranagar,Arunachal Pradesh,India,2024-03-12,Active,9235.16
C000669,Yauvani Vala,Premium,Sambalpur,Chhattisgarh,India,2026-02-25,Active,5316.39
C000670,Tanmayi Chawla,Enterprise,Muzaffarnagar,Jharkhand,India,2023-09-16,Active,9683.0
C000671,Madhav Banik,Standard,Srinagar,West Bengal,India,2024-12-11,Active,12258.6
C000672,Gagan Wali,Standard,Gurgaon,Mizoram,India,2025-04-08,Active,8290.8
C000673,Upadhriti Borde,Standard,Hajipur,Manipur,India,2025-03-01,Active,14324.45
C000674,Ayush Misra,Standard,Tirupati,Himachal Pradesh,India,2025-09-17,Active,14101.52
C000675,Warhi Upadhyay,Premium,Thiruvananthapuram,Kerala,India,2023-10-21,Active,7296.35
C000676,Gaurika Sawhney,Standard,Tezpur,Himachal Pradesh,India,2023-11-08,Active,11420.37
C000677,Saanvi Kapur,Standard,Tenali,Meghalaya,India,2024-04-09,Active,11241.49
C000678,Ethan Raja,Premium,Chandrapur,Bihar,India,2025-06-07,Active,3016.41
C000679,Naveen Bajaj,Premium,Kota,Himachal Pradesh,India,2025-06-14,Active,10783.61
C000680,Tristan Chadha,Premium,Agra,Gujarat,India,2024-07-05,Active,6297.53
C000681,Forum Raghavan,Premium,Jabalpur,West Bengal,India,2025-06-13,Active,9331.13
C000682,Divya Pandya,Premium,Srikakulam,Kerala,India,2024-11-24,Active,12818.7
C000683,Ekalinga Peri,Standard,Ramagundam,Arunachal Pradesh,India,2026-03-08,Active,4693.7
C000684,Aditya Buch,Standard,Adoni,Mizoram,India,2026-03-23,Active,7118.38
C000685,Nidhi Deshmukh,Enterprise,Bharatpur,Himachal Pradesh,India,2023-12-18,Active,11561.3
C000686,Anusha Karnik,Standard,Thrissur,Rajasthan,India,2026-03-14,Active,20265.08
C000687,Veda Sheth,Standard,Ambattur,Maharashtra,India,2025-05-12,Active,14696.41
C000688,Lucky Tailor,Standard,Shahjahanpur,Kerala,India,2025-04-11,Active,12646.34
C000689,Amruta Yogi,Standard,Phusro,Tripura,India,2024-09-27,Active,3689.72
C000690,Ishani Basu,Standard,Avadi,Goa,India,2025-02-13,Active,12388.69
C000691,Siddharth Jha,Standard,Chinsurah,Jharkhand,India,2024-08-15,Active,8317.35
C000692,Nitara Pandey,Enterprise,Bareilly,Odisha,India,2026-01-27,Active,12738.36
C000693,Parth Sehgal,Standard,Gopalpur,Chhattisgarh,India,2026-04-20,Active,11336.59
C000694,Nitesh Natt,Standard,Kulti,West Bengal,India,2025-08-24,Inactive,11435.69
C000695,Upma Tailor,Standard,Bhimavaram,Mizoram,India,2024-09-30,Inactive,13424.01
C000696,Bishakha Menon,Standard,Panchkula,Nagaland,India,2026-03-18,Active,12915.71
C000697,Tanveer De,Premium,Delhi,Mizoram,India,2024-12-06,Active,13861.85
C000698,Aditya Murty,Standard,Kulti,Maharashtra,India,2026-03-14,Inactive,3651.25
C000699,Dakshesh Dhawan,Standard,Maheshtala,Meghalaya,India,2026-02-12,Active,7561.54
C000700,Aradhana Madan,Premium,Loni,Rajasthan,India,2024-12-24,Active,12935.52
C000701,Ishanvi Banerjee,Standard,Guntakal,Manipur,India,2024-10-30,Active,11333.21
C000702,Ikshita Brahmbhatt,Premium,Jodhpur,Tripura,India,2024-05-22,Active,7060.17
C000703,Hemang Dave,Enterprise,Ratlam,Sikkim,India,2023-12-03,Active,5625.71
C000704,Qushi Pradhan,Standard,Ramagundam,Karnataka,India,2024-09-19,Active,16278.49
C000705,Eiravati Som,Premium,Sambalpur,Chhattisgarh,India,2025-09-01,Active,10475.05
C000706,Indali Jain,Standard,Cuttack,Manipur,India,2023-08-10,Active,5069.19
C000707,Wyatt Jayaraman,Standard,Jamnagar,Arunachal Pradesh,India,2025-01-21,Active,4096.34
C000708,Janya Ramanathan,Premium,Agra,Rajasthan,India,2023-08-20,Active,6833.51
C000709,Andrew Das,Standard,Agartala,Bihar,India,2025-02-17,Active,3181.87
C000710,Abha Pillay,Enterprise,Ongole,Nagaland,India,2024-10-18,Active,15623.75
C000711,Krishna Boase,Standard,Ghaziabad,West Bengal,India,2025-03-24,Active,17996.25
C000712,Praneel Parmer,Standard,Mysore,Nagaland,India,2024-11-03,Active,10912.88
C000713,Triveni Edwin,Standard,Secunderabad,Bihar,India,2025-01-18,Active,8935.73
C000714,Falak Lalla,Premium,Ramagundam,Punjab,India,2025-06-11,Active,14122.66
C000715,Brijesh Ratta,Standard,Purnia,Jharkhand,India,2024-07-24,Active,15069.31
C000716,Ronith Verma,Premium,Gangtok,Jharkhand,India,2023-06-29,Active,5423.9
C000717,Shivani Mohan,Enterprise,Begusarai,Odisha,India,2025-05-05,Active,5151.6
C000718,Udarsh Sagar,Premium,Sasaram,Kerala,India,2025-09-23,Inactive,6790.78
C000719,Agastya Viswanathan,Standard,Jorhat,Kerala,India,2024-07-17,Active,7926.74
C000720,Yashodhara Batra,Premium,Udaipur,Sikkim,India,2023-11-16,Inactive,13625.4
C000721,Alka Sen,Standard,Rohtak,Uttar Pradesh,India,2025-07-11,Active,4695.32
C000722,Faras Dyal,Standard,Kadapa,Arunachal Pradesh,India,2024-10-01,Active,12068.21
C000723,Varenya Narasimhan,Standard,Ahmednagar,Nagaland,India,2025-02-17,Active,10895.69
C000724,Harinakshi Maharaj,Standard,Vijayanagaram,Jharkhand,India,2023-08-29,Active,3617.06
C000725,Udarsh Bumb,Enterprise,Amritsar,Meghalaya,India,2026-02-12,Active,11855.43
C000726,Abdul Vala,Premium,Moradabad,Assam,India,2026-03-16,Active,9054.38
C000727,Wriddhish Sarkar,Standard,Bhilai,Andhra Pradesh,India,2026-05-16,Active,8357.09
C000728,Saanvi Pai,Standard,Dehradun,Uttarakhand,India,2025-05-24,Active,20352.0
C000729,Chaaya Goda,Premium,Belgaum,Odisha,India,2024-12-07,Active,17497.7
C000730,Isaac Lata,Premium,Uluberia,Tamil Nadu,India,2024-10-09,Active,5903.3
C000731,Ranveer Deep,Premium,Panchkula,Haryana,India,2026-03-18,Active,6242.4
C000732,Arya Gera,Standard,Latur,Andhra Pradesh,India,2023-12-28,Active,6660.82
C000733,Radhika Chadha,Standard,Khandwa,Uttar Pradesh,India,2024-02-17,Active,10361.15
C000734,Krishna Jayaraman,Enterprise,Bongaigaon,Punjab,India,2023-11-14,Active,11674.48
C000735,Hemal Chakrabarti,Standard,Guna,Kerala,India,2025-08-02,Active,4426.64
C000736,Lucky Rajagopalan,Standard,Katni,Karnataka,India,2023-10-15,Inactive,15322.29
C000737,Mitali Halder,Standard,Udaipur,Kerala,India,2023-10-29,Active,25778.15
C000738,Zayan Saxena,Standard,Guwahati,Andhra Pradesh,India,2026-01-27,Active,4135.82
C000739,Kabir Kala,Standard,Jalgaon,Rajasthan,India,2025-03-13,Active,12899.96
C000740,Siya Aggarwal,Enterprise,Bhavnagar,Arunachal Pradesh,India,2025-12-29,Active,6779.51
C000741,Faqid Bala,Premium,Hazaribagh,Telangana,India,2026-01-06,Active,13928.09
C000742,Gabriel Kota,Premium,Fatehpur,Arunachal Pradesh,India,2024-07-07,Active,7002.86
C000743,Ganga Shenoy,Standard,Aurangabad,Gujarat,India,2024-04-04,Active,17959.74
C000744,Girish Kothari,Premium,Jamnagar,Mizoram,India,2024-03-24,Active,13494.73
C000745,Falguni Kuruvilla,Standard,Dindigul,Nagaland,India,2024-05-19,Active,10892.8
C000746,Yochana Mani,Standard,Surat,Haryana,India,2025-06-27,Active,31772.26
C000747,Yochana Goel,Standard,Sirsa,Odisha,India,2024-11-03,Active,16509.38
C000748,Victor Kashyap,Standard,Bhind,Gujarat,India,2023-12-30,Active,8579.12
C000749,Manya Solanki,Standard,Jalgaon,Bihar,India,2025-12-29,Inactive,10827.56
C000750,Balvan Mann,Premium,Shivpuri,Jharkhand,India,2026-05-15,Active,10031.27
C000751,Nimrat Bir,Enterprise,Bareilly,Mizoram,India,2024-10-05,Active,32170.41
C000752,Darsh Dixit,Enterprise,Muzaffarpur,Tripura,India,2025-03-27,Active,22956.68
C000753,Niharika Mann,Standard,Meerut,Madhya Pradesh,India,2023-07-02,Active,4748.77
C000754,Hemal Oommen,Premium,Amravati,Nagaland,India,2024-09-18,Active,14676.48
C000755,Yuvraj Dara,Premium,Rampur,Assam,India,2026-02-20,Active,14303.86
C000756,Charan Dua,Premium,Agra,Odisha,India,2024-12-22,Active,6172.12
C000757,Harita Arora,Premium,Amroha,Kerala,India,2025-01-19,Active,4365.51
C000758,Jeremiah Murty,Premium,Anantapuram,Tamil Nadu,India,2025-11-27,Active,4026.93
C000759,Azaan Vora,Enterprise,Bhilai,Uttarakhand,India,2023-12-19,Active,6720.11
C000760,Keya Shankar,Standard,Bhavnagar,Nagaland,India,2026-01-17,Active,21357.02
C000761,Finn Dasgupta,Premium,Burhanpur,Telangana,India,2025-09-30,Active,11161.16
C000762,Timothy Mall,Enterprise,Rewa,Himachal Pradesh,India,2024-03-15,Active,5119.26
C000763,Vansha Mohan,Premium,Phusro,Odisha,India,2025-03-21,Active,9583.01
C000764,Amruta Khalsa,Standard,Bidhannagar,Madhya Pradesh,India,2025-09-02,Active,13920.89
C000765,Ekalinga Pal,Standard,Bokaro,Karnataka,India,2026-01-20,Active,8088.75
C000766,Onveer Narayanan,Standard,Bharatpur,Uttarakhand,India,2024-07-23,Active,28307.0
C000767,Gavin Rout,Standard,Ghaziabad,Madhya Pradesh,India,2024-03-03,Active,4807.44
C000768,Caleb Bajwa,Standard,Berhampore,Tripura,India,2025-10-05,Active,11065.86
C000769,Faris Narula,Standard,Unnao,Tripura,India,2023-08-24,Active,11158.68
C000770,Quincy Ramanathan,Standard,Sri Ganganagar,West Bengal,India,2024-10-31,Active,5845.4
C000771,Deepa Buch,Standard,Guntur,Nagaland,India,2025-07-26,Active,8865.92
C000772,Faras Pathak,Premium,Pimpri-Chinchwad,Telangana,India,2023-09-07,Active,13857.61
C000773,Qasim Ben,Premium,Bidhannagar,Rajasthan,India,2025-11-28,Active,2069.08
C000774,Zilmil Dutt,Standard,Satara,Andhra Pradesh,India,2025-03-31,Active,2798.36
C000775,Vidhi Chowdhury,Standard,Muzaffarpur,Mizoram,India,2024-11-23,Active,12464.85
C000776,Pavani Bhandari,Standard,Alappuzha,Tamil Nadu,India,2023-10-17,Active,14166.56
C000777,Sachi Bhattacharyya,Premium,Pune,Karnataka,India,2025-06-03,Active,16724.28
C000778,Brinda Panchal,Standard,Firozabad,Haryana,India,2024-10-20,Active,12342.35
C000779,Lakshit Bhatnagar,Premium,Bhatpara,Madhya Pradesh,India,2024-10-24,Active,12752.77
C000780,Matthew Sankar,Standard,Hazaribagh,Uttarakhand,India,2025-02-21,Active,9573.84
C000781,Ayaan Kibe,Standard,Nagpur,Odisha,India,2026-01-04,Active,17712.24
C000782,Rohan Nadkarni,Premium,Saharsa,Assam,India,2026-05-31,Active,10660.97
C000783,Azaan Saxena,Standard,Aurangabad,Maharashtra,India,2025-07-16,Active,11567.58
C000784,Radhika Murty,Enterprise,Mira-Bhayandar,Jharkhand,India,2026-01-15,Active,5059.03
C000785,Lohit Saran,Standard,Alappuzha,Bihar,India,2026-05-18,Active,11206.6
C000786,Laban Gopal,Standard,Bhusawal,Karnataka,India,2023-10-01,Active,7504.93
C000787,Harish Subramaniam,Standard,Rajpur Sonarpur,Arunachal Pradesh,India,2026-05-30,Active,3950.1
C000788,Udarsh Chana,Standard,Khammam,Tamil Nadu,India,2023-08-20,Active,11835.77
C000789,Yasti Uppal,Standard,North Dumdum,Meghalaya,India,2023-06-30,Active,15038.2
C000790,Abdul Halder,Enterprise,Hospet,Manipur,India,2023-12-07,Active,4612.06
C000791,Omya Ganguly,Standard,Tezpur,Haryana,India,2025-10-06,Active,5514.8
C000792,Ishita Bassi,Standard,Pallavaram,Tamil Nadu,India,2024-05-07,Active,12072.94
C000793,Yadavi Gala,Premium,Nangloi Jat,Bihar,India,2025-09-01,Active,12499.67
C000794,Hemani Narula,Standard,Indore,Haryana,India,2024-02-16,Active,10944.44
C000795,Dayita Rattan,Standard,Kumbakonam,Punjab,India,2023-08-01,Active,3530.97
C000796,Edhitha Mannan,Enterprise,Gwalior,Andhra Pradesh,India,2023-08-27,Active,10866.01
C000797,Indrajit Dave,Standard,Raichur,Meghalaya,India,2023-06-26,Active,10764.97
C000798,Vasatika Raval,Enterprise,Panvel,Assam,India,2024-01-11,Active,13287.75
C000799,Tejas Toor,Enterprise,Mathura,Chhattisgarh,India,2023-09-25,Active,12422.35
C000800,Karan Salvi,Standard,Saharsa,Mizoram,India,2024-09-23,Active,8979.78
C000801,Maanav Kata,Standard,Phagwara,Maharashtra,India,2025-10-21,Active,8537.77
C000802,Noah Wason,Premium,South Dumdum,Rajasthan,India,2024-01-29,Active,12478.72
C000803,Charan Kaur,Premium,Hajipur,Manipur,India,2024-03-04,Active,17113.66
C000804,Varenya Goda,Standard,Vadodara,Bihar,India,2023-11-23,Active,10412.69
C000805,Aayush Parikh,Enterprise,Dharmavaram,Mizoram,India,2025-09-26,Active,15135.02
C000806,Ranveer Parmer,Standard,Akola,Meghalaya,India,2023-07-19,Active,11773.84
C000807,Advik Anand,Enterprise,Arrah,Punjab,India,2024-12-14,Active,3967.22
C000808,Bakhshi Kalita,Premium,Sagar,Punjab,India,2024-12-27,Inactive,12498.94
C000809,Radhika Dua,Premium,Alwar,Odisha,India,2024-09-09,Active,14090.96
C000810,Ikbal Biswas,Standard,Bahraich,Telangana,India,2024-07-17,Active,22137.16
C000811,Madhavi Lal,Standard,Jorhat,Mizoram,India,2024-10-08,Active,9184.37
C000812,Krishna Prashad,Standard,Gulbarga,Assam,India,2023-12-22,Active,12133.91
C000813,Hemang Tara,Standard,Jorhat,Chhattisgarh,India,2025-08-18,Active,5567.01
C000814,Warda Bala,Premium,Bellary,Arunachal Pradesh,India,2024-01-04,Active,18801.01
C000815,Kai Pandit,Standard,Pudukkottai,Tripura,India,2024-04-27,Inactive,13892.61
C000816,Hredhaan Naik,Standard,Miryalaguda,Punjab,India,2023-07-13,Active,10371.12
C000817,Omisha Barad,Enterprise,Dewas,Madhya Pradesh,India,2025-12-01,Active,4686.9
C000818,Darika Sura,Standard,Bikaner,Rajasthan,India,2026-03-30,Active,8817.21
C000819,Vamakshi Nanda,Standard,Madanapalle,Uttarakhand,India,2024-03-18,Active,7170.05
C000820,Yuvraj Desai,Standard,Haldia,Manipur,India,2024-05-31,Active,12522.63
C000821,Jyoti Kohli,Standard,Malegaon,Chhattisgarh,India,2025-06-14,Inactive,5830.24
C000822,Charan Kar,Enterprise,Jabalpur,Arunachal Pradesh,India,2025-08-04,Active,9006.7
C000823,Yochana Bera,Premium,Patiala,Karnataka,India,2023-10-13,Active,11520.44
C000824,Kashvi Seth,Enterprise,Kollam,Manipur,India,2025-10-13,Active,8216.08
C000825,Vrinda Rama,Premium,Phusro,Uttarakhand,India,2024-07-30,Active,6037.06
C000826,Inaya Varty,Standard,Ahmednagar,Goa,India,2024-03-10,Active,7994.18
C000827,Rudra Deo,Standard,Udaipur,Madhya Pradesh,India,2025-05-29,Inactive,8058.51
C000828,Keya Sibal,Standard,Siwan,Punjab,India,2023-08-20,Active,4528.96
C000829,Balendra Wable,Premium,Mangalore,Maharashtra,India,2026-01-09,Active,5028.43
C000830,Xiti Dhar,Standard,Ulhasnagar,Sikkim,India,2024-11-25,Active,12320.39
C000831,Onveer Jain,Standard,Jamalpur,Chhattisgarh,India,2026-03-17,Active,6748.77
C000832,Harita Majumdar,Premium,Guwahati,Andhra Pradesh,India,2024-09-05,Active,12193.14
C000833,Keya Grover,Premium,Dharmavaram,Jharkhand,India,2025-11-21,Active,2999.83
C000834,Advay Saha,Premium,Dhule,Tamil Nadu,India,2024-01-14,Active,8717.22
C000835,Aryan Dass,Standard,Kolhapur,West Bengal,India,2023-07-25,Active,3021.76
C000836,Chanakya Sahni,Premium,Katihar,Odisha,India,2024-12-30,Active,20264.68
C000837,Ekansh De,Standard,Karnal,Uttar Pradesh,India,2023-12-06,Active,7713.23
C000838,Prisha Mangal,Standard,Bhubaneswar,Himachal Pradesh,India,2025-03-22,Active,7895.38
C000839,Irya Khare,Standard,Dehri,Telangana,India,2024-07-18,Active,13836.99
C000840,Viraj Prasad,Standard,Surendranagar Dudhrej,Punjab,India,2025-02-25,Active,14517.41
C000841,Hemangini Rana,Standard,Thoothukudi,Kerala,India,2023-09-19,Active,7521.71
C000842,Pallavi Bumb,Premium,Thane,Rajasthan,India,2025-04-22,Active,21637.31
C000843,Rishi Soni,Standard,Dindigul,Mizoram,India,2026-05-14,Active,19361.33
C000844,Onkar Choudhary,Standard,Raichur,Maharashtra,India,2024-08-17,Active,10244.05
C000845,Gaurangi Talwar,Standard,Hindupur,Madhya Pradesh,India,2024-09-17,Active,4853.24
C000846,Oni Divan,Standard,Mysore,Manipur,India,2026-04-24,Active,4829.59
C000847,Hredhaan Parekh,Standard,Aligarh,Odisha,India,2025-12-27,Active,10263.48
C000848,Eesha Sule,Standard,Thanjavur,Rajasthan,India,2026-05-24,Active,6851.58
C000849,Nicholas Choudhry,Premium,Sangli-Miraj & Kupwad,Bihar,India,2026-01-04,Active,11683.64
C000850,Nimrat Srivastava,Premium,Lucknow,Mizoram,India,2023-12-15,Active,11972.66
C000851,Unnati Joshi,Premium,Bellary,Assam,India,2024-11-21,Active,16398.38
C000852,Urvi Dhaliwal,Premium,Jaipur,Manipur,India,2024-11-07,Active,5374.64
C000853,Rachita Datta,Enterprise,Bidhannagar,Chhattisgarh,India,2024-05-15,Active,6327.12
C000854,Advika Pillai,Standard,Nagaon,Assam,India,2024-06-13,Active,1301.74
C000855,Chakradev Bansal,Enterprise,Barasat,Himachal Pradesh,India,2024-11-26,Active,6976.46
C000856,Chatresh Minhas,Standard,Ongole,Uttarakhand,India,2024-02-23,Active,9859.65
C000857,Waida Issac,Enterprise,Bihar Sharif,Nagaland,India,2026-03-21,Active,2282.46
C000858,Urishilla Baria,Premium,Bhavnagar,Meghalaya,India,2023-12-13,Active,2371.61
C000859,Anthony Issac,Premium,Rourkela,Telangana,India,2025-03-04,Active,20149.91
C000860,Faras Chander,Premium,Proddatur,Haryana,India,2024-10-16,Active,6700.44
C000861,Rohan Kashyap,Standard,Hubli–Dharwad,Haryana,India,2025-08-02,Active,10836.28
C000862,Dayamai Magar,Standard,Khora ,Maharashtra,India,2024-04-16,Active,6835.35
C000863,Arya Mannan,Premium,Imphal,Rajasthan,India,2025-12-11,Active,10991.93
C000864,Nathan Uppal,Enterprise,Tiruchirappalli,Haryana,India,2026-04-10,Active,9644.19
C000865,Yochana Apte,Premium,Visakhapatnam,Meghalaya,India,2024-04-08,Active,16874.81
C000866,Jagat Wali,Enterprise,Panipat,Jharkhand,India,2024-09-06,Active,8621.44
C000867,Harrison Taneja,Standard,Guna,Meghalaya,India,2026-01-04,Active,10233.42
C000868,Isha Thakkar,Enterprise,Bhalswa Jahangir Pur,Uttar Pradesh,India,2024-10-03,Active,5534.71
C000869,Lipika Bhavsar,Enterprise,Hajipur,Sikkim,India,2024-06-07,Active,14542.48
C000870,Balendra Goswami,Standard,Noida,Rajasthan,India,2026-03-16,Active,6568.67
C000871,Nitara More,Standard,Purnia,Himachal Pradesh,India,2024-09-15,Active,8111.11
C000872,Krisha Tandon,Enterprise,Phusro,Tamil Nadu,India,2024-06-22,Active,12587.28
C000873,Falguni Garg,Premium,Navi Mumbai,Bihar,India,2024-07-08,Active,8284.61
C000874,Unnati Varughese,Premium,Ambattur,Haryana,India,2026-03-04,Inactive,9580.66
C000875,Gayathri Rama,Standard,Morbi,Andhra Pradesh,India,2024-04-22,Active,11587.08
C000876,Shivansh Banik,Standard,Khammam,West Bengal,India,2025-08-05,Active,18545.96
C000877,Jatin Banerjee,Premium,Secunderabad,Nagaland,India,2025-12-16,Active,5333.13
C000878,Karan Choudhary,Enterprise,Baranagar,Karnataka,India,2025-11-17,Active,20333.91
C000879,Diya Singhal,Standard,Nizamabad,Haryana,India,2025-07-24,Active,5759.02
C000880,Vasana Pandey,Standard,Moradabad,Andhra Pradesh,India,2025-08-07,Active,6551.02
C000881,Amruta Shenoy,Premium,Haldia,Chhattisgarh,India,2025-10-14,Active,2921.55
C000882,Ekani Sule,Standard,Solapur,Kerala,India,2025-02-17,Active,10521.2
C000883,Upma De,Premium,Udaipur,Uttarakhand,India,2023-07-14,Active,14258.24
C000884,Bhavika Narang,Standard,Bhilwara,Himachal Pradesh,India,2025-12-18,Active,9682.3
C000885,Raksha Handa,Standard,Durg,Mizoram,India,2023-12-14,Active,13139.33
C000886,Ekta Master,Standard,Sambhal,Arunachal Pradesh,India,2024-10-21,Active,10619.46
C000887,Rudra Bhagat,Standard,Machilipatnam,Bihar,India,2025-01-02,Active,4750.89
C000888,Deepa Grewal,Enterprise,Ramagundam,Maharashtra,India,2026-01-17,Active,26236.77
C000889,Janani Vala,Standard,Solapur,Uttar Pradesh,India,2026-02-04,Active,9515.86
C000890,Balendra Wali,Premium,Barasat,Haryana,India,2024-11-19,Active,8187.86
C000891,Lucky Chaudhari,Standard,Surat,Telangana,India,2025-03-16,Inactive,2731.07
C000892,Noah Anand,Premium,Morena,Maharashtra,India,2024-06-19,Active,5633.97
C000893,Gaurangi Lanka,Premium,Danapur,Bihar,India,2024-05-27,Active,11695.8
C000894,Samaksh Venkatesh,Standard,Suryapet,Gujarat,India,2025-11-07,Active,3575.51
C000895,Hemang Walia,Standard,Anantapuram,Maharashtra,India,2023-11-08,Active,6647.11
C000896,Hemangini Morar,Premium,Tumkur,Meghalaya,India,2025-02-16,Active,15090.19
C000897,Pranav Nayar,Standard,Ghaziabad,Gujarat,India,2024-08-10,Active,16196.62
C000898,Vedika Goda,Standard,Kirari Suleman Nagar,Uttarakhand,India,2026-04-05,Active,7123.41
C000899,Warhi Vora,Enterprise,Kulti,Tamil Nadu,India,2023-10-22,Active,10108.8
C000900,Daniel Kapoor,Premium,Hajipur,Odisha,India,2026-04-17,Active,11489.69
C000901,Oviya Saha,Premium,Muzaffarnagar,Odisha,India,2024-08-21,Active,9451.94
C000902,Aarna Joshi,Premium,Sonipat,Haryana,India,2026-05-25,Active,11476.63
C000903,Gunbir Buch,Standard,Rourkela,Tripura,India,2026-06-09,Inactive,6635.79
C000904,Wyatt Sarma,Standard,Farrukhabad,Manipur,India,2024-03-30,Active,10282.46
C000905,Om Nazareth,Standard,Agra,Gujarat,India,2023-09-18,Active,4043.39
C000906,Riya Kamdar,Standard,Tiruppur,Jharkhand,India,2024-08-26,Active,6172.63
C000907,Yashodhara Nori,Standard,Pondicherry,Arunachal Pradesh,India,2026-03-23,Active,4532.11
C000908,Frederick Rastogi,Standard,Madhyamgram,Madhya Pradesh,India,2023-12-24,Active,7399.96
C000909,Kritika Mani,Premium,Bangalore,Gujarat,India,2023-10-04,Active,3660.08
C000910,Jai Narula,Standard,Darbhanga,Odisha,India,2024-07-26,Inactive,10793.97
C000911,Neel Koshy,Enterprise,Raichur,Assam,India,2025-06-12,Inactive,10287.88
C000912,Laksh Deep,Standard,Kolhapur,Haryana,India,2024-11-22,Active,12898.79
C000913,Robert Ravi,Standard,Tirunelveli,Tripura,India,2026-04-02,Active,13400.68
C000914,Charita Seth,Standard,Shimla,Nagaland,India,2024-07-26,Active,12077.2
C000915,Netra Parmer,Standard,Gulbarga,Tamil Nadu,India,2026-05-01,Active,8305.47
C000916,Ganga Mani,Standard,Mahbubnagar,Kerala,India,2025-06-03,Active,10732.2
C000917,Aachal Kumar,Standard,Miryalaguda,Arunachal Pradesh,India,2023-07-02,Active,8721.87
C000918,Yuvraj Dhingra,Standard,Pudukkottai,Maharashtra,India,2023-12-14,Active,11325.7
C000919,Zaitra Brar,Enterprise,Alwar,Gujarat,India,2026-01-26,Active,6182.01
C000920,Tarak Kapur,Premium,Sangli-Miraj & Kupwad,Punjab,India,2025-12-01,Active,13902.59
C000921,Arjun Sekhon,Standard,Berhampur,Odisha,India,2024-11-14,Active,4265.17
C000922,Widisha Kade,Standard,Tezpur,Tamil Nadu,India,2024-08-03,Active,12188.87
C000923,Adya Kaul,Premium,Lucknow,Odisha,India,2025-07-06,Active,11157.69
C000924,Qushi Manne,Standard,Jamalpur,Madhya Pradesh,India,2025-01-15,Active,10423.97
C000925,Urishilla Thaker,Standard,Uluberia,Madhya Pradesh,India,2024-04-06,Active,7041.18
C000926,Anvi Sandhu,Standard,Tinsukia,Goa,India,2023-10-19,Inactive,6537.34
C000927,Yachana Cheema,Premium,Moradabad,Nagaland,India,2025-08-09,Active,8515.42
C000928,Ojasvi Kapadia,Premium,Thiruvananthapuram,Jharkhand,India,2026-03-19,Active,13182.96
C000929,Gaurav Karpe,Premium,Varanasi,West Bengal,India,2024-02-10,Active,8746.09
C000930,Aarini Chopra,Standard,Bhatpara,Uttar Pradesh,India,2023-12-07,Inactive,8987.98
C000931,Urishilla Suresh,Standard,Jammu,Goa,India,2024-04-29,Active,11625.19
C000932,Pavani Kara,Standard,Gurgaon,Chhattisgarh,India,2024-10-28,Active,7944.2
C000933,Yashoda Char,Standard,Guwahati,Uttar Pradesh,India,2024-05-05,Active,6179.31
C000934,Siya Mangat,Enterprise,Munger,Punjab,India,2025-07-30,Active,6162.59
C000935,Ekantika Sani,Standard,Thiruvananthapuram,West Bengal,India,2024-06-06,Active,1104.8
C000936,Kai Doctor,Standard,Kakinada,Meghalaya,India,2025-05-23,Active,7486.87
C000937,Viraj Sundaram,Standard,Asansol,Punjab,India,2023-08-30,Active,6559.0
C000938,Hamsini Raju,Standard,Gurgaon,Meghalaya,India,2023-08-06,Active,11526.93
C000939,Ekansh Apte,Standard,Hospet,Uttar Pradesh,India,2025-06-12,Active,8711.85
C000940,Raagini Bal,Premium,Kamarhati,Andhra Pradesh,India,2023-09-04,Active,7316.09
C000941,Charan Agarwal,Enterprise,Pondicherry,Chhattisgarh,India,2025-12-03,Active,5157.27
C000942,Aishani Rajagopal,Premium,Gorakhpur,Haryana,India,2024-09-09,Active,6015.86
C000943,Harrison Bose,Standard,Hindupur,West Bengal,India,2023-07-10,Active,4833.32
C000944,Yadavi Comar,Standard,Udaipur,Chhattisgarh,India,2025-09-23,Active,7672.57
C000945,Ekanta Bhandari,Premium,Bangalore,Manipur,India,2023-08-21,Inactive,14140.26
C000946,Daksha Doshi,Standard,Noida,Tamil Nadu,India,2025-06-13,Active,21011.06
C000947,Dakshesh Singh,Standard,Bally,Karnataka,India,2024-02-16,Active,13019.32
C000948,Balvan Mitter,Premium,Bhalswa Jahangir Pur,Uttar Pradesh,India,2024-04-03,Inactive,2784.06
C000949,Jalsa Issac,Standard,Ichalkaranji,Mizoram,India,2023-08-02,Active,5321.79
C000950,Dev Agrawal,Standard,Malda,Sikkim,India,2024-10-28,Active,6292.73
C000951,Omisha Shah,Premium,Jaunpur,Uttar Pradesh,India,2024-12-04,Inactive,14187.89
C000952,Anamika Shankar,Standard,Durgapur,Chhattisgarh,India,2024-01-28,Active,11500.86
C000953,Kashish Sundaram,Standard,Bellary,Gujarat,India,2024-06-14,Active,3303.34
C000954,Joshua Halder,Premium,Machilipatnam,Tamil Nadu,India,2025-05-18,Active,6878.29
C000955,Mitali Sule,Standard,Chittoor,Tamil Nadu,India,2026-01-24,Active,10593.22
C000956,Bhavani Ben,Premium,Amritsar,Jharkhand,India,2024-11-30,Active,5204.21
C000957,Tara Shukla,Standard,Guntur,Punjab,India,2026-02-24,Inactive,7308.09
C000958,Balvan Arora,Premium,Ramagundam,Andhra Pradesh,India,2023-09-09,Active,2486.76
C000959,Sarthak Ghosh,Standard,Etawah,Meghalaya,India,2025-07-15,Active,4301.74
C000960,Amruta Gopal,Standard,Ambarnath,Uttar Pradesh,India,2023-12-03,Inactive,10103.98
C000961,Timothy Rao,Enterprise,Yamunanagar,Assam,India,2024-04-24,Active,9226.63
C000962,Tarak Gole,Premium,Gandhinagar,Uttar Pradesh,India,2025-06-29,Active,30895.75
C000963,Vivaan Sani,Enterprise,Phagwara,Assam,India,2025-08-21,Active,11445.71
C000964,Charan Kota,Standard,Ichalkaranji,Punjab,India,2026-01-21,Active,6085.82
C000965,Amara Dave,Standard,Raiganj,Gujarat,India,2026-03-07,Active,11041.54
C000966,Qadim Ghose,Premium,Ghaziabad,Goa,India,2026-04-12,Active,9894.02
C000967,Eta Grover,Standard,Bhatpara,Assam,India,2025-03-05,Active,8073.39
C000968,Vrishti Saxena,Standard,Malegaon,Karnataka,India,2025-10-03,Active,9388.66
C000969,Harini Bakshi,Standard,Silchar,Odisha,India,2025-08-29,Active,10319.87
C000970,Aayush Murthy,Standard,Allahabad,Uttar Pradesh,India,2025-02-26,Active,12622.86
C000971,Yashvi Varty,Premium,Loni,Andhra Pradesh,India,2025-07-08,Active,5442.77
C000972,Azad Krish,Premium,Bikaner,Rajasthan,India,2024-06-11,Active,17306.79
C000973,Joshua Goel,Enterprise,Thiruvananthapuram,Karnataka,India,2025-04-19,Active,5629.41
C000974,Lipika Raghavan,Standard,Ozhukarai,Bihar,India,2026-02-07,Active,9311.18
C000975,George Iyengar,Premium,Jabalpur,Andhra Pradesh,India,2025-01-11,Active,6478.03
C000976,Nathaniel Wali,Enterprise,Faridabad,Bihar,India,2023-07-30,Active,7855.77
C000977,Bakhshi Merchant,Enterprise,Panihati,Madhya Pradesh,India,2025-08-08,Inactive,16739.23
C000978,Omya Bera,Standard,Ahmednagar,Mizoram,India,2024-12-09,Active,10881.92
C000979,Yagnesh Dada,Standard,Miryalaguda,Goa,India,2025-03-21,Active,10884.76
C000980,Tejas Basu,Standard,Mathura,Jharkhand,India,2025-08-25,Active,5369.88
C000981,Siddharth Kant,Standard,Noida,Gujarat,India,2025-02-14,Active,20446.69
C000982,Netra Kalla,Premium,Coimbatore,Telangana,India,2025-01-16,Active,9165.17
C000983,Manan Kar,Standard,Patiala,Jharkhand,India,2023-10-18,Active,7542.89
C000984,Avi Narula,Enterprise,Bihar Sharif,Sikkim,India,2024-02-22,Active,11308.27
C000985,Xiti Kaul,Standard,Durgapur,Nagaland,India,2025-12-08,Active,10138.0
C000986,Omya Ghose,Premium,Sambhal,Karnataka,India,2023-10-29,Active,5484.15
C000987,Aishani Khosla,Premium,Ajmer,Meghalaya,India,2024-05-28,Active,4869.35
C000988,Amrita Dasgupta,Standard,Ambala,West Bengal,India,2025-12-27,Active,13771.54
C000989,Vasudha Chopra,Standard,Tumkur,Odisha,India,2024-07-25,Active,17631.67
C000990,Tanvi Kota,Premium,Gudivada,Chhattisgarh,India,2023-12-14,Active,4125.91
C000991,Osha Rege,Standard,Dehradun,Nagaland,India,2023-10-29,Active,5078.88
C000992,Manan Purohit,Standard,Gorakhpur,Bihar,India,2024-05-15,Active,16405.58
C000993,Indali Bose,Standard,Amaravati,Mizoram,India,2024-09-30,Inactive,6898.28
C000994,Daksh Pandit,Enterprise,Mumbai,Arunachal Pradesh,India,2023-07-08,Active,7629.63
C000995,Falan Batra,Standard,Singrauli,Goa,India,2024-07-13,Active,11539.56
C000996,Harini Kapoor,Standard,Alappuzha,Chhattisgarh,India,2023-07-22,Active,5231.01
C000997,Faqid Batta,Premium,Aurangabad,Assam,India,2023-08-04,Active,2981.62
C000998,Nitesh Ravel,Standard,Jhansi,Uttar Pradesh,India,2026-03-13,Active,4088.57
C000999,Qadim Desai,Standard,Jamalpur,Chhattisgarh,India,2024-12-19,Inactive,11220.59
C001000,Ijaya Chada,Standard,Rourkela,West Bengal,India,2025-05-03,Active,9808.52
C001001,Samarth Kamdar,Standard,Bhimavaram,Goa,India,2023-12-03,Active,7891.36
C001002,Oni Menon,Standard,Pondicherry,Punjab,India,2025-02-13,Active,5281.18
C001003,Jai Nadkarni,Standard,Vasai-Virar,Manipur,India,2025-08-22,Active,10222.41
C001004,Kritika Chakraborty,Standard,Gwalior,Uttar Pradesh,India,2024-02-26,Active,15014.28
C001005,Reva Sen,Standard,Guwahati,Arunachal Pradesh,India,2024-04-23,Active,3500.16
C001006,Widisha Kota,Premium,Rajahmundry,Himachal Pradesh,India,2023-08-19,Active,5835.52
C001007,Chasmum More,Premium,Bijapur,Uttarakhand,India,2024-07-16,Inactive,11806.26
C001008,Laksh Mand,Premium,Tezpur,Meghalaya,India,2024-09-04,Active,18302.8
C001009,Shaurya Narain,Standard,Jabalpur,Rajasthan,India,2024-09-15,Active,10134.67
C001010,Omaja Kala,Enterprise,Tiruchirappalli,Maharashtra,India,2024-01-19,Inactive,8701.58
C001011,Mekhala Shenoy,Standard,Sangli-Miraj & Kupwad,Madhya Pradesh,India,2024-12-02,Active,11416.14
C001012,Sneha Naik,Enterprise,Sambalpur,Jharkhand,India,2025-06-01,Active,1602.86
C001013,Yuvraj Venkatesh,Standard,Bhilai,Punjab,India,2025-09-21,Inactive,6300.41
C001014,Ishita Modi,Standard,Thoothukudi,West Bengal,India,2025-07-31,Active,7369.31
C001015,Laksh Sha,Standard,Bhimavaram,Maharashtra,India,2025-08-09,Active,4266.66
C001016,Oni Balasubramanian,Premium,Dindigul,Uttar Pradesh,India,2025-12-25,Active,6847.82
C001017,Rohan Ranganathan,Standard,Raipur,Assam,India,2025-08-26,Active,10429.69
C001018,Anmol Palan,Standard,Siwan,Andhra Pradesh,India,2024-04-24,Active,17520.39
C001019,Aayush Balakrishnan,Standard,Ludhiana,Maharashtra,India,2025-06-09,Inactive,24915.85
C001020,Dayita Setty,Standard,Panihati,Madhya Pradesh,India,2026-06-01,Active,14115.24
C001021,Yauvani Choudhury,Premium,Hapur,Tripura,India,2025-05-08,Active,9858.27
C001022,Chameli Kothari,Standard,Ichalkaranji,West Bengal,India,2024-04-24,Active,19068.62
C001023,Yashasvi Varghese,Premium,Bangalore,Karnataka,India,2024-06-12,Active,7064.96
C001024,Chandani Chand,Standard,Mangalore,Odisha,India,2023-07-08,Active,4375.36
C001025,Jeremiah Chana,Standard,Panchkula,Karnataka,India,2025-08-18,Active,9257.05
C001026,William Saha,Premium,Ramgarh,Jharkhand,India,2023-11-01,Active,4624.0
C001027,Yashodhara Khanna,Enterprise,Allahabad,Goa,India,2024-11-27,Active,10031.65
C001028,Wishi Solanki,Premium,Aligarh,Kerala,India,2025-06-28,Inactive,4141.11
C001029,Kabir Bandi,Standard,Ahmedabad,Nagaland,India,2023-09-07,Active,8736.05
C001030,Advik Shroff,Standard,Kochi,Gujarat,India,2025-03-21,Active,8784.92
C001031,Nitesh Sama,Enterprise,Moradabad,Manipur,India,2025-10-29,Active,14689.58
C001032,Sachi Raman,Premium,Vijayawada,Andhra Pradesh,India,2025-07-19,Active,2330.0
C001033,Tamanna Bora,Standard,Buxar,Uttar Pradesh,India,2023-07-09,Active,7543.53
C001034,Maanav Bhatia,Premium,Shimla,Manipur,India,2025-10-09,Active,8862.83
C001035,Urvashi Iyengar,Standard,Orai,Assam,India,2024-07-02,Active,5414.79
C001036,Udyati Deshpande,Premium,Tadepalligudem,Bihar,India,2025-03-24,Active,3448.51
C001037,Ekani Sen,Standard,Kumbakonam,Chhattisgarh,India,2023-10-04,Active,13651.01
C001038,Harini Gopal,Standard,Faridabad,Mizoram,India,2023-10-06,Active,8938.38
C001039,Robert Bhasin,Enterprise,Begusarai,Telangana,India,2025-12-17,Active,9384.86
C001040,Ekanta Raju,Standard,Ramgarh,Jharkhand,India,2026-05-18,Active,9413.95
C001041,Divya Basak,Premium,Ghaziabad,Haryana,India,2025-04-26,Active,16340.89
C001042,Dev Devan,Standard,Tumkur,West Bengal,India,2025-05-27,Active,5577.45
C001043,Jagrati Patel,Enterprise,Warangal,Madhya Pradesh,India,2023-08-08,Active,5861.31
C001044,Samuel Cherian,Standard,Korba,Haryana,India,2023-09-30,Active,11352.09
C001045,Yamini Bhalla,Enterprise,Bhiwandi,Maharashtra,India,2023-09-05,Active,5277.45
C001046,Jatin Raghavan,Premium,Imphal,Tripura,India,2026-02-27,Inactive,19386.62
C001047,Viraj Rajagopalan,Enterprise,Motihari,Uttar Pradesh,India,2025-12-26,Inactive,6654.13
C001048,Watika Sibal,Standard,Bilaspur,Karnataka,India,2025-07-10,Active,4617.25
C001049,Yachana Ratti,Standard,Jhansi,Uttarakhand,India,2023-09-18,Active,8680.39
C001050,Ucchal Das,Standard,Mysore,Gujarat,India,2023-08-01,Active,4422.55
C001051,Yash Chandra,Premium,Loni,Rajasthan,India,2025-12-07,Active,10843.47
C001052,Qasim Tailor,Standard,Bidar,Tripura,India,2025-11-02,Active,18015.03
C001053,Sai Nayak,Standard,Patiala,Karnataka,India,2024-02-16,Active,4808.64
C001054,Viraj Prakash,Standard,Purnia,Chhattisgarh,India,2026-02-05,Active,8996.23
C001055,Kabir Talwar,Standard,Amritsar,Odisha,India,2024-09-18,Active,2878.27
C001056,Zilmil Maharaj,Premium,Hyderabad,Mizoram,India,2023-12-02,Active,9013.0
C001057,Manbir Kala,Premium,Kota,Telangana,India,2024-07-05,Active,10326.82
C001058,Gautami Pant,Standard,Fatehpur,Manipur,India,2023-09-19,Active,6000.22
C001059,Ijaya Bansal,Premium,Kozhikode,Punjab,India,2026-04-12,Active,10307.59
C001060,Qasim Gole,Standard,Erode,Tamil Nadu,India,2023-09-06,Active,15331.33
C001061,Indira Bala,Standard,Kollam,Chhattisgarh,India,2024-04-08,Active,4331.86
C001062,Jagdish Tata,Premium,Kadapa,Sikkim,India,2024-01-15,Active,10610.13
C001063,Zinal Handa,Standard,Vasai-Virar,Bihar,India,2024-09-09,Active,21775.35
C001064,Chandresh Aggarwal,Premium,Ozhukarai,Punjab,India,2023-12-25,Active,4470.3
C001065,Tara Jayaraman,Premium,Bellary,Rajasthan,India,2023-08-13,Active,16473.3
C001066,Bhavya Comar,Standard,New Delhi,Meghalaya,India,2023-12-09,Active,7397.69
C001067,Chakradev Thaker,Enterprise,Gandhidham,Arunachal Pradesh,India,2024-06-27,Active,25207.92
C001068,Aarna Thakur,Standard,Nagpur,Nagaland,India,2024-06-29,Inactive,5251.93
C001069,Amruta Sridhar,Premium,Indore,West Bengal,India,2025-08-27,Active,14882.61
C001070,Advaith Ramanathan,Standard,Nellore,Maharashtra,India,2024-07-23,Active,22897.31
C001071,Unni Bir,Standard,Deoghar,Gujarat,India,2023-09-22,Active,9169.94
C001072,Radhika Chauhan,Standard,Bokaro,West Bengal,India,2026-06-12,Active,9330.53
C001073,Vivaan Som,Standard,Bhalswa Jahangir Pur,Bihar,India,2025-06-12,Active,9710.23
C001074,Bimala Choudhry,Standard,Kirari Suleman Nagar,Goa,India,2023-11-13,Inactive,5211.01
C001075,Amol Sarkar,Standard,Begusarai,Tripura,India,2025-09-19,Active,7872.56
C001076,Mitesh Pal,Standard,Tiruvottiyur,Nagaland,India,2025-08-13,Active,21583.3
C001077,Azad Acharya,Premium,Haldia,Bihar,India,2024-08-03,Active,5336.54
C001078,Aachal Venkataraman,Premium,Berhampore,Andhra Pradesh,India,2026-05-02,Active,8082.81
C001079,Jagrati Golla,Enterprise,Anantapuram,Himachal Pradesh,India,2024-05-19,Active,13210.62
C001080,Ekanta Ghosh,Enterprise,Saharsa,Tripura,India,2024-12-26,Active,6987.64
C001081,Chaaya Sachdeva,Premium,Barasat,Kerala,India,2025-11-22,Active,8320.17
C001082,Zinal Gola,Standard,Kurnool,Rajasthan,India,2025-11-26,Active,13448.33
C001083,Liam Gopal,Standard,Arrah,Arunachal Pradesh,India,2024-06-27,Active,7253.83
C001084,Reva Yadav,Enterprise,Varanasi,Bihar,India,2025-06-20,Active,9201.07
C001085,Chaman Koshy,Standard,Gangtok,West Bengal,India,2024-07-06,Active,2367.02
C001086,Nathaniel Rajagopal,Standard,Visakhapatnam,Sikkim,India,2025-06-25,Active,16144.01
C001087,Yauvani Manda,Standard,Nellore,Gujarat,India,2026-04-29,Inactive,4367.37
C001088,Chaaya Wagle,Enterprise,Avadi,Tripura,India,2025-09-24,Active,15030.73
C001089,Azaan Dewan,Standard,Sambalpur,Andhra Pradesh,India,2025-04-10,Active,14008.77
C001090,Ati Rai,Premium,Thane,Bihar,India,2023-10-21,Active,16136.84
C001091,Veda Yohannan,Premium,Jamnagar,Manipur,India,2026-02-15,Active,8771.71
C001092,Vamakshi Lal,Premium,Coimbatore,Assam,India,2023-08-12,Active,26952.61
C001093,Nathaniel Hari,Standard,Indore,Haryana,India,2024-08-28,Active,10493.5
C001094,Gavin Dar,Premium,Vasai-Virar,Telangana,India,2025-06-04,Active,16322.41
C001095,Bhavika Bajwa,Enterprise,Alappuzha,Andhra Pradesh,India,2024-02-26,Active,15217.29
C001096,Idika Bahri,Standard,Vadodara,Odisha,India,2024-07-02,Active,15269.72
C001097,Rushil Dhar,Premium,Amravati,Meghalaya,India,2024-04-09,Inactive,18027.17
C001098,Pranit Tandon,Standard,Jalgaon,Kerala,India,2025-07-17,Active,11350.28
C001099,Tripti Ram,Standard,Guntur,West Bengal,India,2025-04-05,Active,9356.8
C001100,Anirudh Chawla,Standard,Bhagalpur,Madhya Pradesh,India,2024-06-25,Active,35105.87
C001101,Rachana Mitter,Enterprise,Sambalpur,Tamil Nadu,India,2026-01-26,Active,25248.14
C001102,Wriddhish Wali,Standard,Kumbakonam,Uttar Pradesh,India,2024-06-25,Active,3348.63
C001103,Chaaya Madan,Premium,Nashik,Maharashtra,India,2024-02-18,Active,2998.68
C001104,Watika Chandra,Standard,Berhampore,Odisha,India,2025-08-17,Active,13918.13
C001105,Zayan Chanda,Standard,Chinsurah,Punjab,India,2024-04-20,Active,5746.1
C001106,Gaurika Badami,Standard,Danapur,Tamil Nadu,India,2024-05-25,Inactive,7144.93
C001107,Amaira Narayan,Standard,Mumbai,Odisha,India,2026-05-29,Active,8424.75
C001108,Atharv Nath,Enterprise,Rohtak,Sikkim,India,2024-08-10,Active,6153.38
C001109,Jalsa Dewan,Premium,Kanpur,Sikkim,India,2023-09-10,Active,11895.4
C001110,Isha Golla,Standard,Bhilwara,Himachal Pradesh,India,2024-10-21,Active,2195.49
C001111,Yagnesh Thakur,Standard,Guna,Himachal Pradesh,India,2025-08-20,Active,10047.88
C001112,Nathan Das,Premium,Buxar,Odisha,India,2025-12-27,Inactive,16567.3
C001113,Chameli Nagar,Standard,Coimbatore,Kerala,India,2024-12-02,Active,7184.02
C001114,Harish Vohra,Enterprise,Suryapet,Chhattisgarh,India,2025-09-06,Active,10559.56
C001115,Ranveer Cheema,Enterprise,Anand,Rajasthan,India,2026-02-05,Active,9060.43
C001116,Maanav Mallick,Standard,Saharanpur,Odisha,India,2025-12-09,Inactive,5245.37
C001117,Harsh Sangha,Standard,Nanded,Sikkim,India,2025-03-26,Active,16929.78
C001118,Tanveer Mall,Standard,Bangalore,Chhattisgarh,India,2023-12-07,Active,5909.59
C001119,Aishani Kunda,Premium,Dindigul,Sikkim,India,2024-09-24,Active,5989.62
C001120,Wriddhish Sheth,Standard,Hapur,Mizoram,India,2024-08-07,Active,2388.22
C001121,Oliver Shere,Enterprise,Navi Mumbai,Tripura,India,2024-07-04,Active,8760.78
C001122,Chanakya Shenoy,Standard,Miryalaguda,Uttarakhand,India,2024-04-07,Active,11574.21
C001123,Tristan Sandhu,Standard,Nagaon,West Bengal,India,2026-02-13,Active,6775.62
C001124,Ranbir Hayre,Enterprise,Kulti,Haryana,India,2025-03-29,Active,10061.05
C001125,Hitesh Mukhopadhyay,Enterprise,Kakinada,Uttarakhand,India,2024-02-14,Active,16928.12
C001126,Girindra Gill,Premium,Chapra,Arunachal Pradesh,India,2025-01-20,Active,9204.44
C001127,Harrison Patil,Enterprise,Bhavnagar,Goa,India,2023-12-21,Active,7694.61
C001128,Brinda Baria,Enterprise,Jaipur,Assam,India,2026-01-18,Active,5186.23
C001129,Bhavika Zachariah,Standard,Hapur,Haryana,India,2026-04-07,Active,5112.83
C001130,Aayush Warrior,Standard,Morena,Mizoram,India,2023-09-25,Active,9333.85
C001131,Simon Ganguly,Standard,Hospet,Gujarat,India,2025-02-23,Active,2603.49
C001132,Manbir Sarna,Standard,Nagpur,Chhattisgarh,India,2024-03-07,Active,4348.04
C001133,Prisha Banerjee,Standard,Jamnagar,Karnataka,India,2025-03-03,Inactive,2983.4
C001134,Darsh Bahri,Standard,Guntakal,Haryana,India,2025-05-28,Active,7391.67
C001135,Turvi Nazareth,Premium,Silchar,Andhra Pradesh,India,2024-02-01,Active,4586.56
C001136,Anmol Lad,Enterprise,Bellary,Odisha,India,2024-09-12,Active,6318.4
C001137,Jagrati Bir,Premium,Muzaffarpur,Karnataka,India,2024-09-05,Active,15997.73
C001138,Nidra Kashyap,Enterprise,Raichur,Andhra Pradesh,India,2025-03-12,Active,16068.43
C001139,Omaja Nagarajan,Standard,Secunderabad,Tamil Nadu,India,2025-12-02,Active,11666.94
C001140,Upasna Kota,Standard,Akola,Uttarakhand,India,2023-10-12,Active,16459.64
C001141,Balendra Issac,Premium,Rourkela,Sikkim,India,2024-01-10,Active,11107.5
C001142,Bakhshi Banik,Standard,Allahabad,Manipur,India,2024-12-23,Active,19226.27
C001143,Ikbal Nath,Standard,Aurangabad,Himachal Pradesh,India,2024-04-23,Active,13730.62
C001144,Kiaan Loke,Standard,Sagar,Karnataka,India,2026-05-20,Active,16876.19
C001145,Kai Prasad,Standard,Bongaigaon,Odisha,India,2025-08-03,Active,4822.43
C001146,Damyanti Rajan,Standard,Panihati,Arunachal Pradesh,India,2026-05-16,Active,6119.28
C001147,Forum Sethi,Standard,Mira-Bhayandar,Tamil Nadu,India,2026-03-24,Active,8262.76
C001148,Azad Sethi,Premium,Udupi,Punjab,India,2024-01-27,Active,7499.28
C001149,Jeevika Lata,Premium,Mau,Uttarakhand,India,2023-09-21,Inactive,6102.94
C001150,Jatin Pandya,Standard,Silchar,Manipur,India,2024-05-04,Active,9852.77
C001151,Yashvi Ramakrishnan,Premium,Bhavnagar,Madhya Pradesh,India,2026-03-14,Active,14809.89
C001152,Zinal Dash,Standard,Bhind,Meghalaya,India,2025-11-10,Active,6063.21
C001153,Farhan Gola,Standard,Bharatpur,Meghalaya,India,2025-01-10,Active,16138.18
C001154,Urvashi Narayan,Premium,Anand,Assam,India,2024-10-15,Active,3612.96
C001155,Sneha Sharma,Enterprise,Bhagalpur,Karnataka,India,2025-11-24,Active,8258.78
C001156,Anay Srinivasan,Enterprise,Panihati,Karnataka,India,2024-05-22,Active,2160.48
C001157,Hitesh Shetty,Standard,Tenali,Maharashtra,India,2026-01-28,Active,8412.25
C001158,Yashoda Parsa,Standard,Aurangabad,West Bengal,India,2025-08-06,Active,7410.88
C001159,Yadavi Nair,Enterprise,Ongole,West Bengal,India,2025-12-14,Active,14846.26
C001160,Darpan Vig,Standard,Visakhapatnam,Maharashtra,India,2025-04-07,Active,6753.86
C001161,Dhruv Kunda,Standard,Dibrugarh,West Bengal,India,2025-09-18,Active,8558.04
C001162,Bakhshi Sastry,Standard,Uluberia,Meghalaya,India,2023-12-26,Active,12267.26
C001163,Veda Chaudhry,Premium,Gulbarga,Mizoram,India,2024-09-12,Active,6072.67
C001164,Chakradhar Rajan,Standard,Shivpuri,Madhya Pradesh,India,2025-04-12,Active,8754.44
C001165,Triya Bhakta,Enterprise,Indore,Arunachal Pradesh,India,2025-05-24,Active,12050.06
C001166,Udarsh Dutta,Standard,Nagaon,Meghalaya,India,2025-02-02,Active,7965.9
C001167,Bahadurjit Ahluwalia,Premium,Kulti,Jharkhand,India,2025-06-23,Inactive,7648.79
C001168,Chatura Contractor,Standard,Sambalpur,Telangana,India,2025-11-24,Active,4600.64
C001169,Ojas Dada,Standard,Allahabad,West Bengal,India,2024-06-28,Active,10016.25
C001170,Anamika Krishna,Enterprise,Nanded,Tamil Nadu,India,2025-09-13,Active,16543.6
C001171,Wahab Chandra,Enterprise,Maheshtala,Kerala,India,2024-08-18,Active,4152.25
C001172,Ronith Anne,Standard,Mira-Bhayandar,Assam,India,2024-02-03,Active,6595.56
C001173,Ranbir Hayer,Standard,Morena,Andhra Pradesh,India,2025-04-17,Active,1824.86
C001174,Chameli Swaminathan,Standard,Korba,Meghalaya,India,2025-08-14,Active,7890.57
C001175,Chatresh Bains,Standard,New Delhi,Haryana,India,2025-04-01,Active,4305.86
C001176,Chanchal Walla,Premium,Pune,Tamil Nadu,India,2023-12-05,Active,8728.89
C001177,Brinda Varghese,Enterprise,Adoni,Haryana,India,2026-06-01,Active,8067.28
C001178,Yug Hari,Enterprise,Bahraich,Meghalaya,India,2025-03-01,Active,9404.74
C001179,Nimrat Purohit,Premium,Solapur,Nagaland,India,2024-11-04,Active,13361.78
C001180,Suhani Reddy,Standard,Ajmer,Kerala,India,2024-08-22,Active,22594.28
C001181,Devansh Saran,Standard,Jaipur,West Bengal,India,2025-09-07,Active,16837.25
C001182,Chakrika Gade,Standard,Tirunelveli,Maharashtra,India,2025-10-27,Inactive,11809.95
C001183,Mason Loke,Standard,Berhampur,Meghalaya,India,2023-09-22,Active,17987.29
C001184,Avni Agrawal,Standard,Sagar,Rajasthan,India,2024-08-08,Active,10379.23
C001185,Vasana Mutti,Standard,Shahjahanpur,Nagaland,India,2023-10-25,Active,2375.53
C001186,Jairaj Arora,Standard,Rajpur Sonarpur,Haryana,India,2026-06-03,Active,3225.04
C001187,Ronith Narang,Standard,Chittoor,Tripura,India,2026-03-05,Inactive,7090.68
C001188,Yahvi Jani,Standard,Siwan,Uttar Pradesh,India,2026-04-10,Active,2383.88
C001189,Anika Gupta,Premium,Jamshedpur,Andhra Pradesh,India,2025-03-11,Active,7717.26
C001190,Sanya Narain,Standard,Dibrugarh,Maharashtra,India,2024-01-18,Active,9253.19
C001191,Luke Pau,Premium,South Dumdum,Punjab,India,2025-05-17,Active,11620.47
C001192,Adya Vora,Premium,Adoni,Rajasthan,India,2023-09-27,Active,7022.28
C001193,Damyanti Nagi,Standard,Mirzapur,Odisha,India,2025-05-07,Active,12545.02
C001194,Manan Tripathi,Standard,Dhanbad,Madhya Pradesh,India,2026-05-15,Active,8793.35
C001195,Januja Tiwari,Standard,Aurangabad,Telangana,India,2024-03-17,Active,6664.42
C001196,Ronith Karpe,Standard,Jabalpur,Uttarakhand,India,2025-02-16,Active,2852.33
C001197,Dipta Oak,Premium,Guntakal,Meghalaya,India,2024-03-09,Active,13452.76
C001198,Tripti Tiwari,Standard,Guna,Meghalaya,India,2024-08-14,Inactive,19146.04
C001199,Amol Mann,Standard,Panihati,Mizoram,India,2026-04-27,Active,13567.7
C001200,Pavani Tailor,Standard,Madurai,Sikkim,India,2026-06-06,Active,11870.73
C001201,Chaitanya Rai,Standard,Rewa,Tripura,India,2023-10-22,Active,8146.62
C001202,Hemangini Chatterjee,Standard,Adoni,Nagaland,India,2025-01-05,Active,14394.09
C001203,Charvi Dass,Standard,Guwahati,Himachal Pradesh,India,2025-08-17,Active,7319.66
C001204,Netra Saxena,Enterprise,Rampur,Maharashtra,India,2026-03-10,Active,6067.99
C001205,Kavya Balay,Enterprise,Kota,Punjab,India,2025-07-09,Active,10062.01
C001206,Vasatika Solanki,Standard,Sagar,Punjab,India,2025-06-09,Active,14586.06
C001207,Samarth Mohan,Enterprise,Vasai-Virar,Andhra Pradesh,India,2024-11-25,Active,8078.23
C001208,Lavanya Agrawal,Standard,Hyderabad,Mizoram,India,2025-09-12,Active,10103.21
C001209,Gavin Shenoy,Standard,Nadiad,Kerala,India,2024-07-12,Active,10664.51
C001210,Luke Savant,Standard,Karawal Nagar,Uttarakhand,India,2024-06-12,Active,7193.31
C001211,Ranveer Purohit,Standard,Dewas,Karnataka,India,2024-03-23,Active,9719.02
C001212,Fiyaz Dhar,Premium,Tezpur,Tripura,India,2026-04-12,Active,12547.0
C001213,Raghav Rajagopalan,Standard,Muzaffarpur,Uttarakhand,India,2025-12-31,Active,6214.07
C001214,Yamini Acharya,Standard,Purnia,Andhra Pradesh,India,2023-11-12,Active,13928.07
C001215,Yamini Gokhale,Standard,Firozabad,Arunachal Pradesh,India,2023-07-21,Active,9554.02
C001216,Gunbir Manne,Standard,Jamshedpur,Meghalaya,India,2026-05-20,Inactive,4849.11
C001217,Mugdha Shukla,Standard,Karawal Nagar,Mizoram,India,2025-03-05,Active,17786.94
C001218,Aradhana Mukhopadhyay,Standard,Bhubaneswar,Uttarakhand,India,2025-08-02,Inactive,12323.08
C001219,Ekalinga Wason,Premium,Phusro,Jharkhand,India,2025-08-19,Active,6622.81
C001220,Rayaan Choudhary,Standard,Mau,Goa,India,2023-09-07,Inactive,17274.86
C001221,Jalsa Dar,Standard,Gaya,Arunachal Pradesh,India,2025-04-12,Active,14097.08
C001222,Samar Khurana,Enterprise,Gorakhpur,Uttar Pradesh,India,2025-03-31,Active,15820.14
C001223,Qabil Rege,Standard,Etawah,Odisha,India,2025-01-05,Active,5926.16
C001224,Aarna Maharaj,Premium,Howrah,Telangana,India,2026-04-26,Active,8053.23
C001225,Gayathri Vyas,Standard,Moradabad,Jharkhand,India,2024-06-24,Active,2769.25
C001226,Tristan Wason,Standard,Warangal,Maharashtra,India,2023-08-04,Active,10719.85
C001227,Xalak Mani,Standard,Bongaigaon,Maharashtra,India,2026-04-20,Active,4858.83
C001228,Devika Pathak,Standard,Nadiad,Uttar Pradesh,India,2024-10-29,Active,15304.68
C001229,Zansi Vyas,Standard,Amaravati,Bihar,India,2023-06-29,Inactive,16702.97
C001230,Ishwar Srinivasan,Standard,Bhagalpur,Rajasthan,India,2023-08-13,Active,12460.01
C001231,Luke Merchant,Enterprise,Pudukkottai,Tripura,India,2024-05-18,Active,19459.22
C001232,Chaaya Muni,Standard,Morena,Telangana,India,2023-09-24,Inactive,6916.57
C001233,Bhavani Arora,Standard,Guntur,Odisha,India,2023-10-13,Active,10382.6
C001234,Logan Nadkarni,Standard,Saharanpur,Andhra Pradesh,India,2025-10-18,Active,11925.36
C001235,Jagrati Gandhi,Premium,Meerut,Assam,India,2026-04-02,Inactive,7065.91
C001236,Gautami Zachariah,Standard,Nagpur,Madhya Pradesh,India,2025-11-13,Active,7247.08
C001237,Raghav Raman,Premium,Visakhapatnam,Odisha,India,2025-06-30,Active,13516.09
C001238,Siddharth Gokhale,Standard,Warangal,Maharashtra,India,2024-04-12,Active,7038.73
C001239,Megha Yohannan,Standard,Kirari Suleman Nagar,Uttar Pradesh,India,2025-08-31,Inactive,5275.52
C001240,Sai Ganesh,Premium,Durg,Mizoram,India,2025-07-17,Active,7621.28
C001241,Noah Krishna,Premium,Noida,Manipur,India,2025-11-15,Active,5682.65
C001242,Anay Aurora,Premium,Gwalior,Kerala,India,2023-07-18,Active,6642.06
C001243,Gopal Khalsa,Standard,Madanapalle,Kerala,India,2024-08-07,Active,7313.38
C001244,Garima Pandya,Premium,Sikar,Uttarakhand,India,2026-04-26,Active,8867.8
C001245,Jyoti Goyal,Standard,Gandhidham,West Bengal,India,2026-02-19,Active,6991.85
C001246,Warinder Iyer,Standard,Deoghar,Sikkim,India,2024-04-19,Active,991.36
C001247,Chakrika Sekhon,Enterprise,Thanjavur,Uttar Pradesh,India,2025-05-26,Active,12181.86
C001248,Advaith Thakkar,Standard,Tadipatri,Haryana,India,2023-11-27,Active,9706.06
C001249,Raagini Pau,Premium,Miryalaguda,Goa,India,2025-01-12,Active,6483.42
C001250,Balvan Bawa,Standard,Sasaram,Madhya Pradesh,India,2025-02-18,Active,7993.47
C001251,Kamala Hans,Enterprise,Gaya,Bihar,India,2024-08-24,Active,6824.67
C001252,Vivaan Sahota,Enterprise,Jaipur,Meghalaya,India,2025-08-23,Active,9386.17
C001253,Michael Mangal,Standard,Kishanganj,Uttar Pradesh,India,2026-03-29,Active,12107.7
C001254,Reyansh Kulkarni,Standard,Jhansi,Telangana,India,2024-07-27,Inactive,10809.27
C001255,Abdul Reddy,Standard,Kavali,Tripura,India,2024-09-16,Active,9140.07
C001256,Jai Badami,Premium,Nagaon,Uttarakhand,India,2023-09-30,Active,16044.93
C001257,Charita Sanghvi,Standard,Baranagar,Bihar,India,2026-04-02,Inactive,3515.59
C001258,Alka Sarkar,Premium,Latur,Andhra Pradesh,India,2025-10-16,Active,17307.74
C001259,Benjamin Peri,Standard,Kochi,Mizoram,India,2024-08-23,Active,18032.12
C001260,Tristan Bava,Standard,Bhind,Goa,India,2026-05-14,Active,8797.24
C001261,Ekiya Bala,Premium,Bhiwandi,Chhattisgarh,India,2025-09-18,Active,9975.88
C001262,Wriddhish Keer,Enterprise,Hindupur,Punjab,India,2026-06-12,Active,24212.02
C001263,Pahal Dar,Premium,Alwar,Uttar Pradesh,India,2024-04-24,Active,10332.32
C001264,Manbir Shere,Standard,Deoghar,Uttarakhand,India,2026-04-04,Active,15070.61
C001265,Liam Narasimhan,Standard,Nizamabad,Himachal Pradesh,India,2026-01-17,Active,13304.47
C001266,Kala Murthy,Standard,Bettiah,Arunachal Pradesh,India,2025-03-15,Active,7839.71
C001267,Amruta Shankar,Standard,Naihati,Bihar,India,2024-06-01,Active,8548.55
C001268,Ishanvi Ben,Standard,Panihati,Uttar Pradesh,India,2025-07-10,Active,6881.13
C001269,Frederick Kala,Premium,Bhavnagar,Haryana,India,2025-10-20,Active,8844.4
C001270,Rajeshri Char,Standard,Kottayam,Meghalaya,India,2025-10-24,Inactive,11021.77
C001271,Ladli Loke,Standard,Mirzapur,Madhya Pradesh,India,2023-10-25,Active,5920.0
C001272,Jagat Tata,Premium,Panihati,Meghalaya,India,2023-08-24,Active,10174.41
C001273,Finn Jain,Premium,Bhiwani,Rajasthan,India,2025-03-13,Active,3739.59
C001274,Tarak Ramanathan,Enterprise,Nagercoil,Kerala,India,2024-08-11,Active,8204.48
C001275,Kalpit Raj,Standard,Tinsukia,Bihar,India,2024-01-20,Active,4986.69
C001276,Chaaya Din,Premium,Gudivada,Punjab,India,2024-02-07,Active,9784.51
C001277,Arunima Barad,Standard,Karnal,West Bengal,India,2026-03-11,Active,4224.4
C001278,Wyatt Pal,Enterprise,Shivpuri,Uttar Pradesh,India,2025-03-20,Active,3447.83
C001279,Praneel Mahajan,Premium,Ahmedabad,Bihar,India,2023-07-29,Active,9380.66
C001280,Advik Kashyap,Enterprise,Chittoor,Assam,India,2025-03-23,Active,3092.06
C001281,Benjamin Singh,Standard,Danapur,Uttar Pradesh,India,2023-08-21,Active,9926.32
C001282,Theodore Kannan,Standard,Bijapur,Rajasthan,India,2026-01-22,Active,7648.09
C001283,Baghyawati Ganesan,Standard,Panihati,Haryana,India,2024-11-17,Active,6601.1
C001284,Lakshmi Rajagopal,Standard,Begusarai,Sikkim,India,2025-10-28,Active,14188.75
C001285,Nidhi Goyal,Premium,Bhalswa Jahangir Pur,Madhya Pradesh,India,2024-08-27,Active,13275.15
C001286,Ojasvi Barad,Standard,Navi Mumbai,Jharkhand,India,2026-05-25,Active,10154.86
C001287,Manya Sethi,Standard,Jabalpur,Jharkhand,India,2025-03-13,Active,14450.73
C001288,Tanveer Bhagat,Standard,Aligarh,Rajasthan,India,2026-03-14,Active,10116.34
C001289,Orinder Handa,Premium,Udupi,Uttarakhand,India,2025-04-14,Active,5361.59
C001290,Bakhshi Dhar,Standard,Guntakal,Nagaland,India,2024-04-16,Active,6735.75
C001291,Charan Pillai,Premium,Amritsar,Karnataka,India,2025-01-07,Inactive,11241.04
C001292,Charan Gulati,Standard,Bhiwani,Punjab,India,2026-01-24,Active,13038.45
C001293,Zaitra Varughese,Premium,Patna,Meghalaya,India,2024-04-01,Active,10555.57
C001294,Henry Walia,Standard,North Dumdum,Uttar Pradesh,India,2024-01-30,Active,16163.19
C001295,Qasim Yadav,Standard,Gurgaon,Tripura,India,2024-01-11,Active,3100.15
C001296,Dakshesh Tandon,Premium,Dhule,Manipur,India,2024-09-17,Active,6793.29
C001297,Zehaan Nath,Premium,Alwar,Telangana,India,2025-04-15,Active,1855.46
C001298,Tanvi Tata,Standard,Kurnool,Telangana,India,2026-02-08,Active,22829.14
C001299,Gauri Ravi,Standard,Mirzapur,Punjab,India,2025-08-01,Active,6555.29
C001300,Gaurang Kara,Standard,Bareilly,Kerala,India,2023-06-30,Inactive,7363.99
C001301,Faras Sood,Standard,Tumkur,Arunachal Pradesh,India,2024-06-01,Active,10808.64
C001302,Kavya Mohan,Standard,Ambattur,Maharashtra,India,2023-08-02,Active,6845.62
C001303,Aarav Lalla,Standard,Burhanpur,Uttarakhand,India,2024-03-24,Active,15370.07
C001304,Prisha Bhatt,Enterprise,Thiruvananthapuram,Maharashtra,India,2024-10-26,Inactive,14461.15
C001305,Idika Ranganathan,Standard,Tiruchirappalli,Gujarat,India,2024-02-04,Active,5568.83
C001306,Charita Sandhu,Enterprise,Kirari Suleman Nagar,Tamil Nadu,India,2023-08-12,Active,10938.75
C001307,Anamika Rajan,Premium,Chennai,Odisha,India,2025-04-23,Active,12007.54
C001308,Arya Bandi,Premium,Bally,Himachal Pradesh,India,2025-10-07,Active,14033.26
C001309,Eshana Gour,Enterprise,Karaikudi,Mizoram,India,2026-03-03,Active,10479.32
C001310,Falguni Bahl,Enterprise,Anantapuram,Bihar,India,2023-08-25,Active,2642.87
C001311,Edhitha Chada,Standard,Hindupur,Madhya Pradesh,India,2025-03-18,Active,16585.49
C001312,Tara Choudhary,Standard,Durgapur,Sikkim,India,2024-01-18,Active,14481.15
C001313,Hemang Gour,Premium,Mumbai,Andhra Pradesh,India,2026-05-18,Active,3010.55
C001314,Idika Agate,Standard,Panihati,Maharashtra,India,2026-02-14,Active,2098.36
C001315,Neel Anand,Standard,Durg,Mizoram,India,2025-09-28,Active,7630.94
C001316,Wyatt Dalal,Premium,Asansol,West Bengal,India,2024-05-03,Active,11775.42
C001317,Anita Gole,Standard,Rajpur Sonarpur,Manipur,India,2024-10-17,Active,2669.72
C001318,Darika Kala,Premium,Chinsurah,Haryana,India,2025-09-02,Active,5983.67
C001319,Omya Hora,Premium,South Dumdum,West Bengal,India,2026-06-20,Active,15845.24
C001320,Nimrat Oommen,Premium,Kulti,Nagaland,India,2025-12-15,Active,10660.98
C001321,Rajeshri Kothari,Standard,Ballia,West Bengal,India,2023-12-20,Active,3564.76
C001322,Zayan Majumdar,Standard,Imphal,Haryana,India,2026-06-08,Active,12715.29
C001323,Adweta Bhalla,Standard,Rohtak,Madhya Pradesh,India,2025-11-07,Active,6660.96
C001324,Pavani Handa,Premium,Kanpur,Haryana,India,2025-10-09,Active,4670.38
C001325,Ekavir Devi,Enterprise,Shahjahanpur,Meghalaya,India,2026-05-31,Active,10802.47
C001326,Samarth Ahluwalia,Standard,Ghaziabad,Jharkhand,India,2024-10-09,Active,16788.28
C001327,Girik More,Premium,Rohtak,Assam,India,2023-07-15,Active,7131.47
C001328,Praneel Suri,Standard,Karawal Nagar,Tamil Nadu,India,2025-10-06,Inactive,13286.38
C001329,Viraj Agarwal,Standard,Suryapet,Goa,India,2024-07-25,Active,5686.85
C001330,Sachi Gupta,Standard,Akola,Punjab,India,2025-07-12,Active,12079.21
C001331,Kamala Som,Premium,Khammam,Chhattisgarh,India,2024-06-06,Active,14064.93
C001332,Michael Chandran,Standard,Eluru,West Bengal,India,2024-02-08,Active,9173.01
C001333,Eshana Mander,Standard,Chandigarh,Sikkim,India,2024-01-28,Active,5827.21
C001334,Jhalak Bali,Standard,Tiruchirappalli,Mizoram,India,2024-02-20,Inactive,15348.4
C001335,Nimrat Borra,Standard,Ulhasnagar,Meghalaya,India,2026-02-16,Active,3483.58
C001336,Qarin Lad,Standard,Guna,Uttar Pradesh,India,2024-10-11,Active,11289.29
C001337,Pranav Ganguly,Standard,Sagar,Odisha,India,2025-03-05,Active,12689.77
C001338,Sachi Wagle,Standard,Jaunpur,Sikkim,India,2025-01-11,Active,8837.82
C001339,Yug De,Premium,Jaipur,Uttarakhand,India,2025-04-30,Active,8341.06
C001340,Girish Parsa,Premium,Ratlam,Uttarakhand,India,2025-07-13,Active,5454.49
C001341,Zashil Keer,Premium,Morbi,Meghalaya,India,2026-05-18,Active,7024.56
C001342,Lohit Garde,Standard,Bhubaneswar,Goa,India,2024-12-22,Active,15331.43
C001343,Inaya Hayer,Standard,Avadi,Tripura,India,2025-04-24,Active,8914.78
C001344,Zarna Pal,Standard,Thanjavur,Manipur,India,2025-03-25,Active,6773.94
C001345,Kabir Basak,Premium,Avadi,Gujarat,India,2023-10-05,Active,13200.08
C001346,Garima Bhargava,Standard,Kochi,Rajasthan,India,2023-08-02,Active,6440.68
C001347,Harshil Chawla,Standard,Ulhasnagar,Sikkim,India,2024-08-02,Active,2920.48
C001348,Theodore Rai,Enterprise,Visakhapatnam,Mizoram,India,2026-02-15,Inactive,6592.9
C001349,Vansha Nagy,Enterprise,Sri Ganganagar,Chhattisgarh,India,2024-09-03,Active,8694.04
C001350,Vasatika Lad,Enterprise,Phusro,Rajasthan,India,2023-07-28,Active,8894.67
C001351,Wyatt Menon,Standard,Guntakal,Odisha,India,2024-05-07,Active,8791.85
C001352,Jai Raj,Premium,Bharatpur,Goa,India,2023-06-26,Active,7802.22
C001353,Pooja Lalla,Standard,Saharsa,Uttarakhand,India,2025-08-01,Active,5510.49
C001354,Yadavi Patla,Enterprise,Chandigarh,Kerala,India,2026-04-22,Active,10257.08
C001355,Mugdha Mishra,Enterprise,Nanded,Bihar,India,2026-01-25,Active,13883.09
C001356,Nimrat Das,Enterprise,Muzaffarpur,Meghalaya,India,2023-10-13,Active,4451.67
C001357,Nicholas Mani,Premium,Munger,Nagaland,India,2025-06-07,Inactive,6597.73
C001358,Nandini Chanda,Standard,Patna,Meghalaya,India,2024-02-24,Active,7807.74
C001359,Janaki Naik,Standard,Rajkot,Karnataka,India,2024-04-17,Inactive,4607.92
C001360,Adya Dutta,Enterprise,Chinsurah,Andhra Pradesh,India,2023-11-13,Active,20935.61
C001361,Tejas Kapadia,Premium,Delhi,Punjab,India,2025-11-03,Active,10206.44
C001362,Deepa Kota,Standard,Ongole,West Bengal,India,2025-09-08,Active,5215.18
C001363,Dhriti Bassi,Standard,Pondicherry,Assam,India,2025-02-24,Active,7137.6
C001364,Barkha Khanna,Premium,Ghaziabad,Meghalaya,India,2025-03-17,Active,4908.14
C001365,Ishaan Badal,Enterprise,Berhampore,Bihar,India,2025-05-16,Active,7901.18
C001366,Oni Basu,Standard,Ludhiana,Tripura,India,2023-12-23,Active,16841.77
C001367,Chanakya Ahluwalia,Standard,Gangtok,Himachal Pradesh,India,2025-01-05,Active,4869.42
C001368,Zarna Kunda,Premium,Gudivada,Uttarakhand,India,2024-05-19,Active,8005.12
C001369,Akshay Raj,Premium,Alwar,Madhya Pradesh,India,2025-10-05,Active,9495.27
C001370,Radhika Tailor,Enterprise,Gaya,Sikkim,India,2024-05-15,Active,2498.57
C001371,Yatan Prasad,Standard,Orai,Meghalaya,India,2025-10-19,Active,9436.7
C001372,Atharv Ravel,Standard,Satara,Madhya Pradesh,India,2023-12-06,Active,7762.8
C001373,Ridhi Thakur,Standard,Deoghar,Punjab,India,2025-11-09,Active,5541.25
C001374,Nidra Dhar,Standard,Chandrapur,Punjab,India,2024-11-12,Active,13379.98
C001375,Ijaya Master,Standard,Siwan,Madhya Pradesh,India,2024-02-24,Active,3581.56
C001376,Vasudha Pau,Standard,Adoni,Himachal Pradesh,India,2024-01-31,Active,6819.73
C001377,Bhavika Dara,Premium,Farrukhabad,Himachal Pradesh,India,2024-09-16,Active,2503.78
C001378,Sara Barad,Enterprise,Bhiwandi,Nagaland,India,2025-12-20,Active,1194.32
C001379,Chaitanya Mitter,Standard,Anantapuram,Uttar Pradesh,India,2024-12-25,Active,3985.25
C001380,Xiti Chad,Premium,Burhanpur,Telangana,India,2026-04-07,Active,9002.26
C001381,Brinda Borra,Enterprise,Maheshtala,Tamil Nadu,India,2024-01-11,Active,12963.32
C001382,Darsh Sani,Standard,Patiala,Telangana,India,2024-05-11,Active,23836.25
C001383,Bhavini Misra,Standard,Aizawl,Haryana,India,2024-08-11,Active,6716.99
C001384,Ekapad Issac,Enterprise,Guntakal,Maharashtra,India,2024-06-15,Active,7090.47
C001385,Fariq Koshy,Standard,Hosur,Karnataka,India,2023-07-06,Active,12657.35
C001386,Vasatika Naik,Enterprise,Ajmer,Assam,India,2025-07-08,Active,3365.03
C001387,Geetika Magar,Premium,Bidhannagar,Rajasthan,India,2023-12-01,Active,12899.06
C001388,Sathvik Balan,Enterprise,Unnao,Chhattisgarh,India,2023-09-28,Active,15544.88
C001389,Eiravati Bajaj,Premium,Aurangabad,Tripura,India,2025-01-09,Inactive,18165.92
C001390,Qasim Sura,Premium,Narasaraopet,Tamil Nadu,India,2023-09-01,Active,6209.28
C001391,Abha Bhatnagar,Standard,Kozhikode,Odisha,India,2024-01-26,Active,8776.37
C001392,Champak Bose,Premium,Tiruvottiyur,Arunachal Pradesh,India,2024-11-04,Active,10380.32
C001393,Vedant Vala,Premium,Unnao,Punjab,India,2025-12-31,Active,11832.16
C001394,Lucky Balay,Standard,Jamshedpur,Uttarakhand,India,2023-08-25,Active,16707.81
C001395,Udyati Batta,Standard,Avadi,Odisha,India,2026-02-20,Active,12217.68
C001396,Darpan Talwar,Standard,Bihar Sharif,Madhya Pradesh,India,2024-01-28,Active,8564.45
C001397,Matthew Date,Enterprise,Ujjain,Manipur,India,2024-08-31,Active,6551.93
C001398,Harrison Basu,Enterprise,Bhimavaram,Bihar,India,2024-09-10,Active,12305.83
C001399,Abeer Raja,Premium,Aurangabad,Sikkim,India,2024-05-26,Active,26012.52
C001400,Madhav Dora,Premium,Ulhasnagar,Tamil Nadu,India,2025-02-06,Inactive,16084.9
C001401,Shivansh Arya,Premium,Tinsukia,Haryana,India,2024-07-17,Active,13080.6
C001402,Jeremiah Loke,Standard,Thiruvananthapuram,Uttar Pradesh,India,2023-09-26,Active,9712.35
C001403,Lopa Bhatia,Standard,Ozhukarai,Uttarakhand,India,2024-04-21,Active,10212.25
C001404,Advik Subramanian,Standard,Khora ,Arunachal Pradesh,India,2025-05-10,Active,7021.47
C001405,Damini Bedi,Standard,Ahmednagar,Karnataka,India,2026-04-05,Active,10631.2
C001406,Gunbir Jaggi,Enterprise,Machilipatnam,Jharkhand,India,2025-04-24,Active,14559.02
C001407,Kai Divan,Standard,Bhubaneswar,Tamil Nadu,India,2024-04-05,Active,11881.68
C001408,Harshil Mand,Standard,Mango,Sikkim,India,2024-08-12,Active,11750.9
C001409,Amara Seth,Premium,Delhi,Sikkim,India,2024-01-12,Active,5606.76
C001410,Sanya Rai,Enterprise,Rajahmundry,Maharashtra,India,2023-11-01,Active,9642.93
C001411,Jeremiah Anand,Premium,Bhind,Tripura,India,2024-05-13,Active,6837.62
C001412,Omisha Aggarwal,Standard,Kochi,Uttar Pradesh,India,2023-09-20,Active,10652.48
C001413,Jeremiah Tandon,Standard,Bettiah,Maharashtra,India,2025-09-12,Active,12774.28
C001414,Eesha Muni,Enterprise,Phusro,Assam,India,2023-08-24,Active,11131.65
C001415,Nicholas Kala,Standard,Siwan,Odisha,India,2026-06-19,Active,15030.43
C001416,Chanchal Seshadri,Standard,Begusarai,Tripura,India,2024-09-11,Active,13533.98
C001417,Zaid Thaman,Standard,Delhi,Uttarakhand,India,2024-03-24,Inactive,1941.49
C001418,Harshil Narain,Standard,Sultan Pur Majra,Uttar Pradesh,India,2024-05-25,Active,13446.83
C001419,Akshay Ganguly,Standard,Bhopal,Manipur,India,2023-08-23,Active,3221.49
C001420,Ekapad Uppal,Standard,Jhansi,Uttar Pradesh,India,2024-11-05,Active,5235.04
C001421,Meera Shere,Standard,Kanpur,Assam,India,2023-12-14,Active,7953.06
C001422,Gayathri Aggarwal,Standard,Amroha,Telangana,India,2025-11-24,Active,7382.56
C001423,Turvi Jhaveri,Standard,Kishanganj,Goa,India,2023-12-14,Active,11696.64
C001424,Yauvani Rao,Standard,Phagwara,Odisha,India,2023-11-20,Active,3977.8
C001425,Ekaja Badal,Standard,Gwalior,West Bengal,India,2023-08-26,Active,6178.26
C001426,Gautam Narula,Standard,Orai,Tamil Nadu,India,2026-03-17,Active,17837.64
C001427,Elijah Dar,Standard,Aurangabad,West Bengal,India,2025-08-03,Active,7301.81
C001428,Aadhya Bhatti,Premium,Pune,West Bengal,India,2025-01-09,Active,10718.09
C001429,Max Suresh,Standard,Saharsa,Gujarat,India,2025-01-28,Active,8031.06
C001430,Kala Krishnan,Premium,Ahmedabad,Odisha,India,2025-09-27,Active,5685.04
C001431,Tejas Kapadia,Enterprise,Jaipur,Jharkhand,India,2024-10-31,Inactive,9099.34
C001432,Hemal Patla,Enterprise,Thiruvananthapuram,Kerala,India,2023-11-03,Active,14336.44
C001433,Dalbir Badal,Enterprise,Khora ,Tamil Nadu,India,2025-02-06,Active,5000.95
C001434,Laksh Wagle,Premium,Bhimavaram,Madhya Pradesh,India,2024-11-19,Active,12278.61
C001435,Veda Hari,Standard,Kottayam,Bihar,India,2025-06-26,Active,12465.01
C001436,Ria Savant,Standard,Allahabad,Tamil Nadu,India,2024-07-11,Active,5822.95
C001437,Chatura Keer,Premium,Bokaro,Karnataka,India,2024-07-02,Active,9533.82
C001438,Lila Apte,Standard,Khandwa,Assam,India,2024-09-09,Active,2193.38
C001439,Zayyan Kale,Enterprise,Sirsa,Tamil Nadu,India,2025-05-07,Active,6858.47
C001440,Ridhi Deep,Standard,Visakhapatnam,Haryana,India,2023-09-10,Active,11950.99
C001441,Vritti Varughese,Standard,Pune,Odisha,India,2024-10-18,Active,9897.99
C001442,Luke Sundaram,Premium,Vadodara,Kerala,India,2025-06-13,Active,13998.81
C001443,Bhanumati Bawa,Standard,Kirari Suleman Nagar,Tamil Nadu,India,2024-06-04,Active,14500.27
C001444,Ishani Sandhu,Premium,Madurai,Odisha,India,2025-07-27,Active,8808.24
C001445,Bhavna Chada,Enterprise,Raebareli,Assam,India,2025-06-24,Active,3235.82
C001446,Yash Patla,Premium,Berhampore,Madhya Pradesh,India,2023-07-20,Active,33193.76
C001447,Rehaan Sarma,Premium,Sasaram,Uttarakhand,India,2026-01-08,Active,17340.99
C001448,Nisha Bhagat,Standard,Khandwa,West Bengal,India,2025-07-06,Active,6276.41
C001449,Kritika Narayan,Premium,Khandwa,Mizoram,India,2024-02-18,Active,14624.19
C001450,Upadhriti Jhaveri,Standard,Tiruvottiyur,Tamil Nadu,India,2024-06-21,Inactive,5661.7
C001451,Ubika Mandal,Standard,Bhatpara,Uttarakhand,India,2024-04-04,Active,11635.81
C001452,Rohan Halder,Standard,Tadipatri,Arunachal Pradesh,India,2025-03-21,Active,10299.42
C001453,Max Nath,Enterprise,Bhusawal,Himachal Pradesh,India,2024-11-16,Active,12560.61
C001454,Sanya Sem,Standard,Kakinada,Maharashtra,India,2026-01-27,Active,4957.62
C001455,Christopher Dutt,Standard,Akola,Uttarakhand,India,2026-01-10,Active,9119.62
C001456,Isaiah Ramaswamy,Premium,Chennai,Goa,India,2025-03-16,Active,5075.54
C001457,Ekani Borra,Standard,Bhubaneswar,Manipur,India,2023-10-16,Active,7493.37
C001458,Pranav Sankaran,Premium,Panipat,Uttarakhand,India,2025-09-04,Active,6902.81
C001459,Gaurang Pandey,Enterprise,Aurangabad,Chhattisgarh,India,2026-06-02,Active,17087.13
C001460,Nathaniel Bora,Standard,Sambalpur,Jharkhand,India,2025-04-28,Active,17275.16
C001461,Frado Palan,Enterprise,Ramagundam,Odisha,India,2023-07-11,Active,16852.34
C001462,Warinder Hegde,Standard,Sambhal,Meghalaya,India,2024-10-07,Active,12275.91
C001463,Manthan Samra,Standard,Jehanabad,Haryana,India,2024-04-16,Active,17739.94
C001464,Ladli Kapur,Standard,Anand,Manipur,India,2024-02-08,Active,15481.76
C001465,Matthew Kade,Standard,Etawah,Haryana,India,2026-01-25,Active,2169.4
C001466,Advika Mital,Premium,Tiruchirappalli,Mizoram,India,2024-03-13,Active,9181.74
C001467,William Chand,Premium,Agra,Haryana,India,2024-09-22,Active,16405.51
C001468,Rushil Shenoy,Standard,Alappuzha,Arunachal Pradesh,India,2024-02-27,Inactive,9568.94
C001469,Krishna Gokhale,Standard,Vijayawada,Rajasthan,India,2024-12-27,Active,6104.0
C001470,Alka Munshi,Standard,Bokaro,Assam,India,2024-04-01,Active,10365.32
C001471,Dominic Bhattacharyya,Standard,Malegaon,Tripura,India,2026-02-23,Active,16569.36
C001472,Chandran Bhat,Enterprise,Jamshedpur,Uttarakhand,India,2024-01-17,Active,8922.22
C001473,Ati Dass,Standard,Tiruppur,Andhra Pradesh,India,2023-09-22,Inactive,11792.1
C001474,Andrew Bhasin,Enterprise,Bihar Sharif,Assam,India,2024-02-03,Active,6372.44
C001475,Aditya Sur,Standard,Bardhaman,Bihar,India,2025-04-14,Active,8083.95
C001476,Anirudh Bumb,Standard,Hajipur,Maharashtra,India,2025-08-12,Active,5136.97
C001477,Vihaan Cheema,Standard,Tumkur,Uttarakhand,India,2024-01-09,Active,2368.15
C001478,Diya Sarma,Standard,Rajkot,Sikkim,India,2024-10-28,Active,4544.64
C001479,Abhiram Borde,Enterprise,Salem,Madhya Pradesh,India,2024-02-26,Active,14102.75
C001480,Kritika Ravel,Standard,Ahmednagar,Goa,India,2024-05-22,Active,10119.91
C001481,Wriddhish Agrawal,Standard,Sambalpur,Meghalaya,India,2024-07-03,Active,26048.4
C001482,Neha Mohan,Enterprise,Unnao,Chhattisgarh,India,2025-06-22,Active,6366.11
C001483,Chaitaly Devi,Standard,Hospet,Odisha,India,2023-10-14,Active,8934.26
C001484,Manbir Keer,Premium,North Dumdum,Odisha,India,2025-03-07,Active,7284.04
C001485,Chameli Maharaj,Standard,South Dumdum,Nagaland,India,2026-03-13,Active,7162.92
C001486,Gagan Pandit,Standard,Arrah,Manipur,India,2026-03-06,Active,6081.9
C001487,Prisha Mody,Enterprise,Bhavnagar,Meghalaya,India,2023-07-29,Active,8505.7
C001488,Nimrat Purohit,Premium,Panipat,Goa,India,2024-12-27,Active,9538.32
C001489,Pratyush Master,Enterprise,Barasat,Meghalaya,India,2025-01-11,Active,6928.56
C001490,Caleb Pandya,Enterprise,Sambalpur,Uttar Pradesh,India,2025-10-21,Active,8892.24
C001491,Yashoda Varty,Standard,Bhiwani,Jharkhand,India,2025-08-07,Active,6078.68
C001492,Charan Varma,Standard,Tadipatri,Meghalaya,India,2026-02-01,Active,16818.81
C001493,Bhavya Nazareth,Standard,Berhampur,Sikkim,India,2024-05-04,Inactive,9236.3
C001494,Zaid Pandey,Premium,Tiruppur,Jharkhand,India,2024-11-20,Active,13130.26
C001495,Avni Master,Enterprise,Sangli-Miraj & Kupwad,Manipur,India,2025-12-18,Active,11993.37
C001496,Chakradhar Parmar,Premium,Jhansi,Mizoram,India,2025-07-11,Active,24110.37
C001497,Widisha Karpe,Standard,Shahjahanpur,Gujarat,India,2024-05-01,Active,6256.59
C001498,Veer Ravi,Premium,Fatehpur,Telangana,India,2025-06-19,Active,13729.55
C001499,Bhavya Ahuja,Standard,Latur,Kerala,India,2025-04-09,Active,15309.5
C001500,Yutika Narayan,Standard,Rajpur Sonarpur,Manipur,India,2023-12-31,Active,13118.48
C001501,Waida Sathe,Enterprise,Aligarh,West Bengal,India,2024-10-12,Active,10952.6
C001502,Jalsa Balasubramanian,Standard,Secunderabad,Assam,India,2026-01-14,Active,12999.01
C001503,Tamanna Agate,Standard,Aurangabad,Goa,India,2026-06-16,Active,9260.13
C001504,Rohan Khosla,Premium,Tiruppur,Andhra Pradesh,India,2024-07-27,Active,13207.36
C001505,Jagvi Bhasin,Standard,Raiganj,Goa,India,2024-06-24,Inactive,8220.46
C001506,Mohammed Chaudhary,Premium,Chandrapur,Tripura,India,2023-07-02,Active,4601.99
C001507,Gaurang Dugar,Standard,Madhyamgram,Meghalaya,India,2025-08-28,Active,8154.78
C001508,Ekavir Chawla,Standard,Eluru,Uttar Pradesh,India,2025-11-13,Inactive,9365.74
C001509,Bhanumati Gara,Standard,Surat,Kerala,India,2025-02-22,Active,15082.05
C001510,Yatan Salvi,Premium,Bidhannagar,Uttar Pradesh,India,2023-09-03,Active,14548.95
C001511,Avi Sarin,Standard,Gulbarga,West Bengal,India,2023-07-07,Active,25406.09
C001512,Aryan Cheema,Standard,Berhampur,Meghalaya,India,2023-09-14,Inactive,2921.2
C001513,Faris Uppal,Premium,Avadi,West Bengal,India,2025-04-03,Active,6186.13
C001514,Vasana Kota,Premium,Mangalore,Andhra Pradesh,India,2023-11-05,Active,14115.99
C001515,Andrew Loke,Standard,Saharanpur,Goa,India,2026-03-26,Active,4777.04
C001516,Qasim Bhatt,Standard,Gudivada,Gujarat,India,2023-10-05,Active,15026.14
C001517,Max Barman,Enterprise,Jodhpur,Tamil Nadu,India,2023-07-28,Active,11784.15
C001518,Rachit Cherian,Standard,Gorakhpur,Maharashtra,India,2025-10-15,Active,4927.59
C001519,Pushti Dubey,Standard,Karimnagar,Arunachal Pradesh,India,2025-10-22,Active,9560.32
C001520,Nilima Tella,Premium,Malegaon,Arunachal Pradesh,India,2024-06-11,Active,8539.21
C001521,Naveen Datta,Standard,Bhopal,Arunachal Pradesh,India,2023-07-25,Active,11884.46
C001522,Hardik Chand,Standard,Shimla,Haryana,India,2025-06-09,Active,7987.88
C001523,Ayush Sama,Standard,Sonipat,Odisha,India,2025-12-01,Active,8837.35
C001524,Damini Kata,Standard,Indore,Nagaland,India,2024-08-05,Active,9901.62
C001525,Sachi Choudhry,Standard,Hosur,Uttarakhand,India,2025-06-01,Active,9643.0
C001526,Adweta Randhawa,Standard,Panihati,Odisha,India,2024-09-18,Active,3487.01
C001527,Kalpit Magar,Standard,Berhampore,Assam,India,2024-10-13,Inactive,9409.22
C001528,Chaman Bhavsar,Premium,Srinagar,Uttarakhand,India,2024-03-16,Active,6683.88
C001529,Chandresh Seshadri,Enterprise,Bilaspur,Arunachal Pradesh,India,2025-05-01,Active,11981.8
C001530,Advik Soman,Standard,Alappuzha,Himachal Pradesh,India,2026-06-04,Active,14236.4
C001531,Sudiksha Rai,Premium,Imphal,Arunachal Pradesh,India,2024-04-20,Active,9770.58
C001532,Victor Rout,Standard,Shivpuri,Mizoram,India,2024-06-26,Active,24947.48
C001533,Ekavir Rai,Standard,Bellary,Jharkhand,India,2024-07-22,Inactive,5662.26
C001534,Samuel Sundaram,Standard,Tadepalligudem,Tripura,India,2026-03-01,Active,9840.04
C001535,Agastya Chakrabarti,Standard,Meerut,Rajasthan,India,2025-12-09,Active,31434.45
C001536,Faqid Kannan,Standard,Aurangabad,Nagaland,India,2023-10-31,Active,13520.94
C001537,Daniel Kannan,Premium,Pune,Uttar Pradesh,India,2024-12-14,Active,14662.11
C001538,Balveer Lad,Premium,Sambalpur,Himachal Pradesh,India,2023-10-12,Active,10731.64
C001539,Maanav Ramaswamy,Standard,Kalyan-Dombivli,Maharashtra,India,2026-04-28,Active,4321.63
C001540,Dayamai Gara,Standard,Hyderabad,Mizoram,India,2024-12-24,Active,8581.72
C001541,Ayushman Bail,Enterprise,Mumbai,Haryana,India,2024-11-24,Active,9242.02
C001542,Kabir Bhasin,Enterprise,Naihati,Manipur,India,2024-12-12,Active,15103.89
C001543,Ishani Hayer,Enterprise,Ongole,Haryana,India,2024-04-28,Active,2631.43
C001544,Sanya Kota,Standard,Panihati,Chhattisgarh,India,2026-01-23,Active,6448.92
C001545,Robert Varughese,Standard,Dewas,Goa,India,2026-01-13,Active,8970.41
C001546,Tripti Sundaram,Standard,Kadapa,Kerala,India,2023-11-30,Active,5682.39
C001547,Rachana Agate,Standard,Motihari,Haryana,India,2025-02-16,Inactive,14350.4
C001548,Anamika Sheth,Standard,Malegaon,Gujarat,India,2023-07-22,Active,15915.45
C001549,Neha Khalsa,Premium,Hapur,Arunachal Pradesh,India,2024-01-28,Active,6951.61
C001550,Aarush Goyal,Enterprise,Yamunanagar,Kerala,India,2024-06-16,Active,11002.42
C001551,Ati Pall,Premium,Shahjahanpur,Himachal Pradesh,India,2024-12-16,Active,11798.88
C001552,Tara Mall,Premium,Salem,Himachal Pradesh,India,2023-11-18,Active,20640.06
C001553,Rayaan Kata,Standard,Kulti,Chhattisgarh,India,2025-02-20,Active,9231.21
C001554,Matthew Palan,Standard,Mathura,Kerala,India,2024-07-12,Active,12350.64
C001555,Onveer Singh,Standard,Ludhiana,Tripura,India,2023-10-15,Active,14559.62
C001556,Varenya Kari,Standard,Dewas,Gujarat,India,2026-06-14,Active,3971.34
C001557,Aryan Sehgal,Standard,Karimnagar,Telangana,India,2026-01-15,Active,16212.82
C001558,Aarav Rajagopalan,Standard,Guntakal,Haryana,India,2024-06-06,Active,14651.86
C001559,Nandini Dhawan,Standard,Gurgaon,Haryana,India,2023-09-27,Active,9103.12
C001560,Bakhshi Kala,Standard,Howrah,Mizoram,India,2025-01-30,Active,5277.06
C001561,Vasana Zacharia,Standard,Bettiah,Manipur,India,2024-03-08,Active,6822.61
C001562,Upasna Pant,Premium,Nadiad,Mizoram,India,2023-09-16,Active,3375.67
C001563,Amruta Sandal,Standard,Durgapur,Sikkim,India,2025-05-30,Active,22658.24
C001564,Yashodhara Badal,Standard,Bhalswa Jahangir Pur,Assam,India,2026-05-11,Active,15451.63
C001565,Ranveer Dhingra,Premium,Kalyan-Dombivli,Sikkim,India,2024-07-28,Active,6785.98
C001566,Dalaja Dhaliwal,Standard,Anantapur,Goa,India,2024-10-09,Active,16838.07
C001567,Chaaya Balasubramanian,Premium,Karimnagar,Nagaland,India,2026-02-28,Active,27974.48
C001568,Yatan Dani,Standard,Tirunelveli,Bihar,India,2024-03-03,Active,3775.43
C001569,Wakeeta Muni,Premium,Tiruchirappalli,Assam,India,2026-03-17,Active,4353.07
C001570,Daksha Kala,Standard,Aligarh,Himachal Pradesh,India,2024-12-28,Active,19304.87
C001571,Darsh Bose,Standard,Ramagundam,Tripura,India,2026-05-11,Active,11304.86
C001572,Vasatika Nayar,Standard,Mumbai,Kerala,India,2025-09-02,Active,3707.81
C001573,Mason Thakkar,Standard,Gudivada,Karnataka,India,2025-07-10,Inactive,5436.22
C001574,Yoshita Warrior,Standard,Coimbatore,Rajasthan,India,2026-04-27,Active,8203.59
C001575,Ethan Khanna,Standard,Ichalkaranji,Himachal Pradesh,India,2025-08-31,Active,7749.87
C001576,Dalaja Peri,Premium,South Dumdum,Uttarakhand,India,2026-04-12,Active,5992.26
C001577,Ekbal Kuruvilla,Premium,Nandyal,West Bengal,India,2023-08-24,Active,5234.24
C001578,Liam Saini,Standard,Kharagpur,Bihar,India,2025-08-23,Active,6368.68
C001579,Ati Soman,Standard,Anantapuram,Himachal Pradesh,India,2024-07-19,Active,7976.15
C001580,Ryan Korpal,Enterprise,Narasaraopet,Meghalaya,India,2023-08-30,Active,10277.63
C001581,Yashoda Raghavan,Premium,Hospet,Chhattisgarh,India,2026-01-10,Active,4543.37
C001582,Finn Batra,Premium,Karnal,Meghalaya,India,2024-09-22,Active,15398.07
C001583,Ikshita Sami,Enterprise,Arrah,Maharashtra,India,2025-02-23,Active,10210.72
C001584,Dalbir Kara,Enterprise,Proddatur,Manipur,India,2026-01-15,Active,11637.06
C001585,Omya Deshmukh,Premium,Tiruppur,Tamil Nadu,India,2025-05-26,Active,3089.3
C001586,Manan Krish,Standard,Bikaner,Uttar Pradesh,India,2024-10-17,Active,5946.33
C001587,Gabriel Pathak,Standard,Kurnool,Jharkhand,India,2026-04-17,Active,6983.52
C001588,Veda Ravi,Enterprise,Sasaram,Rajasthan,India,2025-05-14,Active,7603.06
C001589,Waida Kaul,Enterprise,Sasaram,Tamil Nadu,India,2026-05-17,Active,13373.86
C001590,Chaman Divan,Standard,Aligarh,Bihar,India,2024-03-22,Active,7678.1
C001591,Oeshi Bhatia,Premium,Dehri,Assam,India,2024-06-06,Active,19749.26
C001592,Harita Subramanian,Standard,Pondicherry,Gujarat,India,2025-01-28,Active,12429.98
C001593,Mohammed Krish,Standard,Vijayawada,Maharashtra,India,2025-01-06,Active,11084.06
C001594,Ijaya Sekhon,Standard,Srikakulam,Assam,India,2026-05-29,Active,3363.36
C001595,Shivani Sama,Standard,Sambhal,Gujarat,India,2024-12-17,Inactive,5481.17
C001596,Samarth Majumdar,Premium,Morena,Tripura,India,2023-07-19,Active,8285.78
C001597,Aahana Badal,Standard,Pudukkottai,Karnataka,India,2026-05-31,Active,3704.44
C001598,Urishilla Date,Standard,Cuttack,Arunachal Pradesh,India,2024-04-14,Active,4856.63
C001599,Raagini Bahri,Enterprise,Hosur,Chhattisgarh,India,2025-10-24,Active,8845.58
C001600,Amrita Anand,Standard,Ahmednagar,Chhattisgarh,India,2023-08-18,Active,12400.47
C001601,Rohan Padmanabhan,Premium,Buxar,Telangana,India,2026-06-12,Active,6749.91
C001602,Isaiah Solanki,Enterprise,Ludhiana,Gujarat,India,2024-09-09,Active,13818.97
C001603,Kritika Chandra,Premium,Mangalore,Jharkhand,India,2025-01-10,Active,9278.16
C001604,Anika Chakraborty,Premium,Alappuzha,Tripura,India,2024-01-04,Inactive,4158.11
C001605,Girish Raghavan,Premium,Bareilly,Uttar Pradesh,India,2024-07-24,Active,9667.93
C001606,Sai Buch,Standard,Barasat,Gujarat,India,2025-05-26,Active,9900.33
C001607,Aishani Dara,Enterprise,Bhagalpur,Himachal Pradesh,India,2026-06-18,Active,2763.32
C001608,Aarini Gala,Premium,Nanded,Odisha,India,2026-03-21,Active,10740.13
C001609,Maya Saini,Standard,Noida,Goa,India,2024-05-03,Active,3615.96
C001610,Hemangini Varghese,Standard,Gandhinagar,West Bengal,India,2026-05-18,Active,15849.34
C001611,Sai Prashad,Standard,Guntakal,Madhya Pradesh,India,2026-03-01,Active,6172.67
C001612,Zayyan Pau,Standard,Firozabad,West Bengal,India,2023-07-08,Inactive,12611.64
C001613,Lavanya Toor,Premium,Tenali,Kerala,India,2023-08-20,Active,9329.92
C001614,Vasudha Gaba,Enterprise,Aizawl,Mizoram,India,2025-04-17,Inactive,4567.35
C001615,Jeevika Chad,Standard,North Dumdum,Karnataka,India,2025-01-11,Active,5948.27
C001616,Urvi Dugar,Premium,Bikaner,Assam,India,2024-03-09,Active,3026.96
C001617,Ijaya Deshpande,Standard,Chittoor,Jharkhand,India,2023-12-14,Active,12870.01
C001618,Watika Chada,Standard,Thiruvananthapuram,Karnataka,India,2025-06-07,Active,6534.22
C001619,Bhavya Balakrishnan,Premium,Sirsa,Madhya Pradesh,India,2026-02-11,Active,5667.86
C001620,Frado Dhingra,Enterprise,Medininagar,Tamil Nadu,India,2023-09-01,Active,6813.04
C001621,Balveer Keer,Enterprise,Raipur,Chhattisgarh,India,2026-06-19,Active,10785.28
C001622,Faqid Pathak,Premium,Mehsana,Nagaland,India,2024-10-18,Active,3946.34
C001623,Dalaja Randhawa,Standard,Gulbarga,Odisha,India,2026-05-23,Active,6474.54
C001624,Bakhshi Barad,Premium,Bijapur,Mizoram,India,2023-10-23,Inactive,7901.32
C001625,Anamika Wali,Standard,Panchkula,Maharashtra,India,2025-07-26,Active,2605.93
C001626,Wriddhish Mohanty,Enterprise,Gandhinagar,Madhya Pradesh,India,2025-06-30,Active,9065.34
C001627,Chakrika Reddy,Standard,Nagaon,Mizoram,India,2024-06-22,Active,7492.95
C001628,Urvashi Hans,Premium,Ghaziabad,Odisha,India,2025-05-04,Active,6974.6
C001629,Xalak Tandon,Standard,Munger,Gujarat,India,2025-07-08,Active,7046.2
C001630,Harsh Lala,Standard,Jamshedpur,Jharkhand,India,2025-04-10,Active,15498.3
C001631,Sudiksha Desai,Standard,Dhule,Tripura,India,2024-07-22,Active,9824.06
C001632,Gaurav Sibal,Premium,Amritsar,Gujarat,India,2025-07-19,Active,11373.9
C001633,Eesha Bandi,Standard,Ghaziabad,Kerala,India,2023-12-08,Active,11387.83
C001634,Sudiksha Bhatnagar,Standard,Pimpri-Chinchwad,Haryana,India,2024-07-21,Active,4315.55
C001635,Lakshit Devan,Standard,Ongole,Jharkhand,India,2023-08-20,Active,9981.49
C001636,Dev Mishra,Standard,Satara,Bihar,India,2025-02-17,Active,4014.77
C001637,Sudiksha Agate,Standard,Narasaraopet,West Bengal,India,2023-09-20,Active,8121.89
C001638,Kamala Maharaj,Standard,Dhanbad,Jharkhand,India,2025-03-11,Active,8504.66
C001639,Eiravati Sanghvi,Standard,Dindigul,Meghalaya,India,2023-08-30,Active,11800.55
C001640,Gavin Buch,Standard,Chandrapur,Assam,India,2025-06-20,Active,12505.01
C001641,Utkarsh Peri,Premium,Farrukhabad,Tripura,India,2024-05-13,Active,13267.1
C001642,Xalak Bala,Premium,Bellary,Himachal Pradesh,India,2024-03-31,Active,6528.28
C001643,Neelima Rastogi,Premium,Dehri,Punjab,India,2026-01-25,Active,16847.42
C001644,Gunbir Bose,Standard,Shimla,Jharkhand,India,2025-08-01,Inactive,6027.66
C001645,Matthew Shan,Standard,Munger,Odisha,India,2023-08-17,Active,4984.94
C001646,Jairaj Hayre,Standard,Haridwar,West Bengal,India,2025-09-21,Active,7575.63
C001647,Naksh Sundaram,Standard,Bhind,Sikkim,India,2024-06-08,Active,7527.02
C001648,Brinda Johal,Standard,Madanapalle,Mizoram,India,2024-04-25,Active,3268.21
C001649,Pranit Mody,Standard,Junagadh,Nagaland,India,2024-08-25,Active,8364.85
C001650,Abha Salvi,Premium,Srikakulam,Arunachal Pradesh,India,2024-07-22,Active,12576.62
C001651,Oliver Solanki,Enterprise,Ratlam,Tamil Nadu,India,2025-04-04,Active,9027.51
C001652,Neha Bhardwaj,Premium,Serampore,Assam,India,2023-09-24,Active,13400.44
C001653,Hritik Dugar,Enterprise,Ramagundam,Assam,India,2024-06-18,Active,9318.25
C001654,Dalaja Dyal,Standard,Satara,Maharashtra,India,2025-05-06,Active,12882.87
C001655,Bakhshi Prabhu,Premium,Uluberia,Kerala,India,2025-09-05,Active,7616.27
C001656,Anmol Dhillon,Standard,Ujjain,Rajasthan,India,2023-07-11,Active,7488.08
C001657,Faris Chakrabarti,Standard,Berhampore,Manipur,India,2026-04-21,Active,21604.5
C001658,Barkha Rau,Standard,Thiruvananthapuram,Meghalaya,India,2025-09-22,Active,14988.16
C001659,Zansi Ravel,Standard,Kottayam,Odisha,India,2024-07-15,Active,16098.05
C001660,Hemangini Dewan,Premium,Kirari Suleman Nagar,Punjab,India,2024-06-12,Active,18694.29
C001661,Damini Dasgupta,Standard,Durg,Chhattisgarh,India,2025-08-16,Active,15675.27
C001662,Warinder Kumar,Premium,Ratlam,Gujarat,India,2024-01-26,Active,3098.87
C001663,Oscar Sarraf,Premium,Jaunpur,Meghalaya,India,2025-10-26,Active,9720.29
C001664,Udyati Lata,Premium,Hindupur,Haryana,India,2025-07-07,Active,11544.17
C001665,Hritik Shankar,Enterprise,Muzaffarnagar,Bihar,India,2025-10-26,Active,11321.01
C001666,Yauvani Kalla,Premium,Vasai-Virar,Manipur,India,2026-04-04,Active,10263.7
C001667,Nachiket Koshy,Standard,Bardhaman,Bihar,India,2024-03-20,Active,12700.29
C001668,Ijaya Patla,Premium,Bhusawal,Gujarat,India,2025-01-03,Active,20490.23
C001669,Avni Sem,Standard,South Dumdum,Tripura,India,2023-10-22,Active,8383.98
C001670,Banjeet Pau,Enterprise,Ahmednagar,Gujarat,India,2023-12-26,Active,7692.9
C001671,Saumya Nigam,Standard,Dhanbad,Goa,India,2025-10-11,Active,20078.86
C001672,Triveni Nayar,Standard,Sangli-Miraj & Kupwad,Gujarat,India,2026-04-06,Active,8707.68
C001673,Mitesh Bava,Enterprise,Visakhapatnam,Andhra Pradesh,India,2023-10-30,Active,6059.14
C001674,Shravya Yadav,Standard,Rajahmundry,Maharashtra,India,2025-01-24,Active,13961.24
C001675,Yashodhara Baral,Standard,Pune,Assam,India,2024-11-10,Active,7634.49
C001676,Hardik Chokshi,Enterprise,Thanjavur,Madhya Pradesh,India,2024-06-19,Active,10320.71
C001677,Amrita Morar,Standard,Davanagere,Odisha,India,2025-06-03,Active,13310.56
C001678,Madhavi Bose,Standard,Gangtok,Gujarat,India,2025-11-20,Active,3098.46
C001679,Vasatika Nagi,Standard,Dhanbad,Himachal Pradesh,India,2024-01-14,Active,8554.08
C001680,Xiti Sarkar,Premium,Mathura,Himachal Pradesh,India,2025-07-20,Active,15697.92
C001681,Meera Yadav,Standard,Gandhinagar,Himachal Pradesh,India,2024-12-10,Active,8906.93
C001682,Rudra Jhaveri,Standard,Muzaffarpur,West Bengal,India,2024-01-14,Active,5422.04
C001683,Nidra Dass,Premium,Kottayam,West Bengal,India,2025-04-07,Active,12906.0
C001684,Nicholas Kashyap,Enterprise,Dhanbad,Telangana,India,2025-01-02,Active,13042.79
C001685,Vasatika Bhatti,Standard,Tezpur,Uttar Pradesh,India,2024-02-15,Active,6427.35
C001686,Varenya Ahuja,Premium,Bhatpara,Karnataka,India,2024-08-15,Active,30423.89
C001687,Umang Chandran,Premium,Tadepalligudem,Bihar,India,2024-12-09,Active,5325.56
C001688,Widisha Tata,Premium,Mathura,Telangana,India,2025-01-27,Inactive,7625.76
C001689,Deepa Lall,Standard,Ratlam,Karnataka,India,2024-08-25,Active,16583.66
C001690,Kamya Murty,Premium,Bhubaneswar,Sikkim,India,2023-12-10,Active,6984.68
C001691,Advaith Pai,Premium,Bathinda,Telangana,India,2025-03-14,Active,20039.5
C001692,Sathvik Raja,Enterprise,Burhanpur,Karnataka,India,2025-03-09,Inactive,11910.67
C001693,Janya Mane,Premium,Chapra,Odisha,India,2024-01-19,Active,8673.3
C001694,Harshil Dayal,Standard,Saharanpur,West Bengal,India,2025-06-17,Active,12424.23
C001695,Nikita Anand,Standard,Siwan,Uttarakhand,India,2025-12-19,Active,14662.79
C001696,Eesha Borah,Standard,Sultan Pur Majra,Karnataka,India,2026-02-27,Active,10672.74
C001697,Zinal Sachar,Premium,Kavali,Bihar,India,2024-01-09,Active,13910.06
C001698,Unnati Mistry,Standard,Bhopal,Maharashtra,India,2023-08-22,Active,11207.26
C001699,Onkar Kulkarni,Standard,Udupi,Telangana,India,2025-07-30,Active,12093.9
C001700,Nachiket Ravi,Premium,Hyderabad,Madhya Pradesh,India,2023-12-01,Active,2737.19
C001701,Riya Purohit,Standard,Udaipur,Nagaland,India,2026-02-22,Active,7185.09
C001702,Rushil Balan,Standard,Alappuzha,Arunachal Pradesh,India,2024-08-18,Active,4494.33
C001703,Chatresh Dasgupta,Standard,Agra,Chhattisgarh,India,2024-03-25,Active,14986.73
C001704,Gabriel Handa,Premium,Katni,Uttar Pradesh,India,2025-12-09,Active,8284.87
C001705,Nathan Lall,Standard,Proddatur,Maharashtra,India,2026-06-22,Active,10883.71
C001706,Rajata Batra,Standard,Sangli-Miraj & Kupwad,Maharashtra,India,2025-07-14,Active,5188.78
C001707,Isaac Goyal,Enterprise,Bhubaneswar,Karnataka,India,2025-02-07,Active,7449.07
C001708,Manya Palan,Standard,Bhilwara,Andhra Pradesh,India,2025-10-06,Active,10169.51
C001709,Pranav Kala,Premium,Tiruchirappalli,Maharashtra,India,2024-11-03,Active,17567.91
C001710,Utkarsh Yogi,Standard,Indore,Goa,India,2025-10-22,Active,4087.11
C001711,Ojas Choudhury,Premium,Bongaigaon,Assam,India,2023-07-14,Active,6901.17
C001712,Harshil Mani,Premium,Kishanganj,Himachal Pradesh,India,2024-02-02,Inactive,13887.72
C001713,Zayan Roy,Standard,Panipat,Mizoram,India,2024-11-08,Active,9689.52
C001714,Aarnav Kumar,Enterprise,Akola,West Bengal,India,2025-04-04,Active,7723.46
C001715,Chaitaly Radhakrishnan,Standard,Bhiwani,Punjab,India,2023-08-29,Active,12928.05
C001716,Vanya Sant,Standard,South Dumdum,Kerala,India,2025-09-14,Active,5718.46
C001717,Adweta Virk,Enterprise,Anantapuram,Uttarakhand,India,2023-12-02,Active,4441.75
C001718,Azad Barad,Standard,Guwahati,Telangana,India,2024-12-08,Active,6264.85
C001719,Yutika Sandal,Enterprise,Visakhapatnam,Gujarat,India,2026-01-13,Active,8664.06
C001720,Harish Badami,Standard,Gandhidham,Himachal Pradesh,India,2025-11-15,Active,21962.34
C001721,Reva Bhargava,Standard,Bhalswa Jahangir Pur,Himachal Pradesh,India,2023-10-29,Inactive,7869.61
C001722,Riya Devan,Standard,Gudivada,Meghalaya,India,2025-01-24,Active,8667.64
C001723,Samar Sinha,Enterprise,Amritsar,Kerala,India,2023-06-28,Inactive,10653.86
C001724,Nirja Pingle,Standard,Pudukkottai,Chhattisgarh,India,2026-01-23,Active,8072.85
C001725,Gaurang Patel,Standard,Patiala,Chhattisgarh,India,2023-08-06,Active,29150.03
C001726,Warinder Hayre,Enterprise,Nagpur,Nagaland,India,2023-12-23,Active,8106.2
C001727,Mohammed Ratti,Premium,Sikar,Nagaland,India,2026-03-17,Active,1752.38
C001728,Jeevika Kata,Premium,Jaipur,Kerala,India,2023-10-28,Active,12847.4
C001729,Krishna Prabhu,Enterprise,Srikakulam,Nagaland,India,2024-02-09,Active,4798.55
C001730,Fariq Borah,Enterprise,Shimla,Odisha,India,2024-02-23,Active,16173.19
C001731,Aadi Kant,Standard,South Dumdum,West Bengal,India,2025-06-14,Active,9957.12
C001732,Eshana Iyengar,Premium,Darbhanga,Jharkhand,India,2024-10-09,Active,17355.76
C001733,Chaitaly Rao,Standard,Aurangabad,Goa,India,2023-09-05,Active,10077.59
C001734,Anthony Dayal,Standard,Pimpri-Chinchwad,Jharkhand,India,2026-01-06,Active,7299.37
C001735,Lopa Keer,Standard,Mau,Andhra Pradesh,India,2025-08-29,Inactive,10991.34
C001736,Barkha Gokhale,Standard,New Delhi,Punjab,India,2023-06-25,Active,4548.87
C001737,Nisha Mital,Standard,Barasat,Tripura,India,2026-03-08,Active,5425.28
C001738,Yashvi Narasimhan,Standard,Bulandshahr,Madhya Pradesh,India,2026-06-11,Active,6717.71
C001739,Faras Sant,Standard,Mathura,Madhya Pradesh,India,2025-01-09,Active,2110.74
C001740,Michael Tata,Standard,Tumkur,Mizoram,India,2023-07-06,Active,6903.54
C001741,Sneha Puri,Standard,Raipur,Rajasthan,India,2024-09-03,Active,6712.6
C001742,Charita Wagle,Enterprise,Dibrugarh,Meghalaya,India,2024-11-23,Active,6584.63
C001743,Lila Setty,Standard,Gangtok,Karnataka,India,2023-07-05,Active,6448.43
C001744,Ekbal Mann,Standard,Bijapur,Uttarakhand,India,2023-07-02,Active,10200.54
C001745,Gaurav Kuruvilla,Standard,Katihar,Arunachal Pradesh,India,2025-07-20,Active,5784.01
C001746,Thomas Magar,Standard,Mango,Tripura,India,2025-02-14,Active,10792.36
C001747,Bhavna Cheema,Enterprise,Bhiwani,Kerala,India,2024-10-09,Inactive,3753.51
C001748,Vasudha Kadakia,Standard,Kharagpur,Telangana,India,2026-01-14,Active,19728.55
C001749,Bishakha Ghose,Enterprise,Siliguri,Sikkim,India,2024-11-19,Active,3967.85
C001750,Arin Salvi,Standard,Ballia,Uttar Pradesh,India,2025-06-08,Active,3645.0
C001751,Nathaniel Nayar,Standard,Ozhukarai,Maharashtra,India,2026-03-12,Active,9347.56
C001752,Zashil Sha,Standard,Mira-Bhayandar,Maharashtra,India,2026-01-12,Active,15449.59
C001753,Kashish Sura,Enterprise,Davanagere,Goa,India,2025-01-13,Active,5519.31
C001754,Daniel Ratti,Standard,Vasai-Virar,Assam,India,2026-03-01,Active,7432.03
C001755,Widisha Batta,Standard,Coimbatore,Karnataka,India,2026-03-21,Inactive,16601.24
C001756,Yug Chawla,Standard,Sonipat,Kerala,India,2025-05-24,Active,11251.15
C001757,Bhavna Wali,Enterprise,Gandhidham,Jharkhand,India,2026-01-12,Active,12619.31
C001758,Jason Divan,Standard,Meerut,Goa,India,2024-04-08,Active,4847.78
C001759,Laksh Ramakrishnan,Standard,Mau,Meghalaya,India,2025-07-17,Inactive,3076.61
C001760,Nisha Hari,Enterprise,Bettiah,Odisha,India,2026-01-08,Active,5632.78
C001761,Tarak Ratti,Premium,Ambattur,Himachal Pradesh,India,2024-01-06,Active,16062.16
C001762,Bakhshi Suresh,Premium,Belgaum,Assam,India,2025-08-16,Active,11235.89
C001763,Falan Chad,Standard,Motihari,Himachal Pradesh,India,2026-02-26,Active,19737.94
C001764,Abhimanyu Jani,Standard,Mumbai,Haryana,India,2026-04-13,Active,11448.15
C001765,Wahab Gala,Standard,Bharatpur,Mizoram,India,2024-03-06,Active,9171.98
C001766,Yashoda Sarna,Standard,Parbhani,Jharkhand,India,2024-01-01,Active,3582.85
C001767,Pranav Bath,Standard,Shimla,Arunachal Pradesh,India,2025-10-30,Active,9836.25
C001768,Oni Khosla,Premium,Pimpri-Chinchwad,Tamil Nadu,India,2025-03-03,Active,9288.73
C001769,Radha Vaidya,Standard,Sultan Pur Majra,Odisha,India,2026-01-11,Active,8589.74
C001770,Gaurang Gade,Standard,Jamshedpur,Madhya Pradesh,India,2024-07-11,Active,12364.47
C001771,Jagvi Khatri,Premium,Bhiwandi,Tamil Nadu,India,2026-05-14,Active,17399.36
C001772,Indali Thaman,Standard,Rohtak,Assam,India,2024-12-02,Active,9782.68
C001773,Upasna Madan,Standard,Ichalkaranji,Gujarat,India,2025-12-18,Active,12857.56
C001774,Wakeeta Raman,Standard,Mumbai,Arunachal Pradesh,India,2023-07-05,Active,2238.85
C001775,Abeer Buch,Standard,Nizamabad,Assam,India,2024-05-13,Active,10363.51
C001776,Yashodhara Kade,Standard,Jaunpur,Telangana,India,2023-11-21,Active,11697.34
C001777,Jasmit Acharya,Standard,Etawah,Gujarat,India,2023-12-31,Active,19082.48
C001778,Aditya Balan,Premium,Gudivada,Kerala,India,2025-10-25,Active,6703.1
C001779,Osha Chokshi,Standard,Tumkur,Himachal Pradesh,India,2026-03-30,Active,5170.04
C001780,Siya Trivedi,Enterprise,Naihati,Rajasthan,India,2025-08-01,Active,11881.24
C001781,Siddharth Mallick,Premium,Jammu,Arunachal Pradesh,India,2024-01-12,Active,4800.86
C001782,Dalbir Mital,Premium,Vellore,Karnataka,India,2025-01-30,Active,6465.9
C001783,Shravya Iyer,Premium,Bhubaneswar,Chhattisgarh,India,2024-11-26,Active,15779.11
C001784,Ekanta Kaul,Standard,Kolhapur,West Bengal,India,2025-02-20,Active,5714.97
C001785,Osha Handa,Premium,Bellary,Goa,India,2023-07-18,Active,24050.83
C001786,Ekaraj Bora,Standard,Proddatur,Sikkim,India,2025-01-23,Active,10128.79
C001787,Zansi Kashyap,Standard,Machilipatnam,Karnataka,India,2025-11-16,Active,7728.09
C001788,Lavanya Keer,Standard,Dharmavaram,Karnataka,India,2024-04-30,Active,9736.15
C001789,Vinaya Batta,Standard,Pimpri-Chinchwad,Madhya Pradesh,India,2024-04-06,Active,3358.68
C001790,Qushi Singhal,Standard,Nellore,Meghalaya,India,2025-01-28,Active,7279.64
C001791,Pallavi Saini,Standard,Adoni,Andhra Pradesh,India,2025-11-19,Active,13680.57
C001792,Mohammed Sane,Standard,Deoghar,Manipur,India,2026-05-31,Active,13662.28
C001793,Ansh Dugar,Premium,New Delhi,Rajasthan,India,2024-09-14,Active,9176.13
C001794,Nikita Badami,Standard,Sri Ganganagar,Assam,India,2025-04-05,Active,18636.99
C001795,Anvi Garde,Enterprise,Berhampore,Mizoram,India,2025-12-15,Active,10899.06
C001796,Hemangini Bains,Standard,Buxar,West Bengal,India,2024-04-15,Active,18387.66
C001797,Ikshita Choudhary,Standard,Thane,Tripura,India,2025-10-06,Inactive,9404.84
C001798,Urmi Puri,Standard,Ratlam,Nagaland,India,2026-04-20,Active,13078.29
C001799,Max Sunder,Standard,Mehsana,Gujarat,India,2024-03-02,Active,13976.22
C001800,Ekantika Munshi,Enterprise,Patiala,Goa,India,2023-09-09,Active,6985.95
C001801,Vaishnavi Lal,Enterprise,Bhilwara,Himachal Pradesh,India,2025-07-07,Active,20009.69
C001802,Wazir Mohan,Standard,Guwahati,Nagaland,India,2023-09-01,Inactive,5949.64
C001803,Wazir Gade,Standard,Raipur,Nagaland,India,2024-12-08,Active,18758.38
C001804,Champak Goswami,Standard,Satna,Assam,India,2026-02-17,Active,10786.62
C001805,Prisha Reddy,Premium,Unnao,Jharkhand,India,2024-05-03,Active,10490.77
C001806,Finn Bhasin,Enterprise,Bharatpur,Nagaland,India,2025-08-12,Active,8974.94
C001807,Gaurangi Bail,Enterprise,Srinagar,Bihar,India,2026-04-24,Active,8409.63
C001808,Jacob Purohit,Standard,Shivpuri,Uttarakhand,India,2025-10-30,Active,5596.66
C001809,Nicholas Sidhu,Premium,Bangalore,Rajasthan,India,2024-07-04,Active,10328.14
C001810,Jhalak Doctor,Premium,Gopalpur,Tripura,India,2026-04-12,Active,6140.97
C001811,Gaurangi Jayaraman,Standard,Rourkela,Telangana,India,2025-02-11,Active,5513.83
C001812,Gunbir Bassi,Standard,Bongaigaon,Manipur,India,2024-11-05,Active,15254.13
C001813,Ati Sekhon,Standard,Dhule,Tamil Nadu,India,2025-08-25,Active,11665.14
C001814,Omaja Handa,Standard,Bokaro,Himachal Pradesh,India,2026-02-01,Active,5590.47
C001815,Neel Bahri,Standard,Udaipur,Manipur,India,2024-03-05,Active,8629.52
C001816,Bina Shah,Premium,Buxar,West Bengal,India,2025-02-12,Active,9892.34
C001817,Wyatt Raja,Standard,Jehanabad,Odisha,India,2025-02-12,Active,5788.42
C001818,Lucky Gill,Standard,Rajpur Sonarpur,West Bengal,India,2024-12-27,Active,3816.48
C001819,Anita Dalal,Premium,Faridabad,Jharkhand,India,2026-04-08,Active,15436.7
C001820,Kai Gopal,Standard,Katihar,Meghalaya,India,2023-08-29,Active,6695.2
C001821,Matthew Bhatti,Enterprise,Guntur,Andhra Pradesh,India,2025-11-24,Active,9087.58
C001822,Vrishti Pandit,Enterprise,Imphal,Karnataka,India,2024-01-25,Active,12842.37
C001823,Avni Rama,Standard,Sambhal,Tripura,India,2024-11-12,Active,21536.1
C001824,Azad Mutti,Premium,Muzaffarnagar,Madhya Pradesh,India,2025-12-25,Inactive,5553.61
C001825,Adya Mand,Premium,Rewa,Uttar Pradesh,India,2023-07-23,Active,13091.31
C001826,Nilima Basak,Premium,Bhind,Himachal Pradesh,India,2023-10-22,Active,11485.61
C001827,Krisha Rao,Premium,Tezpur,Maharashtra,India,2025-01-25,Active,9616.04
C001828,Netra Soni,Enterprise,Tumkur,Kerala,India,2025-09-01,Active,3531.43
C001829,Kiaan Kuruvilla,Standard,Tirupati,Sikkim,India,2024-11-20,Active,18997.03
C001830,Yadavi Shankar,Enterprise,Karawal Nagar,Maharashtra,India,2023-12-24,Inactive,6538.89
C001831,Parth Kapadia,Standard,Moradabad,Kerala,India,2024-02-27,Active,7459.02
C001832,Wyatt Mitter,Enterprise,Kakinada,West Bengal,India,2025-10-16,Active,4187.03
C001833,Daksh Lalla,Standard,Burhanpur,Goa,India,2023-07-25,Active,14600.21
C001834,Devika Saini,Standard,Hindupur,Haryana,India,2024-03-25,Active,7780.83
C001835,Om Varty,Standard,Bhiwani,Rajasthan,India,2026-02-12,Active,9056.76
C001836,Ekta Sani,Premium,Rourkela,Meghalaya,India,2025-07-07,Active,16750.74
C001837,Devika Ray,Standard,Kolkata,Goa,India,2024-11-07,Active,1347.74
C001838,Nachiket Doctor,Premium,Davanagere,Maharashtra,India,2024-12-24,Active,8469.65
C001839,Agastya Patel,Premium,Ambala,Uttarakhand,India,2024-10-11,Active,6768.93
C001840,Suhani Varty,Premium,Giridih,Nagaland,India,2026-02-18,Active,4853.73
C001841,Pallavi Purohit,Enterprise,Secunderabad,Karnataka,India,2025-08-27,Active,25097.89
C001842,Michael Narain,Standard,Begusarai,Andhra Pradesh,India,2024-08-21,Active,21327.56
C001843,Gauri Gour,Premium,Giridih,Maharashtra,India,2023-11-21,Active,14729.19
C001844,Sathvik Bhakta,Standard,Raurkela Industrial Township,Chhattisgarh,India,2025-05-06,Active,9782.61
C001845,Priya Shere,Standard,Kozhikode,Odisha,India,2025-04-29,Active,9225.31
C001846,Frederick Bala,Standard,Guntur,Uttar Pradesh,India,2024-09-07,Active,4548.54
C001847,Veer Dhaliwal,Standard,Jehanabad,West Bengal,India,2025-10-22,Active,11892.41
C001848,Aashi Sekhon,Premium,Shimoga,Mizoram,India,2025-08-26,Active,7685.26
C001849,Oni Halder,Premium,Kolhapur,Chhattisgarh,India,2024-10-12,Inactive,10632.55
C001850,Vansha Sen,Standard,Nashik,Gujarat,India,2024-12-02,Active,7534.02
C001851,Amol Sane,Standard,Gopalpur,Chhattisgarh,India,2024-10-12,Active,6003.16
C001852,Yamini Naik,Standard,Dhule,Himachal Pradesh,India,2024-01-27,Active,11002.68
C001853,Luke Ahuja,Premium,Giridih,Andhra Pradesh,India,2025-04-17,Active,6565.12
C001854,Januja Bassi,Standard,Mysore,West Bengal,India,2025-11-03,Active,11762.11
C001855,Shivani Bora,Standard,Vellore,Meghalaya,India,2023-07-19,Active,28480.83
C001856,Dhriti Tank,Standard,Mirzapur,Bihar,India,2024-03-11,Active,10689.05
C001857,Viraj Wable,Enterprise,Bihar Sharif,Manipur,India,2025-12-18,Active,5153.29
C001858,Faqid Oza,Standard,Anantapur,Himachal Pradesh,India,2024-06-23,Inactive,7670.17
C001859,Anthony Manda,Enterprise,Pudukkottai,Karnataka,India,2024-06-05,Active,6582.46
C001860,Fitan Tripathi,Standard,Raiganj,West Bengal,India,2024-11-06,Active,9851.59
C001861,Caleb Gandhi,Premium,Hajipur,Madhya Pradesh,India,2025-02-12,Active,7539.17
C001862,Farhan Krishna,Standard,Navi Mumbai,Himachal Pradesh,India,2025-01-06,Active,13196.19
C001863,Rohan Murty,Standard,Secunderabad,Himachal Pradesh,India,2024-02-12,Active,14250.87
C001864,Nathan Goda,Standard,Rajpur Sonarpur,Kerala,India,2025-07-31,Active,8315.86
C001865,Aishani Bora,Standard,Chittoor,Chhattisgarh,India,2026-01-10,Active,9720.59
C001866,Saanvi Sheth,Standard,Junagadh,Madhya Pradesh,India,2024-07-06,Active,10085.39
C001867,Alka Dani,Standard,Jehanabad,Nagaland,India,2025-09-25,Active,17998.65
C001868,Damyanti Prashad,Standard,Siwan,Tamil Nadu,India,2024-10-23,Active,7739.54
C001869,Nachiket Atwal,Standard,Aizawl,Gujarat,India,2024-09-25,Active,5399.39
C001870,Yash Baral,Standard,Mumbai,Arunachal Pradesh,India,2024-02-17,Active,4739.11
C001871,Radha Rajagopalan,Enterprise,Kalyan-Dombivli,Punjab,India,2025-01-27,Active,14565.38
C001872,Maanav Gaba,Enterprise,Bhatpara,Kerala,India,2026-01-20,Active,15694.13
C001873,Yauvani Ganguly,Standard,Bhatpara,Karnataka,India,2024-08-17,Active,8842.89
C001874,Aditya Mallick,Standard,Jodhpur,Tripura,India,2024-02-26,Active,9305.11
C001875,Tarak Doctor,Standard,Kakinada,Madhya Pradesh,India,2023-11-21,Active,25406.33
C001876,Warhi Basu,Enterprise,Suryapet,Haryana,India,2024-03-15,Active,6860.52
C001877,Upadhriti Jhaveri,Standard,Thrissur,Goa,India,2025-06-19,Active,7009.11
C001878,Qasim Nath,Premium,Delhi,Andhra Pradesh,India,2023-08-28,Active,3930.58
C001879,Upadhriti Mitra,Standard,Bangalore,Assam,India,2024-08-19,Active,7204.23
C001880,Kritika Deol,Premium,Kolhapur,Tripura,India,2026-02-13,Active,7853.45
C001881,Yug Khanna,Standard,Sambhal,Manipur,India,2024-09-04,Inactive,5410.32
C001882,Bhavani Ravi,Premium,Morbi,Goa,India,2025-11-24,Active,8633.22
C001883,Warjas Virk,Premium,Bellary,Gujarat,India,2026-05-18,Active,9319.55
C001884,Zaid Mall,Standard,Katihar,Bihar,India,2025-07-24,Active,9533.72
C001885,Lucky Rege,Standard,Singrauli,Mizoram,India,2026-04-04,Active,4093.3
C001886,Upadhriti Dugar,Premium,Thoothukudi,Uttar Pradesh,India,2024-09-14,Inactive,13151.41
C001887,Bachittar Kannan,Standard,Tadipatri,Odisha,India,2024-04-04,Active,23753.93
C001888,Chakradhar Bhattacharyya,Standard,Berhampur,Nagaland,India,2024-06-04,Active,3581.56
C001889,Pranav Raj,Standard,Thiruvananthapuram,Jharkhand,India,2026-02-09,Active,17562.62
C001890,Odika Badami,Standard,Jabalpur,Assam,India,2024-09-19,Active,20661.21
C001891,Chatresh Anne,Premium,Pondicherry,Himachal Pradesh,India,2025-09-06,Active,15633.97
C001892,Chaman Swaminathan,Standard,Jalandhar,West Bengal,India,2024-03-24,Active,16721.09
C001893,Manthan Choudhry,Enterprise,Hubli–Dharwad,Manipur,India,2025-05-21,Active,10987.65
C001894,Siya Kale,Enterprise,Aurangabad,Jharkhand,India,2025-01-15,Active,9478.95
C001895,Mitali Deshpande,Standard,Bhimavaram,Odisha,India,2025-01-29,Active,6915.03
C001896,Rajeshri Sibal,Standard,Tadipatri,Chhattisgarh,India,2025-06-28,Active,8574.24
C001897,Jason Kumer,Standard,Sagar,Uttarakhand,India,2025-03-11,Active,9148.47
C001898,Dalaja Kalla,Standard,Pali,Haryana,India,2023-10-21,Active,5488.44
C001899,Rachana Borah,Standard,Mangalore,Manipur,India,2024-12-10,Active,13612.11
C001900,Daksha Tailor,Premium,Nellore,Andhra Pradesh,India,2025-03-01,Active,7525.19
C001901,Reyansh Kota,Standard,Hyderabad,Karnataka,India,2026-06-10,Inactive,11798.79
C001902,Urishilla Dora,Standard,Buxar,Assam,India,2025-06-02,Active,11435.61
C001903,Abhiram Kibe,Standard,Dehri,Karnataka,India,2026-04-20,Active,8704.05
C001904,Janya Bhatti,Standard,Berhampur,Assam,India,2025-04-01,Active,11726.29
C001905,Yashoda Grover,Standard,Ramgarh,Maharashtra,India,2023-12-20,Active,8113.18
C001906,Madhav Sama,Premium,Miryalaguda,Tripura,India,2024-01-18,Inactive,6775.48
C001907,Triya Khalsa,Standard,Imphal,Uttarakhand,India,2026-01-17,Active,11829.51
C001908,Veer Wable,Enterprise,Mirzapur,West Bengal,India,2025-02-21,Active,6474.48
C001909,Triveni Chaudhary,Standard,Pune,Himachal Pradesh,India,2024-09-09,Active,1477.7
C001910,Vinaya Sawhney,Standard,Bijapur,Punjab,India,2025-02-07,Active,11804.83
C001911,Dev Batta,Standard,Sagar,Arunachal Pradesh,India,2026-06-21,Active,11932.8
C001912,Dhruv Tank,Premium,Jhansi,Tamil Nadu,India,2026-06-19,Active,5966.79
C001913,Saanvi Bakshi,Enterprise,Madanapalle,Gujarat,India,2026-03-12,Active,7131.08
C001914,Wazir Dar,Enterprise,Bokaro,Chhattisgarh,India,2023-10-21,Active,4849.77
C001915,Nachiket Nadig,Standard,Begusarai,Telangana,India,2023-10-30,Active,6510.79
C001916,Aarav Grewal,Standard,Singrauli,Haryana,India,2024-02-02,Active,7462.05
C001917,William Dar,Standard,Dibrugarh,Assam,India,2023-11-30,Active,4333.59
C001918,Kashish Reddy,Premium,Tinsukia,West Bengal,India,2023-11-20,Active,5670.96
C001919,William Tandon,Standard,Chandigarh,Gujarat,India,2025-05-17,Active,7043.5
C001920,Gagan Karnik,Standard,Bidhannagar,Tripura,India,2026-06-17,Active,2901.32
C001921,Lakshmi Jayaraman,Standard,Aurangabad,Arunachal Pradesh,India,2023-12-19,Active,12442.86
C001922,Peter Lall,Premium,Hapur,Mizoram,India,2024-01-22,Active,12901.76
C001923,Zashil Sodhi,Premium,Agra,Mizoram,India,2025-09-23,Active,2483.01
C001924,Abhiram Krishnan,Premium,Alwar,Odisha,India,2025-05-19,Active,11230.38
C001925,Tanmayi Madan,Standard,Rajahmundry,Maharashtra,India,2024-06-08,Active,17056.11
C001926,Bhavya Chander,Standard,Shimoga,West Bengal,India,2026-01-06,Active,14817.45
C001927,Zehaan Borah,Standard,Bhiwandi,Tamil Nadu,India,2025-01-18,Active,16068.42
C001928,Anjali Mannan,Premium,Kanpur,Odisha,India,2025-04-11,Active,15271.1
C001929,Quincy Korpal,Enterprise,Indore,Nagaland,India,2023-08-20,Active,7986.03
C001930,Bachittar Dar,Premium,Vellore,Tamil Nadu,India,2026-05-09,Active,4469.33
C001931,Nandini Dave,Standard,Solapur,Karnataka,India,2024-01-19,Active,17817.67
C001932,Ishita Thakkar,Premium,Rewa,Punjab,India,2025-11-17,Active,19889.23
C001933,Lekha Ranganathan,Standard,Saharanpur,Odisha,India,2025-03-17,Active,9875.08
C001934,Tanvi Morar,Standard,Howrah,Chhattisgarh,India,2025-12-05,Inactive,7512.85
C001935,Yatan Choudhary,Standard,Morena,Punjab,India,2024-06-03,Active,13598.29
C001936,Utkarsh Dhingra,Premium,Kakinada,Mizoram,India,2025-04-04,Active,12226.76
C001937,Falguni Bahl,Standard,Raurkela Industrial Township,Uttarakhand,India,2025-01-13,Active,11550.03
C001938,Omaja Sawhney,Standard,Pune,Assam,India,2024-11-04,Active,5326.33
C001939,Damyanti Lalla,Premium,Purnia,Punjab,India,2024-05-17,Active,12918.09
C001940,Unnati Kapur,Standard,Satna,Mizoram,India,2023-07-22,Active,3079.85
C001941,Raagini Cherian,Standard,Kozhikode,Madhya Pradesh,India,2025-04-20,Active,8342.97
C001942,Dev Rout,Enterprise,Bhagalpur,Arunachal Pradesh,India,2023-09-03,Active,9089.22
C001943,Kamala Chhabra,Standard,Chittoor,Mizoram,India,2025-08-18,Active,15894.67
C001944,Lekha Muni,Premium,Gandhinagar,Mizoram,India,2025-04-04,Active,8658.67
C001945,Chandani Chanda,Standard,Phagwara,Uttarakhand,India,2023-11-10,Active,15587.59
C001946,Luke Chandra,Standard,Narasaraopet,Telangana,India,2026-01-19,Active,9062.43
C001947,Aryan Master,Standard,Gulbarga,Mizoram,India,2023-11-25,Active,12986.2
C001948,Sarthak Lad,Premium,Solapur,Andhra Pradesh,India,2023-07-28,Active,23728.49
C001949,Ati Raju,Premium,Bhopal,Sikkim,India,2025-02-06,Active,7096.73
C001950,Nisha Sama,Premium,Mirzapur,Kerala,India,2024-07-04,Active,10435.78
C001951,Lajita Bhavsar,Premium,Bhopal,Arunachal Pradesh,India,2026-02-16,Active,2983.47
C001952,Jeremiah Comar,Premium,Tirunelveli,Odisha,India,2025-12-12,Active,19111.96
C001953,Jacob Chaudry,Standard,Jehanabad,West Bengal,India,2025-07-14,Active,9671.3
C001954,Rajata Jani,Premium,Jammu,Manipur,India,2023-10-22,Active,18156.48
C001955,Atharv Saini,Standard,Hajipur,Nagaland,India,2025-12-19,Active,6498.81
C001956,Jeevika Doctor,Standard,Avadi,Telangana,India,2025-11-28,Active,4275.7
C001957,Ryan Kata,Enterprise,Salem,Jharkhand,India,2025-07-05,Active,9449.33
C001958,Falak Ratti,Enterprise,Sagar,Gujarat,India,2024-11-07,Active,5811.11
C001959,Ekani Iyer,Premium,Tinsukia,Bihar,India,2024-03-29,Inactive,10095.4
C001960,Aarna Lata,Standard,Hapur,Uttar Pradesh,India,2026-03-18,Active,4460.56
C001961,Ikbal Kade,Enterprise,Bally,Goa,India,2024-06-13,Active,24215.89
C001962,Aarav Korpal,Standard,Vellore,Meghalaya,India,2025-09-29,Active,3860.25
C001963,Amrita Vohra,Premium,Suryapet,Assam,India,2026-03-16,Active,8130.04
C001964,Mohini Rajan,Standard,Secunderabad,Andhra Pradesh,India,2025-01-27,Inactive,6376.78
C001965,Vihaan Zacharia,Premium,Khammam,Haryana,India,2025-05-17,Active,2439.5
C001966,Hitesh Edwin,Standard,Karnal,Meghalaya,India,2026-03-24,Active,3522.51
C001967,Kavya Munshi,Premium,Dehri,Punjab,India,2024-12-10,Active,11534.23
C001968,Divya Kapur,Premium,Siliguri,Sikkim,India,2026-01-21,Inactive,5987.24
C001969,Hamsini Brar,Standard,Avadi,Punjab,India,2024-02-14,Active,7408.55
C001970,Aachal Uppal,Enterprise,Imphal,Tripura,India,2026-02-09,Active,7394.01
C001971,Ekaja Choudhry,Standard,Kota,Himachal Pradesh,India,2024-04-13,Active,8969.57
C001972,Nitara Shetty,Standard,Jammu,Tripura,India,2025-05-08,Active,12076.43
C001973,Bachittar Agate,Enterprise,Mangalore,Maharashtra,India,2024-12-03,Active,5374.35
C001974,Manthan Sekhon,Standard,Amaravati,Haryana,India,2025-10-28,Active,6797.03
C001975,Wishi Balakrishnan,Premium,Uluberia,Arunachal Pradesh,India,2024-11-27,Active,20904.18
C001976,Yashvi Shroff,Enterprise,Anantapur,Tamil Nadu,India,2025-05-24,Active,13761.53
C001977,Yatan Basak,Standard,Bhiwani,Nagaland,India,2025-03-31,Active,6468.48
C001978,Banjeet Sharma,Standard,Madurai,Chhattisgarh,India,2025-05-08,Active,6133.92
C001979,Ati Narain,Premium,Raipur,Tamil Nadu,India,2025-03-03,Active,5416.48
C001980,Ishaan Pillai,Premium,Panchkula,Rajasthan,India,2025-11-14,Active,11049.11
C001981,Jhalak Bobal,Premium,Etawah,Punjab,India,2024-08-22,Inactive,9774.6
C001982,Zarna Palla,Standard,Bellary,Uttarakhand,India,2024-09-16,Active,9313.34
C001983,Advik Dey,Premium,Thanjavur,Gujarat,India,2025-09-18,Active,5507.35
C001984,Maanas Kapoor,Standard,Silchar,Chhattisgarh,India,2023-08-10,Inactive,9244.08
C001985,Gautami Zacharia,Standard,Phagwara,Odisha,India,2024-09-10,Active,9869.95
C001986,Qushi Dhingra,Standard,Pondicherry,West Bengal,India,2023-09-18,Inactive,11623.36
C001987,Tanveer Bala,Standard,Secunderabad,Mizoram,India,2024-10-16,Active,6196.68
C001988,Ekavir Gara,Premium,Bellary,Goa,India,2024-10-10,Active,14816.09
C001989,Amrita Mukherjee,Standard,Kavali,Chhattisgarh,India,2025-09-06,Inactive,15691.82
C001990,Bhavna Mistry,Standard,Shimla,Uttar Pradesh,India,2023-10-21,Active,2117.57
C001991,Amaira Lata,Standard,Vasai-Virar,Jharkhand,India,2025-02-09,Active,3966.2
C001992,Bina Manne,Standard,Gandhinagar,Rajasthan,India,2026-06-12,Active,15319.35
C001993,Qasim Shanker,Premium,Nagpur,Telangana,India,2026-03-27,Active,17848.5
C001994,Naksh De,Standard,Dehri,Kerala,India,2024-02-28,Active,15157.17
C001995,Hemal Chawla,Standard,Suryapet,Manipur,India,2026-02-05,Active,8784.04
C001996,Jagat Bail,Standard,Srikakulam,Assam,India,2026-02-02,Active,6978.82
C001997,Abha Nagi,Premium,Ajmer,Tamil Nadu,India,2023-08-22,Active,16174.98
C001998,Om Biswas,Standard,Kavali,Maharashtra,India,2026-03-25,Active,19802.27
C001999,Kavya Sandal,Standard,Vadodara,Arunachal Pradesh,India,2026-06-01,Active,5553.1
C002000,Ekta Om,Premium,Visakhapatnam,Chhattisgarh,India,2025-09-23,Active,13627.33
C002001,Nandini Kapoor,Standard,Malegaon,Jharkhand,India,2023-12-31,Active,10849.18
C002002,Dalaja Dalal,Standard,Korba,Jharkhand,India,2024-03-18,Active,3522.91
C002003,Wahab Mukhopadhyay,Standard,Vadodara,Kerala,India,2025-08-18,Active,3717.5
C002004,Rajata Jaggi,Standard,Anantapur,Rajasthan,India,2023-12-04,Active,6950.72
C002005,Gagan Sarma,Standard,Gaya,Bihar,India,2025-07-30,Active,8333.88
C002006,Ucchal Lad,Standard,Tiruchirappalli,Andhra Pradesh,India,2024-12-22,Active,10925.41
C002007,Yashoda Divan,Standard,Berhampur,Gujarat,India,2025-09-18,Active,11729.5
C002008,Ijaya Krishna,Standard,Muzaffarpur,Andhra Pradesh,India,2026-03-21,Active,10664.42
C002009,Dhriti Mohanty,Standard,Nandyal,Uttarakhand,India,2026-03-31,Active,19688.61
C002010,Ojas Sood,Standard,Dehradun,Andhra Pradesh,India,2024-03-26,Active,9014.11
C002011,Max Natt,Standard,Ramgarh,Mizoram,India,2025-04-10,Active,9328.09
C002012,Mitesh Issac,Standard,Latur,Jharkhand,India,2024-03-09,Active,13704.78
C002013,Chatresh Sagar,Premium,Sikar,Jharkhand,India,2024-09-15,Active,8403.1
C002014,Xiti Deo,Enterprise,Saharsa,Manipur,India,2023-11-21,Active,16208.3
C002015,Garima Karnik,Standard,Kanpur,Haryana,India,2025-11-23,Active,9208.8
C002016,Lajita Parmer,Standard,Bharatpur,Uttar Pradesh,India,2024-09-16,Active,4848.18
C002017,Upma Chandran,Standard,Morbi,Jharkhand,India,2023-08-31,Active,12866.98
C002018,Noah Kala,Standard,Bulandshahr,Nagaland,India,2026-02-24,Active,18685.19
C002019,Raksha Rai,Standard,Ghaziabad,Arunachal Pradesh,India,2023-08-13,Active,18942.3
C002020,Charles Bhardwaj,Standard,Tiruvottiyur,Goa,India,2024-05-08,Active,5621.54
C002021,Nitara Sinha,Premium,Ghaziabad,Tamil Nadu,India,2023-09-19,Active,8574.18
C002022,Oliver Kulkarni,Premium,Jalandhar,Madhya Pradesh,India,2024-03-13,Active,5713.87
C002023,Turvi Sankar,Premium,Bardhaman,Chhattisgarh,India,2026-02-26,Active,2327.62
C002024,Ranbir Dayal,Standard,Khammam,Maharashtra,India,2024-01-25,Active,9155.33
C002025,Zaitra Bajaj,Standard,Bhavnagar,Kerala,India,2025-08-30,Active,6802.84
C002026,Ubika Prakash,Standard,Tenali,Rajasthan,India,2025-10-17,Active,3709.43
C002027,Jagrati Tella,Standard,Noida,Assam,India,2024-09-24,Active,9107.92
C002028,Ekaja Saha,Standard,Nizamabad,Kerala,India,2023-11-17,Active,11141.28
C002029,Ojas Dash,Standard,Agra,Gujarat,India,2024-04-30,Active,4608.88
C002030,Chandran Lata,Premium,Nagercoil,Nagaland,India,2026-06-20,Active,21357.93
C002031,Baghyawati Loke,Premium,Mehsana,Assam,India,2024-04-14,Active,5666.92
C002032,Idika Bawa,Enterprise,Kadapa,Himachal Pradesh,India,2024-08-21,Active,5185.46
C002033,Parth Arya,Standard,Bhiwani,Telangana,India,2024-11-07,Active,9321.4
C002034,Yadavi Brahmbhatt,Standard,Jabalpur,Uttar Pradesh,India,2025-05-15,Active,3138.53
C002035,Siya Gera,Standard,Gandhidham,Mizoram,India,2024-03-31,Active,5754.39
C002036,Garima Bora,Standard,Jammu,Jharkhand,India,2026-01-19,Active,21150.98
C002037,Idika Kar,Enterprise,Visakhapatnam,Mizoram,India,2024-04-29,Active,15469.89
C002038,Vedika Gupta,Standard,Kalyan-Dombivli,Tripura,India,2023-12-19,Active,5824.31
C002039,Onkar Dewan,Standard,Kollam,Bihar,India,2025-06-25,Active,4111.51
C002040,Dev Nagar,Standard,Bijapur,Manipur,India,2024-01-20,Active,5502.08
C002041,Nilima Badal,Standard,Raichur,Gujarat,India,2025-12-08,Inactive,6101.13
C002042,Nakul Murty,Standard,Ghaziabad,Odisha,India,2025-07-10,Active,8291.28
C002043,Bishakha Keer,Standard,Tenali,Uttarakhand,India,2023-10-21,Active,14907.14
C002044,Dipta Date,Premium,Gurgaon,Haryana,India,2023-09-21,Active,38564.54
C002045,Jalsa Dora,Standard,Chittoor,Meghalaya,India,2023-12-30,Active,6179.58
C002046,Ubika Chhabra,Enterprise,Kolhapur,Telangana,India,2025-01-22,Active,6821.75
C002047,Varsha Saini,Premium,Ballia,West Bengal,India,2024-08-08,Active,14487.24
C002048,Samar Ravi,Standard,Korba,Jharkhand,India,2024-03-06,Active,9432.5
C002049,Aarav Mann,Standard,Phagwara,Nagaland,India,2023-09-14,Active,5636.64
C002050,Wridesh Bava,Standard,Giridih,Madhya Pradesh,India,2026-06-21,Inactive,5530.17
C002051,Saumya Dhawan,Enterprise,Ajmer,Tamil Nadu,India,2025-05-15,Active,6257.24
C002052,Chanchal Mangat,Enterprise,Rampur,Assam,India,2024-07-02,Active,15939.91
C002053,Urishilla Patla,Standard,Thrissur,Uttarakhand,India,2026-06-07,Active,20362.93
C002054,Lavanya Bhatnagar,Standard,Jammu,Madhya Pradesh,India,2025-02-21,Active,9016.61
C002055,Oviya Venkataraman,Premium,Berhampur,Nagaland,India,2025-03-02,Active,2473.65
C002056,Kalpit Choudhury,Standard,Burhanpur,Uttarakhand,India,2024-03-13,Active,4184.02
C002057,Harrison Bora,Standard,Mehsana,Nagaland,India,2024-03-18,Active,10403.16
C002058,Eesha Chaudry,Standard,Rampur,Tripura,India,2026-02-03,Active,9120.48
C002059,Watika Keer,Premium,Bhubaneswar,Uttar Pradesh,India,2025-04-07,Active,7259.93
C002060,Jagat Lall,Standard,Mathura,Andhra Pradesh,India,2023-11-28,Active,4242.31
C002061,Hardik Pandey,Standard,Karnal,Madhya Pradesh,India,2026-05-14,Active,2881.72
C002062,Daksha Garde,Enterprise,Ichalkaranji,Madhya Pradesh,India,2023-09-17,Active,14173.28
C002063,Chaman Ravel,Enterprise,Mumbai,Himachal Pradesh,India,2025-01-01,Active,4153.18
C002064,Irya Garg,Standard,Katni,Andhra Pradesh,India,2023-12-20,Active,15993.91
C002065,Qarin Bhat,Standard,Agartala,Manipur,India,2023-09-11,Active,9639.67
C002066,Akshay Soni,Standard,Noida,Gujarat,India,2024-01-17,Active,11768.3
C002067,Vivaan Roy,Standard,Bahraich,Meghalaya,India,2025-02-09,Inactive,7624.37
C002068,Jeet Dave,Standard,Sambalpur,West Bengal,India,2026-01-22,Active,8889.79
C002069,Damini Dasgupta,Standard,Gurgaon,Mizoram,India,2024-07-19,Active,13719.18
C002070,Tanmayi Merchant,Premium,Durg,Arunachal Pradesh,India,2024-11-15,Active,21704.16
C002071,Wridesh Lalla,Standard,Phagwara,Tamil Nadu,India,2024-04-03,Active,15944.65
C002072,Mitesh Dalal,Premium,Haldia,Rajasthan,India,2023-12-22,Active,18848.15
C002073,Aditya Divan,Standard,Mathura,Haryana,India,2024-11-17,Active,2638.61
C002074,Isaac Karan,Standard,Panchkula,Uttar Pradesh,India,2026-04-03,Active,7904.02
C002075,Siddharth Vasa,Premium,Katihar,Kerala,India,2024-01-24,Active,6312.4
C002076,Logan Sheth,Premium,Gwalior,Haryana,India,2024-01-28,Active,12279.9
C002077,Urmi Varkey,Standard,Jaipur,Madhya Pradesh,India,2025-12-28,Active,14588.4
C002078,Anita Anne,Standard,Mau,Haryana,India,2024-05-14,Active,9142.24
C002079,Chaitanya Shetty,Premium,Bhusawal,Rajasthan,India,2024-05-07,Active,11211.18
C002080,Maya Balakrishnan,Premium,Bhimavaram,Nagaland,India,2023-11-30,Inactive,13031.62
C002081,Unnati Upadhyay,Standard,Amravati,Chhattisgarh,India,2023-11-23,Active,8092.7
C002082,Inaya Shah,Standard,Karnal,Haryana,India,2025-05-30,Active,10633.49
C002083,Utkarsh Mall,Standard,Hajipur,Karnataka,India,2024-03-23,Active,9321.61
C002084,Ikshita Kala,Premium,Bhopal,Punjab,India,2024-12-14,Active,16835.93
C002085,Saksham Mall,Standard,Gangtok,Punjab,India,2026-03-20,Active,9433.46
C002086,Zehaan Parmar,Standard,Warangal,West Bengal,India,2024-10-18,Active,10734.72
C002087,Ekta Rege,Premium,Deoghar,Uttarakhand,India,2023-07-26,Active,4759.97
C002088,Ryan Murty,Standard,Kozhikode,Maharashtra,India,2023-10-14,Active,11779.8
C002089,Samar Mitra,Standard,Dharmavaram,Madhya Pradesh,India,2025-11-22,Active,5222.45
C002090,Gauri Bail,Standard,Sikar,Goa,India,2025-12-25,Active,2000.84
C002091,Dhruv Chaudhry,Enterprise,Chapra,Himachal Pradesh,India,2023-07-29,Active,5907.49
C002092,Vincent Khatri,Standard,Shahjahanpur,Odisha,India,2023-10-15,Inactive,11554.24
C002093,Teerth Tak,Standard,Buxar,Telangana,India,2024-11-05,Active,3639.7
C002094,Vedhika Butala,Standard,Warangal,Tripura,India,2024-03-01,Active,14623.98
C002095,Tejas Kadakia,Enterprise,Kurnool,Meghalaya,India,2023-08-11,Active,11212.43
C002096,Gautam Chaudhari,Standard,Kollam,Meghalaya,India,2024-11-13,Active,22055.57
C002097,Lekha Bhasin,Standard,Vadodara,Uttar Pradesh,India,2023-10-05,Active,12864.15
C002098,Ishaan Sami,Premium,Nagpur,Odisha,India,2026-03-17,Active,7446.93
C002099,Fiyaz Goswami,Standard,Adoni,Chhattisgarh,India,2023-07-04,Active,8216.49
C002100,Kalpit Bhakta,Standard,Pallavaram,Uttar Pradesh,India,2024-08-19,Active,13135.72
C002101,Azad Venkatesh,Standard,Karimnagar,Gujarat,India,2023-11-14,Active,16579.2
C002102,Vaishnavi Datta,Standard,Panchkula,Madhya Pradesh,India,2023-08-31,Inactive,10908.25
C002103,Tanish Prashad,Premium,Faridabad,Tamil Nadu,India,2025-01-25,Active,16500.81
C002104,Baljiwan Dhaliwal,Standard,Thanjavur,Rajasthan,India,2026-05-28,Active,9423.02
C002105,Champak Bahri,Standard,Jorhat,Bihar,India,2024-12-28,Active,13964.19
C002106,Janya Konda,Standard,Lucknow,Meghalaya,India,2026-05-26,Active,29230.51
C002107,Chaman Chawla,Standard,Jaipur,Goa,India,2025-09-16,Active,8864.88
C002108,Hema Sant,Standard,Amravati,Sikkim,India,2025-01-18,Active,9666.88
C002109,Aishani Raman,Enterprise,Phagwara,Bihar,India,2026-06-07,Active,7813.7
C002110,Veda Sandhu,Standard,Rajahmundry,Manipur,India,2024-05-10,Active,5232.4
C002111,Warjas Tailor,Standard,Cuttack,Rajasthan,India,2026-04-05,Active,9971.14
C002112,Lohit Babu,Standard,Tirupati,Kerala,India,2025-05-24,Active,20381.43
C002113,Rehaan Raju,Standard,Gaya,Uttar Pradesh,India,2025-05-28,Active,7527.39
C002114,Nakul Choudhry,Premium,Mathura,Odisha,India,2023-08-14,Active,7064.18
C002115,Shaurya Garg,Standard,Anand,Assam,India,2025-01-21,Inactive,8954.78
C002116,Chakradhar Jain,Standard,Udupi,Himachal Pradesh,India,2025-08-05,Active,8815.35
C002117,Manya Brar,Enterprise,Bhind,Madhya Pradesh,India,2025-03-25,Active,8311.27
C002118,Chaitaly Sami,Premium,Coimbatore,Tamil Nadu,India,2025-07-22,Active,6864.28
C002119,Frederick Chakraborty,Standard,Rajahmundry,Arunachal Pradesh,India,2024-02-07,Active,17289.44
C002120,Vritti Salvi,Premium,Chennai,Assam,India,2026-05-02,Active,10730.75
C002121,Pahal Babu,Standard,Gopalpur,Rajasthan,India,2025-12-11,Active,11637.98
C002122,Bishakha Dubey,Standard,Hajipur,Punjab,India,2024-12-12,Active,5577.71
C002123,Girish Magar,Standard,Lucknow,Bihar,India,2025-05-03,Active,12705.82
C002124,Yoshita Sur,Standard,Sambhal,Bihar,India,2024-01-08,Active,10532.64
C002125,Chakradhar Dara,Standard,Bokaro,Jharkhand,India,2026-01-30,Active,8895.23
C002126,Jeremiah Chana,Standard,Secunderabad,Kerala,India,2025-08-21,Active,15405.0
C002127,Yutika Krish,Premium,Thrissur,Uttar Pradesh,India,2024-05-04,Inactive,9352.48
C002128,Bhavika Minhas,Standard,Buxar,Tripura,India,2023-11-14,Active,16104.55
C002129,Devansh Srinivas,Standard,Jamnagar,Manipur,India,2025-04-24,Active,5280.35
C002130,Orinder Bajaj,Premium,Kishanganj,Jharkhand,India,2025-02-27,Active,9374.21
C002131,Simon Sridhar,Standard,Chandigarh,Tamil Nadu,India,2024-11-22,Active,12863.56
C002132,Urmi Bir,Standard,Uluberia,Telangana,India,2023-08-14,Inactive,8780.19
C002133,Rudra Sekhon,Enterprise,Gulbarga,Andhra Pradesh,India,2025-11-29,Active,14777.44
C002134,Omaja Patel,Standard,Medininagar,Goa,India,2023-08-23,Active,9851.58
C002135,Waida Narayanan,Standard,Bangalore,Arunachal Pradesh,India,2025-07-11,Active,9481.49
C002136,Aadi Cheema,Standard,Udaipur,Haryana,India,2024-05-30,Active,4330.99
C002137,Sai Sachdev,Standard,Akola,Jharkhand,India,2026-03-31,Active,15879.89
C002138,Chatresh Dhaliwal,Enterprise,Jaipur,Meghalaya,India,2024-12-29,Active,6617.03
C002139,Hritik Iyengar,Standard,Singrauli,Tripura,India,2026-06-05,Active,18809.03
C002140,Michael Bala,Standard,Kochi,Assam,India,2024-07-03,Active,9109.13
C002141,Keya Doshi,Premium,Uluberia,Assam,India,2025-01-07,Inactive,4780.09
C002142,Samesh Maharaj,Standard,Serampore,West Bengal,India,2026-06-24,Active,10390.84
C002143,Leela Gera,Standard,Moradabad,Nagaland,India,2023-09-13,Inactive,13104.68
C002144,Alexander Morar,Enterprise,Kanpur,Madhya Pradesh,India,2024-03-29,Active,5386.05
C002145,Veer Swaminathan,Enterprise,Kishanganj,Goa,India,2024-04-15,Active,5174.54
C002146,Chakrika Kulkarni,Standard,Hospet,Telangana,India,2023-12-09,Active,12936.27
C002147,Ati Mital,Premium,Bettiah,Tripura,India,2024-11-27,Active,6473.08
C002148,Nimrat Sandal,Premium,Amritsar,Himachal Pradesh,India,2024-03-08,Active,15212.97
C002149,Damini Lad,Premium,Guna,Manipur,India,2025-02-23,Inactive,14617.53
C002150,Meghana Padmanabhan,Enterprise,Aurangabad,Tamil Nadu,India,2026-02-11,Active,13058.41
C002151,Mohammed Sehgal,Standard,Bardhaman,Odisha,India,2025-02-23,Active,20929.2
C002152,Eta Prabhu,Enterprise,Bhind,Bihar,India,2026-05-26,Active,22319.01
C002153,Turvi Bali,Standard,Bhubaneswar,Rajasthan,India,2024-06-08,Active,9223.66
C002154,Charvi Sethi,Premium,Rajahmundry,West Bengal,India,2026-04-07,Active,14019.4
C002155,Charles Randhawa,Premium,Hazaribagh,Arunachal Pradesh,India,2024-07-03,Active,9547.32
C002156,David Singh,Standard,Hazaribagh,Sikkim,India,2024-08-12,Active,14217.14
C002157,Yamini Sawhney,Standard,Pune,Telangana,India,2024-11-14,Active,8127.63
C002158,Chaman Mohan,Enterprise,Khora ,Sikkim,India,2024-02-03,Active,5934.78
C002159,Mason Mohanty,Premium,Bidar,Punjab,India,2024-03-24,Active,17399.47
C002160,Mohammed Bail,Standard,Mumbai,Maharashtra,India,2024-01-25,Active,15337.42
C002161,Gaurangi Goel,Enterprise,Agra,Tripura,India,2023-07-24,Active,15149.65
C002162,Arin Dara,Premium,Bihar Sharif,Nagaland,India,2023-10-11,Active,9764.4
C002163,Bishakha Nori,Standard,Sambhal,Meghalaya,India,2024-06-16,Active,7303.75
C002164,Chavvi Vig,Premium,Moradabad,Haryana,India,2025-05-04,Active,7149.6
C002165,Lucky Reddy,Standard,Asansol,Bihar,India,2025-06-07,Active,10887.12
C002166,Vamakshi Dani,Standard,Ambala,Manipur,India,2024-02-05,Active,5002.35
C002167,Karan Deshmukh,Standard,Kharagpur,Uttar Pradesh,India,2023-07-21,Active,5255.5
C002168,Niharika Raval,Standard,Munger,Maharashtra,India,2023-09-30,Active,5402.47
C002169,Chasmum Bose,Standard,Katihar,Tripura,India,2024-03-05,Active,16500.52
C002170,Devansh Luthra,Standard,Kharagpur,Mizoram,India,2026-01-27,Inactive,7154.59
C002171,Kashvi Chauhan,Standard,Gaya,Uttarakhand,India,2024-05-18,Active,10390.02
C002172,Zilmil Konda,Standard,Allahabad,Madhya Pradesh,India,2024-10-05,Active,31706.01
C002173,Vedika Patil,Standard,Dharmavaram,Andhra Pradesh,India,2025-02-02,Inactive,13090.7
C002174,Vedika Morar,Enterprise,Rajahmundry,Goa,India,2026-05-09,Active,8992.67
C002175,Sai Khatri,Standard,Rewa,Mizoram,India,2023-11-23,Active,3110.43
C002176,Idika Handa,Standard,Anantapur,Madhya Pradesh,India,2026-01-20,Active,7171.5
C002177,Zayan Aurora,Standard,Tiruvottiyur,Manipur,India,2025-02-16,Active,5106.24
C002178,Amruta Mangal,Standard,Pune,Karnataka,India,2024-06-01,Active,6963.95
C002179,Arunima Goda,Standard,Jabalpur,Chhattisgarh,India,2023-08-19,Active,16047.38
C002180,Onveer Deep,Standard,Serampore,Maharashtra,India,2025-11-24,Active,5989.73
C002181,Lila Mohanty,Standard,New Delhi,Jharkhand,India,2025-12-10,Active,12724.79
C002182,Harish Ahuja,Standard,Moradabad,Haryana,India,2026-05-04,Active,4286.13
C002183,Rajata Kamdar,Enterprise,Gorakhpur,Jharkhand,India,2026-06-12,Active,6953.51
C002184,Gaurangi Seth,Standard,Farrukhabad,Andhra Pradesh,India,2026-04-06,Active,11573.55
C002185,Varenya Banik,Enterprise,Rourkela,Karnataka,India,2024-09-28,Active,12402.82
C002186,Arya Sampath,Standard,Chittoor,Chhattisgarh,India,2023-11-05,Active,7749.83
C002187,Pallavi More,Premium,Bhind,Bihar,India,2025-10-16,Active,5859.77
C002188,Rohan Jhaveri,Standard,Ballia,Telangana,India,2026-02-08,Active,11433.74
C002189,Madhav Rau,Standard,Chinsurah,Tamil Nadu,India,2024-10-28,Active,13761.67
C002190,Pavani Krishnan,Standard,Kharagpur,Telangana,India,2023-11-15,Active,17550.87
C002191,Varsha Bhargava,Standard,Gudivada,West Bengal,India,2025-11-05,Active,9865.28
C002192,Hitesh Sood,Premium,Jodhpur,Nagaland,India,2026-04-16,Active,8650.73
C002193,Mason Bhavsar,Standard,Berhampur,Haryana,India,2025-03-20,Active,8313.36
C002194,Ijaya Gara,Premium,Kishanganj,Kerala,India,2024-07-04,Active,2801.71
C002195,Chanchal Parmar,Enterprise,Rohtak,Rajasthan,India,2025-05-22,Active,16055.19
C002196,Qabil Mistry,Standard,Buxar,Meghalaya,India,2025-02-14,Active,13443.1
C002197,Adya Chauhan,Premium,Machilipatnam,Manipur,India,2023-08-28,Active,5458.54
C002198,Netra Warrior,Standard,Dhanbad,West Bengal,India,2024-11-07,Active,4738.64
C002199,Avni Gera,Standard,Sultan Pur Majra,Haryana,India,2023-07-20,Active,15028.88
C002200,Chaitaly Peri,Premium,Rewa,Uttarakhand,India,2023-09-27,Active,9358.1
C002201,Rudra Mittal,Standard,Rajpur Sonarpur,Karnataka,India,2024-03-25,Active,3903.01
C002202,Aadi More,Standard,Tinsukia,Madhya Pradesh,India,2024-02-09,Active,3661.74
C002203,Yashica Dutta,Standard,Khammam,Bihar,India,2025-01-14,Inactive,12530.57
C002204,Baljiwan Deshpande,Standard,Vellore,Haryana,India,2026-04-05,Active,13407.3
C002205,Reva Narang,Standard,Jalgaon,West Bengal,India,2023-10-09,Active,7039.69
C002206,Ubika Kant,Standard,Rampur,Mizoram,India,2025-01-20,Active,4983.82
C002207,Upadhriti Sinha,Premium,Khandwa,Chhattisgarh,India,2025-02-09,Active,5002.77
C002208,Jatin Panchal,Premium,Aurangabad,Meghalaya,India,2025-12-31,Active,6519.74
C002209,Kalpit Shah,Premium,Shimla,Telangana,India,2025-10-31,Inactive,4109.43
C002210,Owen Khosla,Standard,Patiala,Bihar,India,2025-06-20,Active,23443.45
C002211,Suhani Din,Premium,Guntur,Tripura,India,2026-03-23,Active,5633.35
C002212,Sneha Dada,Standard,Unnao,Punjab,India,2026-05-25,Active,4430.13
C002213,Geetika Mann,Premium,Uluberia,Gujarat,India,2026-05-08,Active,16721.17
C002214,Upasna Varughese,Standard,Narasaraopet,Odisha,India,2024-12-12,Inactive,2071.4
C002215,Samaksh Kata,Standard,Kota,Meghalaya,India,2026-03-15,Active,10134.27
C002216,Oeshi Kannan,Enterprise,Dehradun,Bihar,India,2025-11-14,Active,6743.41
C002217,Tripti Hans,Standard,Alwar,Goa,India,2025-01-25,Active,7752.42
C002218,Tanveer Warrior,Enterprise,Durgapur,Haryana,India,2023-11-28,Active,7958.5
C002219,Gaurika Sastry,Premium,Ludhiana,Nagaland,India,2024-07-18,Active,5937.5
C002220,Abhiram Banerjee,Standard,Kozhikode,Assam,India,2023-08-12,Active,8333.41
C002221,Riya Jha,Standard,Akola,Kerala,India,2025-08-05,Active,13267.09
C002222,Gunbir Natt,Standard,Ahmedabad,Andhra Pradesh,India,2024-06-28,Active,9652.9
C002223,Amrita Hegde,Standard,Kakinada,Bihar,India,2023-11-15,Active,20313.55
C002224,Qarin Virk,Standard,Gorakhpur,Odisha,India,2025-12-26,Active,26170.83
C002225,Bimala Bansal,Standard,Proddatur,Bihar,India,2024-03-12,Active,1843.38
C002226,Rohan Vohra,Standard,Ramagundam,Andhra Pradesh,India,2026-06-14,Inactive,12762.97
C002227,Libni Kala,Premium,Nagaon,Manipur,India,2026-06-02,Active,14940.91
C002228,Naveen Mann,Standard,Bellary,Rajasthan,India,2023-09-09,Active,7368.06
C002229,Nilima Ramaswamy,Premium,Satara,Tripura,India,2023-09-16,Active,6860.32
C002230,Udyati Bawa,Standard,Kochi,Maharashtra,India,2023-11-06,Active,4921.12
C002231,Baghyawati Sha,Premium,Jamnagar,Uttarakhand,India,2025-05-28,Active,12407.18
C002232,Sneha Madan,Enterprise,North Dumdum,Tripura,India,2024-06-25,Active,8976.86
C002233,Hredhaan Rout,Standard,Raebareli,Mizoram,India,2026-02-24,Active,9223.57
C002234,Girik Sant,Standard,Serampore,Madhya Pradesh,India,2025-06-11,Active,5227.5
C002235,Agastya Tata,Standard,Danapur,Rajasthan,India,2025-08-16,Active,3631.33
C002236,Ishanvi Pradhan,Enterprise,Rohtak,Haryana,India,2024-01-19,Active,4677.26
C002237,Nathan Chaudhry,Standard,Mango,Tripura,India,2024-10-14,Active,3613.0
C002238,Fiyaz Dara,Standard,Gwalior,Chhattisgarh,India,2023-11-15,Active,4755.87
C002239,Tara Sheth,Standard,Bhalswa Jahangir Pur,Himachal Pradesh,India,2023-10-31,Active,7555.76
C002240,Sathvik Sankaran,Standard,Rampur,Punjab,India,2025-03-26,Active,4464.06
C002241,William Nath,Standard,Nagpur,Nagaland,India,2024-02-14,Active,6079.8
C002242,Patrick Warrior,Standard,Nagpur,Karnataka,India,2025-10-10,Active,3967.44
C002243,Chandran Chand,Premium,Noida,Goa,India,2025-04-16,Active,16119.53
C002244,Abha Rai,Standard,Srinagar,Tamil Nadu,India,2025-02-11,Active,12746.24
C002245,Zehaan Dhar,Standard,Rourkela,Bihar,India,2025-11-18,Active,11198.06
C002246,George Cheema,Premium,Bhagalpur,West Bengal,India,2025-01-05,Active,10003.52
C002247,Vedhika Panchal,Standard,Dharmavaram,Gujarat,India,2023-08-06,Active,3510.27
C002248,Kavya Char,Enterprise,Durgapur,Tamil Nadu,India,2024-01-19,Active,4994.81
C002249,Parth Nair,Premium,Madurai,Andhra Pradesh,India,2025-06-08,Active,10709.17
C002250,Anusha Pandya,Premium,Kadapa,West Bengal,India,2024-03-15,Inactive,6092.75
C002251,Ekaja Mitra,Standard,Dehradun,Karnataka,India,2026-05-03,Active,10340.66
C002252,Falguni Desai,Premium,Rohtak,Bihar,India,2023-10-26,Active,9968.29
C002253,Priya Thaman,Premium,Jodhpur,Gujarat,India,2023-10-29,Active,18347.76
C002254,Hitesh Loke,Premium,Yamunanagar,Sikkim,India,2025-04-24,Active,13832.56
C002255,Chakradhar Saha,Standard,Bettiah,Arunachal Pradesh,India,2025-01-15,Active,3426.95
C002256,Ojasvi Zacharia,Premium,Ranchi,Himachal Pradesh,India,2025-05-30,Active,11190.36
C002257,Arya Goyal,Premium,Bikaner,Kerala,India,2025-09-05,Active,14607.86
C002258,Dalbir Maharaj,Standard,Amravati,Himachal Pradesh,India,2024-06-25,Active,12968.72
C002259,Vansha Rama,Standard,Bellary,Madhya Pradesh,India,2023-11-20,Active,2402.33
C002260,Ayush Madan,Premium,Lucknow,Uttarakhand,India,2024-03-26,Active,9601.31
C002261,Yashasvi Manne,Standard,Nashik,Kerala,India,2024-04-03,Active,5173.57
C002262,Neelima Arya,Standard,Bahraich,Nagaland,India,2023-07-05,Inactive,4974.11
C002263,Yashoda Chauhan,Standard,Avadi,Maharashtra,India,2024-10-16,Active,18537.89
C002264,Joshua Biswas,Standard,Alwar,Andhra Pradesh,India,2024-03-07,Active,2272.56
C002265,Atharv Sahni,Standard,Bihar Sharif,Rajasthan,India,2025-06-27,Active,14141.76
C002266,Advik Suri,Premium,Ambarnath,Uttarakhand,India,2026-03-22,Active,12595.65
C002267,Ethan Contractor,Standard,Raebareli,Nagaland,India,2026-02-02,Active,10862.09
C002268,Gaurang Divan,Premium,Gurgaon,Andhra Pradesh,India,2026-01-18,Active,7847.38
C002269,Onveer Sem,Premium,Imphal,Karnataka,India,2024-09-15,Active,11961.03
C002270,Shravya Saxena,Standard,Jalna,Gujarat,India,2025-02-27,Active,5825.95
C002271,Tejas Garg,Premium,Ramagundam,Bihar,India,2025-10-25,Inactive,6975.9
C002272,Chandresh Varghese,Premium,Chandigarh,Odisha,India,2023-11-27,Active,12019.72
C002273,Gayathri Seth,Standard,Panihati,Karnataka,India,2025-11-05,Active,12456.92
C002274,Lavanya Salvi,Premium,Bidar,Bihar,India,2025-11-15,Active,18049.6
C002275,Darika Kumar,Premium,Jammu,Assam,India,2026-03-30,Active,11465.65
C002276,Rachita Vohra,Standard,Jalna,Sikkim,India,2026-03-25,Active,13872.05
C002277,Yashasvi Master,Premium,Allahabad,Chhattisgarh,India,2025-03-11,Inactive,5982.21
C002278,Anthony Rattan,Standard,Singrauli,Chhattisgarh,India,2025-09-29,Active,7805.53
C002279,Prisha Mand,Premium,Shimla,Mizoram,India,2025-06-27,Inactive,10853.47
C002280,Joshua Seshadri,Premium,Silchar,Tamil Nadu,India,2026-05-20,Inactive,4151.2
C002281,Laban Bala,Enterprise,Ongole,Andhra Pradesh,India,2025-06-25,Active,16898.39
C002282,Ubika Sangha,Premium,Alappuzha,Manipur,India,2024-06-18,Active,12748.04
C002283,Rajeshri Narayanan,Premium,Nellore,Arunachal Pradesh,India,2023-12-02,Active,8367.5
C002284,Praneel Kannan,Enterprise,Dehri,Goa,India,2025-01-18,Active,17918.82
C002285,Aarnav Chander,Standard,Gandhidham,Punjab,India,2026-01-20,Active,11068.81
C002286,Kevin Parmer,Standard,Aizawl,Jharkhand,India,2026-03-08,Active,9987.01
C002287,Noah Shukla,Standard,Katni,Himachal Pradesh,India,2026-06-17,Active,9741.77
C002288,Girish Kar,Standard,Bellary,Mizoram,India,2024-07-25,Active,3266.78
C002289,Bishakha Batta,Enterprise,Nandyal,Odisha,India,2025-06-29,Active,12999.36
C002290,Tanay Sagar,Premium,Mumbai,Manipur,India,2024-12-24,Active,8510.15
C002291,Qasim Sahni,Standard,Chapra,Telangana,India,2024-06-01,Active,13123.07
C002292,Abeer Subramanian,Standard,Pali,Jharkhand,India,2024-03-23,Active,17574.92
C002293,Manbir Sibal,Standard,Rourkela,Assam,India,2023-12-13,Active,9427.86
C002294,Yamini Ranganathan,Standard,Hyderabad,Rajasthan,India,2024-11-30,Active,9780.92
C002295,Lavanya Singhal,Standard,Srikakulam,West Bengal,India,2023-09-30,Active,5080.18
C002296,Anya Aggarwal,Standard,Cuttack,Madhya Pradesh,India,2026-01-17,Active,12392.0
C002297,Bachittar Varma,Standard,Latur,Punjab,India,2024-09-18,Active,14129.97
C002298,Isaac Viswanathan,Enterprise,Bareilly,Goa,India,2025-03-09,Active,8222.78
C002299,Ojas Munshi,Enterprise,Bhiwandi,Tamil Nadu,India,2024-05-05,Active,13652.59
C002300,Jonathan Swamy,Enterprise,Kozhikode,Uttarakhand,India,2023-08-17,Active,12363.84
C002301,Chaitaly Anand,Premium,Vellore,Sikkim,India,2024-04-20,Active,7439.74
C002302,Oscar Deep,Standard,Siliguri,Haryana,India,2024-11-03,Active,14936.16
C002303,Amrita Varkey,Premium,Bathinda,Bihar,India,2023-09-20,Active,8892.57
C002304,Manthan Raj,Standard,Siliguri,Bihar,India,2023-11-01,Active,15694.82
C002305,Qushi Sawhney,Standard,Kishanganj,Meghalaya,India,2025-09-14,Active,4130.52
C002306,Samuel Sarraf,Premium,Bokaro,Kerala,India,2023-08-12,Active,7719.27
C002307,Yash Bal,Standard,Bokaro,Tamil Nadu,India,2024-12-27,Active,5859.84
C002308,Ishwar Rai,Standard,Karaikudi,Goa,India,2025-09-02,Active,10116.29
C002309,Neelima Chaudhuri,Standard,Hubli–Dharwad,Punjab,India,2026-06-06,Active,12215.99
C002310,Indrajit Bali,Standard,Chandigarh,Chhattisgarh,India,2025-01-19,Active,8340.58
C002311,Niharika Dugar,Premium,Vijayanagaram,Mizoram,India,2023-11-12,Active,7182.1
C002312,Baghyawati Kanda,Standard,Panihati,Madhya Pradesh,India,2025-01-07,Active,10334.45
C002313,Yachana Dey,Standard,South Dumdum,Rajasthan,India,2025-11-27,Active,8887.9
C002314,Logan Naik,Standard,Ongole,Odisha,India,2025-09-06,Active,8149.19
C002315,Ishita Cherian,Standard,Serampore,Kerala,India,2025-12-13,Active,12595.96
C002316,Bimala Baria,Standard,Singrauli,Karnataka,India,2026-03-06,Active,7932.77
C002317,Advaith Prakash,Premium,Tirupati,Tamil Nadu,India,2024-10-27,Active,8868.87
C002318,Ansh Handa,Enterprise,Nashik,Tamil Nadu,India,2024-04-23,Active,7185.43
C002319,Anjali Mital,Standard,Rourkela,Goa,India,2026-04-15,Active,6391.36
C002320,Chatresh Dube,Standard,Aurangabad,Assam,India,2023-10-09,Active,7690.19
C002321,Upkaar Garg,Enterprise,Narasaraopet,Punjab,India,2024-03-08,Active,5162.45
C002322,Barkha Vala,Standard,Dhule,Telangana,India,2024-01-06,Active,5652.3
C002323,Nitesh Chawla,Standard,Dindigul,Arunachal Pradesh,India,2026-02-25,Active,3920.94
C002324,Abhiram Vig,Standard,Gorakhpur,Bihar,India,2024-02-24,Active,6421.07
C002325,Jalsa Narayan,Standard,Narasaraopet,Karnataka,India,2026-01-06,Active,18590.46
C002326,Girish Banik,Standard,Bulandshahr,Himachal Pradesh,India,2024-08-14,Active,21623.92
C002327,Vansha Halder,Standard,Panipat,Maharashtra,India,2023-10-30,Active,6653.05
C002328,Chanchal Kuruvilla,Enterprise,Nanded,Bihar,India,2024-10-05,Inactive,11212.71
C002329,Tripti Sachdev,Standard,Mau,Tripura,India,2025-01-31,Active,16800.93
C002330,Madhav Lad,Standard,Rourkela,Meghalaya,India,2024-03-31,Active,8896.21
C002331,Advaith Gola,Standard,Panihati,Mizoram,India,2025-04-19,Active,9987.75
C002332,Jeevika Thaman,Standard,Bilaspur,Assam,India,2023-09-10,Active,15234.62
C002333,Aadi Kalita,Standard,Thane,Karnataka,India,2025-09-24,Active,17124.54
C002334,Nicholas Rout,Enterprise,Bijapur,Jharkhand,India,2025-11-05,Active,8601.43
C002335,Saumya Bose,Standard,Noida,Madhya Pradesh,India,2024-10-18,Active,3729.58
C002336,Udant Naidu,Standard,Alappuzha,Gujarat,India,2023-07-31,Active,4766.4
C002337,Odika Bhasin,Premium,Shimla,Maharashtra,India,2025-08-12,Active,13386.46
C002338,Ishwar Wason,Standard,Durgapur,Odisha,India,2025-07-12,Inactive,13450.1
C002339,Vedant Varkey,Standard,Ahmedabad,Mizoram,India,2026-03-28,Active,7913.77
C002340,Panini Tank,Premium,Kolhapur,Bihar,India,2024-08-03,Active,7147.49
C002341,Lakshmi Sachar,Standard,Loni,Maharashtra,India,2023-10-28,Active,16980.98
C002342,Upma Ahluwalia,Enterprise,Mumbai,Jharkhand,India,2025-10-13,Active,15993.46
C002343,Charita Gandhi,Standard,Amravati,Tripura,India,2023-12-06,Active,7726.4
C002344,Nathaniel Barad,Premium,Hindupur,Karnataka,India,2024-05-10,Inactive,12353.67
C002345,Gaurang Sami,Premium,Khandwa,Odisha,India,2026-03-11,Active,12397.73
C002346,Radha Mahal,Premium,Anand,Uttar Pradesh,India,2026-02-13,Active,17237.36
C002347,Yashodhara Chana,Standard,Thoothukudi,Odisha,India,2024-04-13,Active,8288.23
C002348,Vasatika Sankaran,Standard,Katni,Himachal Pradesh,India,2025-11-19,Active,13864.89
C002349,Tristan Ganesan,Standard,Anantapuram,Manipur,India,2025-11-17,Active,3846.26
C002350,Harshil Bhatnagar,Standard,Kavali,Meghalaya,India,2024-03-25,Active,11465.41
C002351,Bhanumati Pant,Standard,Ranchi,Uttarakhand,India,2023-07-12,Active,3922.97
C002352,Dalbir Ghose,Standard,Mathura,Haryana,India,2024-03-26,Active,14689.95
C002353,Nisha Yadav,Premium,Bettiah,Rajasthan,India,2024-12-10,Inactive,17281.92
C002354,Tanveer Ratta,Standard,Dehradun,Manipur,India,2024-05-10,Active,23337.18
C002355,Zinal Sarna,Standard,Pallavaram,Kerala,India,2025-10-24,Active,5916.24
C002356,Zayan Madan,Premium,Solapur,Andhra Pradesh,India,2025-10-30,Active,13156.24
C002357,Aayush Bali,Standard,Rampur,Kerala,India,2023-07-02,Active,19137.12
C002358,Jeet Wali,Premium,Kota,Tripura,India,2026-01-13,Inactive,12612.19
C002359,Krish Pai,Enterprise,Mysore,Telangana,India,2023-12-28,Active,5204.24
C002360,Daniel Batta,Standard,Amroha,Uttar Pradesh,India,2025-04-25,Active,13081.88
C002361,Nandini Gola,Standard,Sri Ganganagar,Arunachal Pradesh,India,2026-06-18,Active,8822.29
C002362,Viraj Gara,Premium,Visakhapatnam,Telangana,India,2024-09-22,Active,21511.46
C002363,Dayita Naidu,Premium,Bhagalpur,West Bengal,India,2024-03-23,Active,10810.87
C002364,Pushti Mangal,Standard,Tiruvottiyur,Gujarat,India,2025-07-08,Active,12236.27
C002365,Janani Ravi,Standard,Aurangabad,Jharkhand,India,2024-08-08,Active,6180.0
C002366,Yauvani Guha,Premium,Bikaner,Rajasthan,India,2024-08-01,Active,24336.93
C002367,Amara Chokshi,Standard,Aurangabad,Uttarakhand,India,2025-04-08,Active,9009.48
C002368,Aahana Hans,Standard,Jabalpur,Manipur,India,2025-08-07,Active,6960.83
C002369,Chanchal Tripathi,Standard,Haldia,Arunachal Pradesh,India,2026-05-16,Active,7749.15
C002370,Banjeet Doctor,Premium,Adoni,Nagaland,India,2026-06-02,Active,15040.46
C002371,Bhavika Subramaniam,Standard,Muzaffarnagar,Andhra Pradesh,India,2025-01-05,Active,6086.66
C002372,Upkaar Mutti,Standard,Maheshtala,Uttarakhand,India,2024-04-02,Active,6060.08
C002373,Samarth Karan,Standard,Orai,West Bengal,India,2025-12-12,Active,2940.84
C002374,Falan Chanda,Standard,Kadapa,Uttar Pradesh,India,2025-10-10,Active,5327.21
C002375,Raghav Mallick,Standard,Gandhidham,Tripura,India,2025-01-18,Active,7320.42
C002376,Chakradhar Sankaran,Standard,Mango,Karnataka,India,2024-11-16,Active,18400.44
C002377,Nathan Wagle,Standard,Latur,Kerala,India,2026-05-04,Active,8771.41
C002378,Bhanumati Ganguly,Enterprise,Dhanbad,Kerala,India,2026-04-23,Active,24744.72
C002379,Samarth Wable,Standard,Chandigarh,Haryana,India,2025-10-04,Active,14528.65
C002380,Ishaan Samra,Premium,Munger,Haryana,India,2024-10-17,Active,13486.7
C002381,Varenya Ramachandran,Standard,Bhilai,Sikkim,India,2023-11-06,Active,7284.32
C002382,Tarak Lad,Premium,Udaipur,Odisha,India,2024-01-18,Active,7018.74
C002383,Hardik Ratti,Enterprise,Navi Mumbai,Telangana,India,2025-11-17,Active,10070.98
C002384,Ekapad Saran,Standard,Kalyan-Dombivli,Mizoram,India,2023-12-02,Active,5192.23
C002385,Jagat Kalita,Standard,Bharatpur,Mizoram,India,2025-06-03,Active,15947.08
C002386,Eiravati Pradhan,Standard,Bijapur,West Bengal,India,2025-07-04,Active,14350.43
C002387,Veer Dani,Standard,Nangloi Jat,Madhya Pradesh,India,2024-02-22,Active,6513.68
C002388,Guneet Borra,Standard,Pali,Goa,India,2024-11-23,Active,5863.66
C002389,Amaira Samra,Standard,Nanded,Jharkhand,India,2025-05-18,Active,6217.15
C002390,Lopa Devan,Standard,Dehri,Goa,India,2025-11-07,Active,15765.93
C002391,Harinakshi Lall,Standard,Rajahmundry,Andhra Pradesh,India,2025-12-31,Active,11440.42
C002392,Dev Menon,Premium,Gorakhpur,Gujarat,India,2024-09-15,Active,6892.06
C002393,Charita Kapadia,Premium,Nanded,Tamil Nadu,India,2024-03-12,Active,9368.69
C002394,Arjun Dara,Premium,Nadiad,Uttar Pradesh,India,2023-12-09,Active,28468.47
C002395,Bina Saha,Standard,Proddatur,Madhya Pradesh,India,2024-08-25,Inactive,1815.45
C002396,Mekhala Shenoy,Standard,Jalna,Telangana,India,2023-12-21,Active,6285.34
C002397,Bhavya Dhaliwal,Enterprise,Pune,Uttar Pradesh,India,2025-04-29,Active,8984.43
C002398,Bhavani Verma,Standard,Aurangabad,Uttar Pradesh,India,2025-11-18,Active,13671.4
C002399,Jyoti Suresh,Standard,Muzaffarpur,Jharkhand,India,2024-09-25,Active,5536.01
C002400,Divya Kulkarni,Premium,Rohtak,Mizoram,India,2025-11-27,Active,8423.0
C002401,Chavvi Subramaniam,Standard,Begusarai,Tamil Nadu,India,2025-06-14,Active,11320.71
C002402,Bimala Sidhu,Standard,Bhavnagar,Andhra Pradesh,India,2023-06-26,Active,9099.94
C002403,Girish Salvi,Enterprise,Raurkela Industrial Township,Haryana,India,2025-12-28,Active,14051.36
C002404,Indira Sekhon,Premium,Adoni,Nagaland,India,2025-05-02,Active,5341.22
C002405,Devansh Yadav,Enterprise,Nagpur,Meghalaya,India,2025-01-22,Active,10579.74
C002406,Nilima Khare,Premium,Adoni,Karnataka,India,2023-12-05,Active,21035.54
C002407,Darika Bhagat,Standard,Tiruchirappalli,West Bengal,India,2024-08-28,Active,6469.25
C002408,Faqid Chaudry,Premium,Hospet,Goa,India,2026-06-07,Active,6082.16
C002409,Vedika Bali,Standard,Akola,Goa,India,2025-07-28,Active,10488.16
C002410,Nathaniel Jayaraman,Standard,Chennai,Nagaland,India,2023-11-16,Active,6743.39
C002411,Nidra Kuruvilla,Standard,Hapur,Andhra Pradesh,India,2025-09-27,Active,10066.32
C002412,Ekbal Deo,Standard,Surendranagar Dudhrej,Rajasthan,India,2025-07-18,Active,5047.96
C002413,Damyanti Singhal,Standard,Bhilwara,West Bengal,India,2024-08-14,Inactive,3040.33
C002414,Qarin Munshi,Standard,Khandwa,Telangana,India,2023-07-31,Active,32253.97
C002415,Sathvik Chaudhari,Standard,Imphal,Goa,India,2024-07-23,Active,6803.57
C002416,Yashasvi Dhar,Standard,Tinsukia,Meghalaya,India,2024-08-05,Active,16645.64
C002417,Jagdish Kunda,Enterprise,Imphal,Sikkim,India,2024-06-16,Active,7092.73
C002418,Diya Nanda,Standard,Mau,Kerala,India,2026-06-02,Active,15649.65
C002419,Tripti Balay,Standard,Panipat,Chhattisgarh,India,2024-10-12,Active,9157.91
C002420,Jhalak Dash,Standard,Muzaffarpur,Bihar,India,2024-01-18,Active,9853.24
C002421,Gopal Balay,Standard,Nellore,Andhra Pradesh,India,2026-03-07,Active,12373.07
C002422,Faras Chaudry,Premium,Bareilly,Arunachal Pradesh,India,2026-02-09,Active,7340.57
C002423,Varsha Puri,Enterprise,Danapur,Goa,India,2025-10-31,Active,9691.96
C002424,Logan Kashyap,Standard,Bidar,Bihar,India,2023-09-08,Active,14823.73
C002425,Girik Dutt,Standard,Chandigarh,Maharashtra,India,2026-06-07,Active,335.82
C002426,Nisha Narayan,Standard,Dehri,Rajasthan,India,2024-04-18,Active,16453.84
C002427,Chavvi Sandal,Enterprise,Aizawl,West Bengal,India,2024-11-13,Active,12421.18
C002428,Agastya Warrior,Premium,Korba,Kerala,India,2025-08-18,Active,3544.59
C002429,Waida Chaudhari,Premium,Noida,Goa,India,2024-08-14,Active,6948.95
C002430,Girindra Suresh,Standard,Bhiwani,Maharashtra,India,2024-11-14,Active,10363.59
C002431,Shravya Kamdar,Standard,Jaunpur,Nagaland,India,2024-03-05,Active,12028.85
C002432,Sanaya Vasa,Standard,Nashik,Rajasthan,India,2024-07-27,Active,11490.88
C002433,Arunima Grover,Premium,Bettiah,Bihar,India,2023-12-09,Active,7247.64
C002434,Ekalinga Kala,Standard,Bhopal,Madhya Pradesh,India,2024-09-08,Active,24116.17
C002435,Chanakya Venkatesh,Standard,Shimoga,Punjab,India,2026-04-15,Active,15208.78
C002436,Wridesh Bhatti,Enterprise,Mira-Bhayandar,Uttar Pradesh,India,2026-01-04,Active,13481.85
C002437,Nathaniel Wason,Standard,Hyderabad,West Bengal,India,2023-07-08,Active,10223.7
C002438,Kashish Wable,Enterprise,Karnal,Tamil Nadu,India,2024-03-28,Active,9117.2
C002439,Ishwar Mand,Standard,Begusarai,West Bengal,India,2024-09-16,Active,6188.57
C002440,Zaitra Sani,Standard,Bikaner,Assam,India,2023-10-02,Active,4104.92
C002441,Kashish Sodhi,Enterprise,Khora ,Andhra Pradesh,India,2023-11-03,Active,7343.41
C002442,Kashish Pandit,Standard,New Delhi,Himachal Pradesh,India,2023-10-23,Active,4983.43
C002443,Chaman Butala,Standard,Sambhal,Kerala,India,2025-10-22,Active,7705.02
C002444,Bhavya Devi,Standard,Chittoor,Arunachal Pradesh,India,2025-02-14,Active,10514.66
C002445,Sara Roy,Standard,Sri Ganganagar,Odisha,India,2026-05-12,Active,13782.42
C002446,Hemal Sarma,Premium,Naihati,Karnataka,India,2024-01-15,Active,4946.5
C002447,Aarav Bansal,Premium,Jamalpur,Himachal Pradesh,India,2026-06-23,Inactive,3759.11
C002448,Mugdha Mukherjee,Premium,Guwahati,Haryana,India,2026-04-16,Active,15220.19
C002449,Ansh Kara,Standard,Raichur,West Bengal,India,2023-12-09,Active,26704.63
C002450,Hema Mallick,Premium,Tadepalligudem,Punjab,India,2023-11-11,Active,13439.83
C002451,Henry Oak,Standard,Jabalpur,Maharashtra,India,2024-04-03,Active,7732.71
C002452,Lakshit Bhalla,Standard,Rohtak,Tamil Nadu,India,2023-08-12,Active,17446.42
C002453,Vedika Karnik,Premium,Guntur,Nagaland,India,2024-11-14,Active,6455.82
C002454,Hemal Lalla,Standard,Panvel,Telangana,India,2025-07-26,Active,2734.43
C002455,Arya Prasad,Standard,Rewa,Karnataka,India,2025-03-04,Active,22236.33
C002456,Orinder Sandal,Standard,Berhampur,Nagaland,India,2024-02-08,Active,11093.88
C002457,Bina Sagar,Standard,Bathinda,Uttarakhand,India,2026-01-29,Active,13751.12
C002458,Sai Kumar,Premium,Bokaro,Uttar Pradesh,India,2025-09-29,Active,13542.61
C002459,David Mane,Standard,Bellary,Goa,India,2026-04-02,Active,5488.96
C002460,Xalak Sura,Standard,Vellore,Uttar Pradesh,India,2024-05-05,Active,29101.42
C002461,Triveni Golla,Enterprise,Chennai,Rajasthan,India,2025-05-20,Active,5756.29
C002462,Yamini Khurana,Standard,Aurangabad,Bihar,India,2026-01-26,Active,7003.68
C002463,Gunbir Bhat,Standard,Sangli-Miraj & Kupwad,Nagaland,India,2024-08-08,Active,8421.52
C002464,Zaitra Sane,Standard,Hosur,Karnataka,India,2024-11-13,Active,8050.11
C002465,Ubika Chowdhury,Enterprise,Tenali,Sikkim,India,2025-06-01,Active,15043.53
C002466,Amruta Mander,Standard,Tadipatri,Assam,India,2026-05-29,Active,11153.37
C002467,Nathan Kothari,Enterprise,Ajmer,Himachal Pradesh,India,2024-04-07,Active,9897.51
C002468,Triya Dhillon,Enterprise,Raichur,Arunachal Pradesh,India,2024-08-03,Active,8371.04
C002469,Chatresh Jain,Standard,Vijayawada,Arunachal Pradesh,India,2024-11-13,Active,7480.18
C002470,Neel Balasubramanian,Standard,Nellore,Andhra Pradesh,India,2025-08-31,Active,10764.5
C002471,Nandini Prakash,Enterprise,Faridabad,Gujarat,India,2024-01-20,Active,24186.66
C002472,Anusha Morar,Standard,Bharatpur,Arunachal Pradesh,India,2025-11-09,Active,14545.1
C002473,Chaitanya Kunda,Standard,Bhimavaram,Tripura,India,2025-04-12,Active,4178.08
C002474,Pushti Bansal,Enterprise,Muzaffarnagar,Haryana,India,2024-11-09,Active,7234.28
C002475,Ucchal Kakar,Standard,Rourkela,Jharkhand,India,2025-10-03,Active,7440.12
C002476,Sachi Bal,Standard,Shahjahanpur,Punjab,India,2024-01-21,Inactive,5444.53
C002477,Ekbal Sami,Premium,Kochi,Manipur,India,2024-10-24,Active,4063.41
C002478,Samesh Mangal,Enterprise,Tumkur,Karnataka,India,2023-07-14,Inactive,5402.32
C002479,Jeremiah Subramaniam,Standard,Dindigul,Andhra Pradesh,India,2024-09-17,Active,9770.33
C002480,Ekantika Sami,Standard,Jabalpur,Mizoram,India,2025-03-26,Active,3808.06
C002481,Dayita Yadav,Standard,Bhatpara,Meghalaya,India,2026-06-24,Inactive,18955.88
C002482,Chanchal Ranganathan,Standard,Jalandhar,Nagaland,India,2026-03-17,Active,7608.47
C002483,Yashasvi Narain,Standard,Tezpur,Uttar Pradesh,India,2023-07-27,Inactive,10332.41
C002484,Gaurang Kata,Enterprise,Meerut,Tamil Nadu,India,2025-09-02,Active,15951.09
C002485,Jeremiah Ratti,Standard,Saharanpur,Odisha,India,2025-02-28,Active,6480.47
C002486,Jai Chakraborty,Standard,Indore,Nagaland,India,2025-09-05,Active,8972.18
C002487,Patrick Narang,Premium,Nagpur,Haryana,India,2026-02-09,Active,6667.95
C002488,Edhitha Halder,Premium,Kottayam,Jharkhand,India,2023-11-12,Active,10653.38
C002489,Chandani Chahal,Premium,Hazaribagh,Haryana,India,2025-06-03,Active,10611.8
C002490,Jonathan Morar,Standard,Ahmedabad,Maharashtra,India,2025-10-13,Active,14467.17
C002491,Mohini Zachariah,Premium,Rampur,Goa,India,2024-04-20,Active,3014.47
C002492,Advik Balay,Premium,Kamarhati,Kerala,India,2025-10-28,Active,6844.53
C002493,Nachiket Sethi,Standard,Delhi,Rajasthan,India,2025-03-18,Active,9942.18
C002494,Michael Gole,Standard,Giridih,Odisha,India,2025-02-26,Active,10131.97
C002495,Ranveer Lala,Premium,Dehradun,Rajasthan,India,2024-02-08,Active,10096.8
C002496,Sathvik Tandon,Standard,Sambalpur,Arunachal Pradesh,India,2024-07-25,Active,5665.89
C002497,Ekantika Sem,Standard,Bidar,Uttar Pradesh,India,2025-03-25,Active,5546.78
C002498,Pushti Joshi,Premium,Navi Mumbai,Madhya Pradesh,India,2025-09-19,Active,6489.05
C002499,Frederick Shanker,Standard,Patna,Assam,India,2023-10-24,Active,5620.0
C002500,Tanvi Vig,Standard,Raichur,Bihar,India,2024-11-15,Active,19075.61
C002501,Chavvi Dutta,Standard,Kirari Suleman Nagar,Jharkhand,India,2024-11-28,Active,12371.09
C002502,Yagnesh Goel,Premium,Mirzapur,Uttar Pradesh,India,2026-05-09,Active,17645.79
C002503,Yochana Memon,Premium,Miryalaguda,Odisha,India,2024-11-21,Active,11651.39
C002504,Urishilla Lata,Standard,Chandrapur,Tripura,India,2025-01-09,Active,6671.76
C002505,Jyoti Sodhi,Enterprise,Asansol,Andhra Pradesh,India,2025-01-16,Active,7711.05
C002506,Sai Ben,Standard,Thane,Nagaland,India,2025-05-15,Active,9012.05
C002507,Harish Bandi,Premium,Pune,Odisha,India,2024-02-26,Active,12181.64
C002508,Aradhana Gulati,Standard,Bidar,Uttarakhand,India,2026-04-05,Active,6121.12
C002509,Rachita Nagar,Standard,Kalyan-Dombivli,Punjab,India,2025-08-02,Active,11976.33
C002510,Caleb Panchal,Standard,Jamalpur,Jharkhand,India,2024-11-03,Active,16257.9
C002511,Yatin Wadhwa,Standard,Ballia,Himachal Pradesh,India,2023-08-13,Active,4041.35
C002512,Zinal Kari,Premium,Tinsukia,Manipur,India,2023-12-27,Active,7780.02
C002513,Chakrika Borah,Standard,Serampore,Assam,India,2025-06-04,Active,9181.32
C002514,Isha Mukhopadhyay,Standard,Dehradun,Maharashtra,India,2025-07-30,Active,12259.82
C002515,Geetika Lad,Premium,Ujjain,Bihar,India,2026-06-07,Active,5405.32
C002516,Yatan Ravel,Standard,Bhilai,Andhra Pradesh,India,2024-12-16,Active,16821.38
C002517,Chatresh Bhatt,Premium,Rajahmundry,Odisha,India,2024-05-28,Active,3094.25
C002518,Dakshesh Cheema,Premium,Jodhpur,Nagaland,India,2023-06-26,Active,4985.95
C002519,Maanav Mangal,Premium,Chandigarh,Madhya Pradesh,India,2024-01-19,Inactive,5559.64
C002520,Isha Mahal,Standard,Mangalore,Telangana,India,2026-05-21,Active,3849.51
C002521,Balendra Chahal,Premium,Srinagar,Uttar Pradesh,India,2023-09-01,Active,12575.83
C002522,Riya Dugar,Standard,Chennai,Jharkhand,India,2025-10-01,Active,19931.6
C002523,Mohini Khare,Standard,Solapur,Uttarakhand,India,2024-09-25,Active,9460.74
C002524,Vrinda Malhotra,Enterprise,Chandigarh,Mizoram,India,2024-06-20,Active,21825.83
C002525,Frederick Pant,Premium,Pondicherry,Punjab,India,2025-01-09,Active,4162.9
C002526,Ishanvi Sangha,Enterprise,North Dumdum,Himachal Pradesh,India,2024-07-08,Active,6052.47
C002527,Jeet Upadhyay,Standard,Jhansi,Kerala,India,2024-06-11,Active,8724.45
C002528,Krishna Radhakrishnan,Standard,Raebareli,Rajasthan,India,2023-12-11,Active,15937.32
C002529,Niharika Chada,Standard,Hazaribagh,Tamil Nadu,India,2026-04-09,Active,1883.95
C002530,Geetika Kar,Standard,Mirzapur,Mizoram,India,2024-11-19,Active,9254.32
C002531,Raghav Upadhyay,Standard,Asansol,Maharashtra,India,2023-08-17,Active,11274.91
C002532,Samesh Misra,Standard,Bhavnagar,Uttarakhand,India,2025-01-24,Active,16297.61
C002533,Omisha Bansal,Premium,Agra,Maharashtra,India,2025-05-10,Inactive,2053.33
C002534,Dhriti Bail,Standard,Baranagar,Sikkim,India,2024-10-19,Active,11388.65
C002535,Arunima Tripathi,Enterprise,Bhalswa Jahangir Pur,Karnataka,India,2024-02-03,Active,21298.88
C002536,Farhan Randhawa,Enterprise,Aizawl,Uttar Pradesh,India,2026-03-12,Active,2261.94
C002537,Ishaan Shere,Standard,Vijayanagaram,Himachal Pradesh,India,2025-10-02,Active,21907.66
C002538,Karan Jani,Standard,Yamunanagar,Assam,India,2023-12-17,Active,9832.53
C002539,Anamika Mahal,Enterprise,Bihar Sharif,Chhattisgarh,India,2023-09-08,Active,7232.81
C002540,Finn Mane,Premium,Karnal,Uttarakhand,India,2025-05-26,Active,15155.28
C002541,Unni Kumer,Premium,Lucknow,Bihar,India,2026-01-28,Active,27955.01
C002542,Noah Khalsa,Standard,Sultan Pur Majra,Tamil Nadu,India,2024-05-06,Active,11322.61
C002543,Reyansh Magar,Standard,Tezpur,Odisha,India,2025-08-22,Active,7140.13
C002544,Unnati Narang,Standard,Mumbai,Meghalaya,India,2025-07-22,Active,12242.98
C002545,Aryan Keer,Enterprise,Parbhani,Nagaland,India,2024-07-19,Active,9109.35
C002546,Timothy Ganesh,Standard,Muzaffarnagar,Tamil Nadu,India,2024-09-05,Active,5236.61
C002547,Vihaan Chowdhury,Standard,Aizawl,Karnataka,India,2026-06-07,Active,5881.01
C002548,Vidhi Narayan,Standard,Dibrugarh,Telangana,India,2025-06-01,Active,12899.34
C002549,Liam Dubey,Enterprise,Khandwa,Haryana,India,2025-05-02,Active,12625.31
C002550,Dominic Saraf,Premium,Indore,Uttar Pradesh,India,2024-10-28,Active,6265.04
C002551,Lakshmi Basak,Premium,Ratlam,Odisha,India,2025-03-30,Active,18503.17
C002552,Dominic Radhakrishnan,Standard,Dewas,Gujarat,India,2024-02-16,Active,15823.29
C002553,Yamini Cherian,Premium,Karawal Nagar,Punjab,India,2026-01-27,Inactive,11827.27
C002554,Andrew Merchant,Premium,Visakhapatnam,Gujarat,India,2025-05-18,Active,6522.43
C002555,Oscar Krishnamurthy,Standard,Siliguri,Meghalaya,India,2026-01-19,Active,15801.77
C002556,Pranit Chopra,Standard,Kota,Bihar,India,2024-03-19,Active,10080.39
C002557,Isha Kumer,Enterprise,Nizamabad,Meghalaya,India,2025-04-13,Active,10400.17
C002558,Maya Chauhan,Premium,Kalyan-Dombivli,Uttar Pradesh,India,2023-11-08,Active,4766.37
C002559,Jack Ranganathan,Premium,Chittoor,Uttarakhand,India,2024-12-23,Active,7566.15
C002560,Udant Bhatt,Standard,Darbhanga,Madhya Pradesh,India,2024-09-06,Active,19534.58
C002561,Kiaan Dada,Standard,Nellore,Punjab,India,2026-06-10,Active,7697.81
C002562,Sanya Gera,Premium,Tenali,Sikkim,India,2023-07-24,Active,13928.36
C002563,Logan Din,Enterprise,Phagwara,Rajasthan,India,2024-12-27,Active,15647.93
C002564,Pratyush Venkataraman,Standard,Bhiwandi,Sikkim,India,2025-10-29,Active,18920.8
C002565,Meera Babu,Enterprise,Muzaffarpur,Kerala,India,2025-08-01,Active,11347.2
C002566,Ekaja Khatri,Premium,Hospet,Mizoram,India,2025-06-28,Active,3430.81
C002567,Chandresh Agarwal,Premium,Srinagar,Mizoram,India,2023-11-17,Inactive,14003.94
C002568,Upma Gaba,Standard,Fatehpur,Goa,India,2023-10-28,Active,10823.77
C002569,Libni Jhaveri,Enterprise,Chapra,Punjab,India,2024-03-20,Active,11834.31
C002570,Ridhi Iyengar,Enterprise,Ongole,Tamil Nadu,India,2025-07-13,Active,10166.73
C002571,Ojas Hans,Enterprise,Tirupati,Andhra Pradesh,India,2025-02-26,Active,25604.49
C002572,Wazir Sani,Standard,Sambhal,Kerala,India,2026-02-13,Active,3965.13
C002573,Rajata Chanda,Standard,Berhampore,Haryana,India,2023-07-29,Active,19095.14
C002574,Vanya Sagar,Enterprise,Mira-Bhayandar,Gujarat,India,2024-03-17,Active,6631.13
C002575,Victor Kapur,Enterprise,Jhansi,West Bengal,India,2025-04-09,Active,20309.07
C002576,Falguni Lanka,Standard,Bikaner,Bihar,India,2026-01-24,Active,12724.5
C002577,Rajeshri Pillai,Premium,Guntur,Mizoram,India,2024-07-26,Active,4635.51
C002578,Omya Jhaveri,Premium,Fatehpur,Bihar,India,2023-10-31,Active,7682.84
C002579,Isaac Merchant,Enterprise,Nangloi Jat,Tamil Nadu,India,2024-10-23,Active,12609.95
C002580,Triveni Mandal,Standard,Latur,Maharashtra,India,2025-10-21,Active,9885.9
C002581,Kala Ramaswamy,Enterprise,Sangli-Miraj & Kupwad,Odisha,India,2026-05-22,Active,8520.26
C002582,Onkar Lala,Standard,Madanapalle,Bihar,India,2025-12-06,Active,7476.0
C002583,Charvi Chaudhari,Standard,Sultan Pur Majra,Manipur,India,2024-05-21,Active,10641.15
C002584,Ekiya Puri,Standard,Uluberia,Sikkim,India,2024-07-17,Active,2789.94
C002585,Advik Balay,Enterprise,Srinagar,Meghalaya,India,2023-12-01,Active,18219.5
C002586,Naveen Bala,Standard,Bhimavaram,Arunachal Pradesh,India,2023-11-24,Active,3743.96
C002587,Lopa Dutta,Standard,Jaipur,Mizoram,India,2026-02-27,Active,8699.41
C002588,Imaran Halder,Standard,Pimpri-Chinchwad,Uttar Pradesh,India,2024-07-16,Active,7923.39
C002589,Urvashi Bajwa,Standard,Ramagundam,Punjab,India,2024-11-20,Inactive,12461.16
C002590,Lakshit Shukla,Standard,Gwalior,Assam,India,2024-01-02,Active,7484.0
C002591,Tanay Biswas,Standard,Chandigarh,Himachal Pradesh,India,2023-07-27,Active,14647.64
C002592,Oeshi Khurana,Premium,Tiruvottiyur,West Bengal,India,2023-12-03,Active,4259.09
C002593,Radhika Roy,Standard,Durg,Telangana,India,2025-04-03,Active,9420.09
C002594,Chandran Naidu,Standard,Dhule,Meghalaya,India,2025-04-02,Active,13429.52
C002595,Ishwar Atwal,Standard,Phagwara,Uttar Pradesh,India,2025-09-03,Active,7619.35
C002596,Hemal Shah,Enterprise,Imphal,Andhra Pradesh,India,2025-02-28,Active,15793.82
C002597,Imaran Raval,Standard,Ghaziabad,Meghalaya,India,2025-12-31,Active,4526.83
C002598,Utkarsh Kurian,Enterprise,Hyderabad,Telangana,India,2024-10-08,Active,10287.84
C002599,Urmi Chokshi,Standard,Madanapalle,Madhya Pradesh,India,2023-12-08,Inactive,12818.23
C002600,Vyanjana Varughese,Standard,Cuttack,West Bengal,India,2025-06-02,Active,6170.07
C002601,Ansh Nagarajan,Enterprise,Raichur,Haryana,India,2025-03-08,Active,9472.71
C002602,Laban Mane,Standard,Gandhidham,Uttar Pradesh,India,2023-11-26,Active,7908.57
C002603,Charles Nori,Enterprise,Bhimavaram,Bihar,India,2026-02-16,Active,16591.14
C002604,Kala Bose,Standard,Rourkela,Karnataka,India,2026-01-28,Active,16108.98
C002605,Yadavi Sachdeva,Standard,Tiruppur,Bihar,India,2023-09-21,Active,5611.51
C002606,Mason Chandran,Standard,Ghaziabad,Odisha,India,2024-09-01,Inactive,9025.28
C002607,Ranveer Banik,Enterprise,Patiala,Mizoram,India,2024-07-31,Active,10747.45
C002608,Samarth Verma,Premium,Parbhani,Uttarakhand,India,2024-06-15,Active,9484.98
C002609,Isaac Dey,Standard,Begusarai,Maharashtra,India,2024-08-28,Active,10495.54
C002610,Aashi Ranganathan,Standard,Panipat,Meghalaya,India,2024-01-15,Active,6397.6
C002611,Hemani Lal,Premium,Yamunanagar,Himachal Pradesh,India,2024-12-23,Active,7453.48
C002612,Nihal Ben,Standard,Ambarnath,Maharashtra,India,2025-07-26,Active,6560.61
C002613,Upma Misra,Premium,Mysore,Karnataka,India,2024-03-22,Active,17784.56
C002614,Samaksh Sule,Enterprise,Bulandshahr,Himachal Pradesh,India,2023-10-27,Active,12303.4
C002615,Wriddhish Dutta,Premium,Maheshtala,Telangana,India,2025-03-09,Active,11411.91
C002616,Megha Mukherjee,Premium,Kochi,Manipur,India,2023-09-16,Active,6055.48
C002617,Tejas Mallick,Standard,Indore,Bihar,India,2024-12-19,Active,3282.78
C002618,Damyanti Prasad,Standard,Aurangabad,Uttarakhand,India,2026-02-03,Active,2535.35
C002619,Guneet Murty,Standard,Shivpuri,Maharashtra,India,2024-03-16,Active,10657.57
C002620,Dayamai Kapadia,Standard,Imphal,Assam,India,2024-07-03,Active,9830.39
C002621,Chakradev Nazareth,Premium,Indore,Himachal Pradesh,India,2023-09-10,Active,9381.6
C002622,Siddharth Balasubramanian,Enterprise,Bongaigaon,Tamil Nadu,India,2024-09-13,Active,4058.83
C002623,Wishi Agate,Premium,Bhiwani,West Bengal,India,2026-06-06,Active,7908.33
C002624,Sarthak Batra,Standard,Hapur,Telangana,India,2024-08-21,Active,4465.83
C002625,Meera Chaudhari,Standard,Barasat,Telangana,India,2023-09-20,Active,20257.65
C002626,Bhavya Maharaj,Enterprise,Bettiah,Bihar,India,2024-12-21,Active,11377.36
C002627,Ekta Kibe,Premium,Morbi,Arunachal Pradesh,India,2024-11-10,Active,7794.47
C002628,Kamala Gupta,Standard,Kharagpur,Uttarakhand,India,2024-01-10,Active,11950.08
C002629,Joshua Kala,Standard,Muzaffarnagar,Arunachal Pradesh,India,2026-05-15,Active,4978.96
C002630,Yashawini Nayak,Standard,Sri Ganganagar,West Bengal,India,2025-02-11,Active,12486.2
C002631,Ekaja Basu,Standard,Berhampore,Telangana,India,2026-04-03,Active,7283.73
C002632,Atharv Hayre,Standard,Danapur,Kerala,India,2023-08-18,Active,5968.35
C002633,Bhavini Kulkarni,Standard,Vijayanagaram,Telangana,India,2024-02-05,Active,8139.93
C002634,Baghyawati Sachar,Standard,Machilipatnam,Chhattisgarh,India,2026-03-01,Active,10584.18
C002635,Abhimanyu Chandran,Standard,Davanagere,Sikkim,India,2026-04-30,Active,19816.85
C002636,Nimrat Nayak,Premium,Udaipur,Punjab,India,2024-12-15,Active,11178.39
C002637,Upkaar Vig,Standard,Raichur,Kerala,India,2023-10-24,Active,4100.2
C002638,Vyanjana Pandit,Premium,Tinsukia,Bihar,India,2023-11-09,Active,7803.67
C002639,Joshua Joshi,Enterprise,Davanagere,Odisha,India,2024-06-05,Active,7522.4
C002640,Xiti Iyengar,Standard,Madhyamgram,Nagaland,India,2023-07-08,Active,10039.16
C002641,Harshil Chaudhary,Enterprise,Panipat,Rajasthan,India,2024-12-27,Active,5202.06
C002642,Yamini Chandran,Enterprise,Chinsurah,Arunachal Pradesh,India,2023-12-14,Active,24623.23
C002643,Eiravati Saraf,Premium,Proddatur,Kerala,India,2023-08-23,Active,8488.32
C002644,Gaurav Savant,Premium,Malegaon,Odisha,India,2023-09-11,Active,10932.3
C002645,Watika Bali,Standard,Madhyamgram,Goa,India,2026-04-25,Active,10853.69
C002646,Darpan Kamdar,Standard,Jamshedpur,Nagaland,India,2024-09-13,Active,12116.3
C002647,Riya Dhar,Enterprise,Jamnagar,Sikkim,India,2025-02-05,Active,4650.49
C002648,Robert Chander,Enterprise,North Dumdum,Arunachal Pradesh,India,2025-01-25,Active,7559.92
C002649,Zansi Bhardwaj,Enterprise,Rajkot,Tripura,India,2025-07-24,Active,10451.69
C002650,Zayan Sane,Premium,Burhanpur,Jharkhand,India,2025-10-23,Active,8115.86
C002651,Barkha Nori,Standard,Medininagar,Assam,India,2026-01-30,Active,11966.25
C002652,Baljiwan Prabhakar,Standard,Amravati,Rajasthan,India,2023-07-28,Active,18331.96
C002653,Pranit Jani,Premium,Purnia,Andhra Pradesh,India,2025-11-18,Active,10716.47
C002654,Bishakha Bassi,Enterprise,Asansol,Punjab,India,2024-03-23,Inactive,8923.57
C002655,Manthan Sahota,Standard,Agra,Andhra Pradesh,India,2025-01-23,Active,8702.15
C002656,Vanya Ramanathan,Standard,Nadiad,Sikkim,India,2026-05-08,Active,13719.3
C002657,Yatan Shenoy,Standard,Loni,Punjab,India,2024-07-20,Active,19165.89
C002658,Harrison Guha,Standard,Bihar Sharif,Jharkhand,India,2025-07-26,Active,14133.15
C002659,Shivani Amble,Enterprise,Thane,Punjab,India,2023-10-29,Active,15966.52
C002660,Zashil Goel,Standard,Rajahmundry,West Bengal,India,2024-05-13,Active,19067.22
C002661,Isha Setty,Standard,Bardhaman,Mizoram,India,2024-06-24,Active,8442.59
C002662,Teerth Choudhary,Standard,Jabalpur,Meghalaya,India,2026-01-30,Active,4672.55
C002663,Kashish Muni,Premium,Mirzapur,Haryana,India,2025-06-12,Active,1619.98
C002664,Jagdish Sankaran,Standard,Barasat,Haryana,India,2023-11-01,Active,9897.65
C002665,Mitesh Hegde,Standard,Nadiad,Madhya Pradesh,India,2025-12-30,Active,8266.78
C002666,Caleb Kamdar,Standard,Begusarai,Tripura,India,2023-10-24,Active,12738.09
C002667,Ishwar Srinivasan,Enterprise,Gopalpur,Himachal Pradesh,India,2025-05-02,Active,7231.78
C002668,Adya Karan,Standard,Kanpur,Tamil Nadu,India,2024-11-23,Active,15313.54
C002669,Libni Rama,Premium,Thrissur,Mizoram,India,2024-06-28,Active,9026.87
C002670,Ishwar Bansal,Standard,Dehradun,Haryana,India,2024-11-13,Active,11192.27
C002671,Zayyan Badami,Enterprise,Akola,Rajasthan,India,2023-08-12,Active,11236.03
C002672,Jagvi Singh,Standard,Shahjahanpur,Odisha,India,2026-06-08,Active,2910.28
C002673,Eshana Bose,Enterprise,Faridabad,Chhattisgarh,India,2025-12-12,Active,11340.67
C002674,Abhiram Dubey,Standard,Kakinada,Nagaland,India,2024-02-18,Inactive,4755.73
C002675,Ishani Hayre,Standard,Erode,Meghalaya,India,2025-10-07,Active,8315.81
C002676,Xalak Behl,Standard,Srikakulam,Meghalaya,India,2026-06-16,Active,8627.32
C002677,Bhavna Borah,Premium,Bongaigaon,Assam,India,2025-06-29,Active,11529.45
C002678,Vedhika Hora,Premium,Hubli–Dharwad,Uttar Pradesh,India,2024-01-18,Inactive,7519.33
C002679,Noah Sagar,Standard,Motihari,Telangana,India,2025-11-22,Active,18322.25
C002680,Faqid Salvi,Standard,Shahjahanpur,Goa,India,2024-01-13,Active,13092.75
C002681,Dakshesh Yohannan,Standard,Purnia,Rajasthan,India,2025-12-29,Active,7651.34
C002682,Zinal Sethi,Standard,Jalandhar,Mizoram,India,2024-01-09,Active,4675.82
C002683,Rishi Dayal,Enterprise,Unnao,Tripura,India,2024-11-22,Active,17454.59
C002684,Amol Chandran,Standard,Kulti,Odisha,India,2024-08-22,Active,7365.09
C002685,Sarthak Ramakrishnan,Standard,Chinsurah,Punjab,India,2023-08-22,Inactive,12925.95
C002686,Bahadurjit Reddy,Standard,Meerut,Jharkhand,India,2025-03-14,Active,7601.63
C002687,Jyoti Mahal,Enterprise,Rourkela,Nagaland,India,2024-08-16,Active,4352.8
C002688,Lakshmi Hegde,Standard,Munger,Goa,India,2026-06-04,Active,4450.66
C002689,Vedant Sarna,Standard,Gopalpur,Uttar Pradesh,India,2024-02-04,Active,5195.19
C002690,Ronith Dhar,Enterprise,Morbi,West Bengal,India,2023-08-19,Active,7619.96
C002691,Vedant Mistry,Premium,Bellary,Madhya Pradesh,India,2024-04-22,Active,18633.2
C002692,Avi Iyengar,Standard,Ramgarh,Assam,India,2024-02-23,Active,11330.81
C002693,Arunima Kanda,Enterprise,Amravati,Punjab,India,2026-03-23,Active,15249.52
C002694,Qarin Naidu,Standard,Nadiad,Manipur,India,2025-12-19,Active,7703.54
C002695,Onkar Mammen,Standard,Junagadh,Himachal Pradesh,India,2024-08-13,Active,8774.25
C002696,George Ganguly,Standard,Bareilly,Arunachal Pradesh,India,2024-08-20,Active,17467.38
C002697,Simon Dua,Standard,Bahraich,Bihar,India,2025-09-20,Inactive,12180.51
C002698,Fiyaz Dugar,Standard,Bhusawal,Uttar Pradesh,India,2024-07-08,Active,5794.6
C002699,Jasmit Sundaram,Enterprise,Hazaribagh,Uttarakhand,India,2023-08-10,Active,3637.53
C002700,Sanaya Panchal,Standard,Gwalior,Mizoram,India,2024-11-20,Active,6850.8
C002701,Jhalak Narain,Premium,Mysore,Nagaland,India,2024-05-27,Active,10410.52
C002702,Bachittar Soman,Standard,Kurnool,Arunachal Pradesh,India,2026-03-18,Active,7418.76
C002703,Krisha Gera,Standard,Dehri,Tripura,India,2026-03-12,Active,12694.94
C002704,Bakhshi Bir,Standard,Baranagar,Uttar Pradesh,India,2023-08-20,Active,10323.75
C002705,Advaith Dua,Enterprise,Ujjain,Bihar,India,2024-08-07,Active,17618.72
C002706,William Dhawan,Premium,Amritsar,Andhra Pradesh,India,2024-04-05,Active,16133.11
C002707,Aadhya Datta,Standard,Patna,Tamil Nadu,India,2023-06-30,Active,4378.61
C002708,Eesha Bal,Standard,Muzaffarnagar,Goa,India,2023-11-28,Active,5167.98
C002709,Harini Menon,Premium,Rampur,Odisha,India,2023-10-29,Active,15539.2
C002710,Xavier Rau,Standard,Panvel,Assam,India,2024-09-28,Active,7475.55
C002711,Gauri Dalal,Standard,Kota,Meghalaya,India,2025-05-09,Active,8718.68
C002712,Anmol Patel,Premium,Bangalore,Punjab,India,2024-04-20,Active,7429.89
C002713,Faras Thaman,Premium,Jamshedpur,Jharkhand,India,2023-11-24,Active,8371.38
C002714,Mugdha Savant,Premium,Panvel,Karnataka,India,2024-08-04,Active,8853.81
C002715,Vrinda Basak,Premium,Mango,Mizoram,India,2026-04-24,Active,8746.24
C002716,Barkha Kakar,Standard,Shahjahanpur,Nagaland,India,2025-11-22,Inactive,19238.14
C002717,Qasim Kara,Standard,Ahmednagar,Nagaland,India,2025-08-15,Active,5137.02
C002718,Shravya Natt,Standard,Sambhal,Odisha,India,2025-06-20,Active,3620.56
C002719,Krisha Bawa,Enterprise,Jaipur,Himachal Pradesh,India,2023-12-04,Active,19664.2
C002720,Hardik Mann,Premium,Fatehpur,Karnataka,India,2024-12-23,Active,7071.34
C002721,Vidhi Bedi,Premium,Guwahati,Tripura,India,2025-03-26,Active,15184.95
C002722,Vedika Manne,Premium,Varanasi,Chhattisgarh,India,2025-09-20,Active,2871.95
C002723,Adya Raghavan,Enterprise,Navi Mumbai,Tamil Nadu,India,2025-06-06,Inactive,3826.71
C002724,Matthew Sandal,Enterprise,Muzaffarnagar,Madhya Pradesh,India,2026-02-24,Active,5415.78
C002725,Rayaan Ratta,Standard,Parbhani,Assam,India,2026-06-11,Active,16240.55
C002726,Anay Gaba,Premium,Panipat,Uttarakhand,India,2025-10-21,Active,10515.92
C002727,Niharika Agate,Premium,Hajipur,Manipur,India,2025-02-23,Active,14436.31
C002728,Theodore Sarkar,Premium,Tezpur,Karnataka,India,2025-01-25,Active,3620.49
C002729,Gaurav Tailor,Standard,Solapur,Telangana,India,2025-07-12,Active,8916.43
C002730,Janani Raman,Standard,Begusarai,Meghalaya,India,2025-06-12,Active,12664.32
C002731,Januja Sarraf,Standard,Ghaziabad,Madhya Pradesh,India,2024-08-20,Active,5710.53
C002732,Hemangini Shenoy,Enterprise,Rampur,Meghalaya,India,2026-01-02,Active,4500.73
C002733,Aarush Pandey,Premium,Raurkela Industrial Township,Manipur,India,2025-05-02,Active,7805.54
C002734,Qabil Apte,Standard,Sonipat,Kerala,India,2024-09-26,Inactive,5976.07
C002735,Vihaan Choudhry,Standard,Pimpri-Chinchwad,Himachal Pradesh,India,2026-06-02,Active,5822.44
C002736,Chasmum Hayer,Standard,Bokaro,Andhra Pradesh,India,2023-08-22,Active,19767.96
C002737,Karan Bhatt,Standard,Thanjavur,Maharashtra,India,2023-09-24,Active,29831.75
C002738,Advika Varma,Standard,Nanded,Sikkim,India,2025-02-02,Active,8014.42
C002739,Indira Kala,Premium,Haridwar,Himachal Pradesh,India,2025-03-28,Active,5386.0
C002740,Zashil Ratta,Standard,Erode,Haryana,India,2023-09-13,Active,12783.41
C002741,Udyati Choudhry,Standard,Karimnagar,Haryana,India,2024-07-31,Active,5161.21
C002742,Jeet Murty,Standard,Kozhikode,Mizoram,India,2024-02-08,Active,15055.59
C002743,Owen Dasgupta,Standard,Kakinada,West Bengal,India,2024-12-24,Active,7125.13
C002744,Zayan Setty,Enterprise,Giridih,Nagaland,India,2023-10-04,Active,7773.95
C002745,Bhavya Grewal,Standard,Durg,Manipur,India,2024-07-22,Active,11373.96
C002746,Nihal Patla,Standard,Shimoga,Punjab,India,2026-04-14,Active,11173.25
C002747,Urmi Misra,Standard,Mathura,Haryana,India,2025-10-19,Active,22055.17
C002748,Ekantika Subramaniam,Premium,Berhampore,Meghalaya,India,2025-05-18,Active,5181.32
C002749,Faqid Patla,Premium,Varanasi,Arunachal Pradesh,India,2024-03-17,Active,5989.26
C002750,Kala Prabhu,Standard,Ludhiana,Himachal Pradesh,India,2024-07-20,Active,6170.52
C002751,Bachittar Saini,Enterprise,Saharanpur,Sikkim,India,2024-09-20,Active,11969.98
C002752,Vasana Sathe,Standard,Hyderabad,Chhattisgarh,India,2024-01-23,Active,3039.68
C002753,Lucky Raj,Enterprise,Malegaon,Manipur,India,2026-03-20,Active,21802.17
C002754,Triya Balasubramanian,Premium,Danapur,Sikkim,India,2025-01-28,Inactive,5319.38
C002755,Zehaan Oak,Standard,Arrah,Uttar Pradesh,India,2024-12-18,Active,8559.81
C002756,Peter Ghosh,Standard,Latur,Mizoram,India,2023-07-13,Active,3603.11
C002757,Charles Dara,Standard,Sambalpur,Manipur,India,2025-04-24,Inactive,7181.24
C002758,Naveen Soman,Standard,Bangalore,Odisha,India,2026-03-30,Active,7356.76
C002759,Aadhya Thakkar,Standard,Madanapalle,Tamil Nadu,India,2024-06-29,Active,10287.9
C002760,Advaith Tella,Standard,Gandhinagar,Andhra Pradesh,India,2024-07-13,Active,12388.92
C002761,Upadhriti Krishnamurthy,Standard,Ahmedabad,Kerala,India,2025-02-08,Inactive,17571.5
C002762,Naveen Balay,Enterprise,Tiruvottiyur,Chhattisgarh,India,2024-10-28,Active,8187.7
C002763,Jagvi Kara,Standard,Secunderabad,Meghalaya,India,2025-12-02,Active,9316.18
C002764,Aarnav Saha,Standard,Jhansi,Karnataka,India,2025-08-12,Inactive,8413.87
C002765,Prisha Dhar,Enterprise,Darbhanga,Andhra Pradesh,India,2026-02-17,Active,12403.42
C002766,Sai Nayak,Standard,Pali,Tamil Nadu,India,2025-12-07,Active,7668.0
C002767,Vasana Karan,Standard,Bhavnagar,Karnataka,India,2025-03-14,Active,12705.12
C002768,Onveer Butala,Premium,Jamshedpur,Madhya Pradesh,India,2025-08-13,Active,13231.16
C002769,Turvi Sule,Standard,Bhubaneswar,Uttarakhand,India,2023-09-08,Active,17812.64
C002770,Omya Ravi,Standard,New Delhi,Sikkim,India,2025-11-02,Active,17736.83
C002771,Isha Dar,Standard,Jabalpur,Himachal Pradesh,India,2025-04-11,Inactive,7705.41
C002772,Janya Pall,Enterprise,Bhiwandi,Himachal Pradesh,India,2025-11-24,Active,17161.88
C002773,Xalak Sane,Premium,Vasai-Virar,Gujarat,India,2024-12-13,Active,6622.74
C002774,Ekansh Kota,Standard,Amaravati,Andhra Pradesh,India,2024-09-16,Active,10844.47
C002775,Kamya Murthy,Standard,Erode,Odisha,India,2026-03-31,Active,9155.96
C002776,Vedant Chhabra,Standard,Karawal Nagar,Nagaland,India,2025-05-08,Active,4947.42
C002777,Ojasvi Trivedi,Standard,Hyderabad,Mizoram,India,2023-06-27,Active,5860.73
C002778,Simon Mishra,Standard,Udaipur,Nagaland,India,2026-02-13,Active,20326.81
C002779,Utkarsh Mallick,Standard,Karaikudi,Rajasthan,India,2024-03-12,Active,10004.67
C002780,Jatin Chanda,Enterprise,Jabalpur,Andhra Pradesh,India,2025-01-21,Active,12953.57
C002781,Yashasvi Wali,Enterprise,Ludhiana,Gujarat,India,2025-04-01,Inactive,12566.17
C002782,Tanveer Krishna,Premium,Tiruchirappalli,Uttarakhand,India,2024-02-28,Active,7075.11
C002783,Utkarsh Chauhan,Standard,Guntakal,Kerala,India,2023-11-09,Active,3474.55
C002784,Charan Chaudhry,Standard,Chennai,Uttar Pradesh,India,2026-06-08,Active,8209.6
C002785,Baljiwan Desai,Standard,Bhiwandi,Odisha,India,2025-03-03,Active,7426.05
C002786,Balveer Chauhan,Standard,Bidar,Gujarat,India,2024-01-06,Active,17309.44
C002787,Arunima Hans,Premium,Meerut,Madhya Pradesh,India,2024-06-16,Active,4465.87
C002788,Bachittar Lala,Standard,Lucknow,Tamil Nadu,India,2025-02-26,Inactive,5522.63
C002789,Charita Sani,Premium,Nashik,Manipur,India,2024-10-28,Active,10637.55
C002790,Peter Venkataraman,Enterprise,Nangloi Jat,Uttar Pradesh,India,2024-06-24,Active,10574.7
C002791,Samarth Mitra,Enterprise,Erode,Karnataka,India,2023-07-03,Active,5236.89
C002792,Samuel Boase,Standard,Phusro,Karnataka,India,2024-09-23,Active,6536.36
C002793,Gaurang Apte,Standard,Haldia,Uttar Pradesh,India,2024-11-08,Active,7882.55
C002794,Vinaya Bumb,Standard,Jehanabad,Telangana,India,2025-10-25,Active,6443.37
C002795,Fiyaz Koshy,Standard,Gwalior,Jharkhand,India,2025-10-20,Active,3063.15
C002796,Ekiya Sura,Premium,Sirsa,Kerala,India,2023-09-12,Active,8016.32
C002797,Raagini Gola,Standard,Thanjavur,Nagaland,India,2024-11-04,Active,5844.74
C002798,Ranveer Grewal,Enterprise,Korba,Punjab,India,2025-01-05,Active,6767.24
C002799,Warhi Kala,Enterprise,Hajipur,Nagaland,India,2025-10-23,Active,7458.43
C002800,Aadhya Wali,Standard,Kalyan-Dombivli,Arunachal Pradesh,India,2024-05-08,Active,13185.84
C002801,Vidhi Dutt,Premium,Katni,Gujarat,India,2025-09-28,Active,13438.97
C002802,Maanav Patil,Enterprise,Maheshtala,Uttar Pradesh,India,2024-03-03,Active,9419.67
C002803,Dakshesh Chopra,Enterprise,Dharmavaram,Uttar Pradesh,India,2025-04-10,Active,11984.05
C002804,Aditya Ramachandran,Standard,Davanagere,Himachal Pradesh,India,2024-06-03,Active,4391.66
C002805,Meghana Kalita,Standard,Bharatpur,Kerala,India,2026-04-16,Active,6263.66
C002806,Divya Venkataraman,Standard,Ujjain,Karnataka,India,2024-06-15,Active,8722.75
C002807,Manya Modi,Standard,Bhubaneswar,Uttarakhand,India,2025-11-06,Active,10529.73
C002808,Shivansh Konda,Standard,Ulhasnagar,Punjab,India,2025-07-21,Active,19085.54
C002809,Upkaar Rao,Standard,Ichalkaranji,Jharkhand,India,2025-09-21,Active,3718.45
C002810,Gayathri Kamdar,Standard,Amroha,Haryana,India,2024-02-12,Active,16870.03
C002811,Ekantika Munshi,Standard,Belgaum,Tripura,India,2023-08-11,Inactive,7247.55
C002812,Panini Wali,Standard,Saharanpur,Andhra Pradesh,India,2024-06-19,Active,11176.68
C002813,Caleb Tank,Standard,Silchar,Gujarat,India,2023-12-21,Active,7943.66
C002814,Udant Shukla,Standard,Aurangabad,Karnataka,India,2024-12-10,Inactive,17068.48
C002815,Libni Narayanan,Standard,Karnal,Sikkim,India,2023-10-22,Active,8599.44
C002816,Laksh Chatterjee,Enterprise,Thiruvananthapuram,Uttar Pradesh,India,2025-06-17,Active,13106.98
C002817,Azaan Nagarajan,Standard,Thoothukudi,Uttarakhand,India,2023-10-14,Active,14699.05
C002818,Meera Karan,Standard,Kurnool,Nagaland,India,2023-10-22,Active,8022.72
C002819,Aarav Bhatia,Standard,Chennai,Jharkhand,India,2024-01-01,Active,8239.13
C002820,Madhavi Sathe,Standard,Pali,Haryana,India,2024-03-31,Active,7362.61
C002821,Akshay Korpal,Standard,Guwahati,Punjab,India,2024-07-10,Active,4571.76
C002822,Krishna Kunda,Enterprise,Darbhanga,Madhya Pradesh,India,2024-05-19,Active,11448.23
C002823,Ansh Borra,Standard,Faridabad,Madhya Pradesh,India,2025-09-14,Active,13680.01
C002824,Laban Bandi,Standard,Kurnool,Sikkim,India,2023-09-30,Active,7104.91
C002825,Harita Agate,Premium,Kottayam,Chhattisgarh,India,2026-03-17,Active,13450.08
C002826,Urmi Johal,Premium,Eluru,Uttar Pradesh,India,2024-06-05,Active,6704.16
C002827,Balendra Sant,Standard,Kakinada,Odisha,India,2025-01-31,Active,6478.77
C002828,Tanveer Oommen,Enterprise,Kumbakonam,Himachal Pradesh,India,2024-11-14,Active,2431.64
C002829,Vedika Varma,Standard,Jalna,Jharkhand,India,2024-05-23,Inactive,7256.68
C002830,Balendra Radhakrishnan,Standard,Ulhasnagar,Uttarakhand,India,2023-10-26,Active,22534.91
C002831,Hemangini Mani,Premium,Madanapalle,Manipur,India,2025-04-01,Active,12182.12
C002832,Oliver Sama,Enterprise,Akola,Mizoram,India,2024-05-15,Active,17565.48
C002833,Ekaja Barman,Standard,Shimoga,Assam,India,2026-03-14,Active,23849.11
C002834,Dakshesh Bath,Premium,Aurangabad,West Bengal,India,2025-01-22,Active,7462.34
C002835,Indrajit Dyal,Standard,Dhanbad,Kerala,India,2023-07-04,Active,11245.55
C002836,Chaitanya Wali,Standard,Ramgarh,Madhya Pradesh,India,2024-08-22,Active,5685.46
C002837,Dominic Bir,Standard,Giridih,Manipur,India,2025-02-19,Active,18131.26
C002838,Yoshita Tella,Premium,Bhusawal,Mizoram,India,2026-06-14,Active,3940.14
C002839,Upkaar Chada,Enterprise,Etawah,Arunachal Pradesh,India,2024-06-12,Active,2420.44
C002840,Alka Srinivasan,Enterprise,Burhanpur,Bihar,India,2024-02-25,Active,13545.16
C002841,Veda Chowdhury,Standard,Baranagar,Andhra Pradesh,India,2023-07-19,Active,9669.22
C002842,Vihaan Khanna,Premium,Sambalpur,Nagaland,India,2026-05-29,Active,7170.92
C002843,Amrita Banik,Standard,Gurgaon,Goa,India,2025-09-24,Active,10107.78
C002844,Rishi Sagar,Standard,Kollam,Maharashtra,India,2026-03-24,Active,7466.8
C002845,Devika Talwar,Standard,Hindupur,Andhra Pradesh,India,2025-07-05,Active,9792.81
C002846,Anay Kapadia,Standard,Kishanganj,Andhra Pradesh,India,2025-09-09,Active,12559.19
C002847,Ira Chadha,Standard,Ramgarh,Andhra Pradesh,India,2024-11-08,Active,15014.78
C002848,Varenya Palla,Standard,Proddatur,Meghalaya,India,2024-12-13,Active,6401.85
C002849,Niharika Ratti,Enterprise,Deoghar,Kerala,India,2025-11-08,Active,4458.09
C002850,Niharika Dewan,Standard,Nangloi Jat,Odisha,India,2026-02-13,Inactive,6281.89
C002851,Jagat Johal,Standard,Haldia,Karnataka,India,2024-03-04,Active,22499.62
C002852,Amruta Saxena,Standard,Rewa,Gujarat,India,2024-07-14,Active,8708.67
C002853,Chatresh Toor,Premium,Tiruvottiyur,Punjab,India,2023-08-12,Active,8806.52
C002854,Ayaan Warrior,Premium,Rampur,Sikkim,India,2024-08-21,Active,18361.83
C002855,Lohit Devan,Standard,Ramgarh,Madhya Pradesh,India,2025-05-26,Inactive,8167.37
C002856,Vincent Grewal,Enterprise,Bhilai,Chhattisgarh,India,2024-04-23,Active,7835.4
C002857,Oeshi Sathe,Standard,Pallavaram,Gujarat,India,2024-08-13,Inactive,15664.97
C002858,Ekalinga Pingle,Standard,Kochi,Kerala,India,2025-11-28,Active,12804.47
C002859,Yash Patil,Standard,Durgapur,Himachal Pradesh,India,2024-02-13,Active,16939.34
C002860,Nicholas Garde,Standard,Ramgarh,Sikkim,India,2025-10-09,Active,9829.12
C002861,Nihal Halder,Standard,Thrissur,Bihar,India,2023-10-06,Active,8633.59
C002862,Jackson Butala,Premium,Jodhpur,Bihar,India,2024-02-03,Inactive,7454.45
C002863,Upkaar Madan,Enterprise,Eluru,Andhra Pradesh,India,2025-04-21,Active,5076.03
C002864,Dhruv Parsa,Standard,Gulbarga,Sikkim,India,2025-10-19,Active,3439.58
C002865,Ira Chahal,Standard,Bellary,Telangana,India,2026-05-21,Inactive,7392.21
C002866,Isaiah Kibe,Standard,Jamalpur,Jharkhand,India,2025-10-23,Active,4007.87
C002867,Dayita Konda,Premium,Firozabad,Himachal Pradesh,India,2026-04-14,Active,3636.43
C002868,Qushi Bahri,Standard,Ratlam,Assam,India,2024-10-14,Active,27398.95
C002869,Yahvi Ray,Standard,Cuttack,Meghalaya,India,2025-07-07,Inactive,8118.42
C002870,Nimrat Palla,Standard,Howrah,Nagaland,India,2025-03-21,Active,8038.76
C002871,Falak Kanda,Enterprise,Tumkur,Sikkim,India,2023-10-05,Active,11475.69
C002872,Sachi Chanda,Standard,Dharmavaram,West Bengal,India,2026-02-22,Active,4118.04
C002873,Qadim Zacharia,Premium,Danapur,Meghalaya,India,2026-03-18,Active,4923.12
C002874,Kiaan Tiwari,Premium,Muzaffarnagar,Nagaland,India,2023-08-10,Inactive,11520.24
C002875,Caleb Suresh,Standard,Firozabad,Maharashtra,India,2025-12-02,Active,8853.56
C002876,Anay Sekhon,Standard,Varanasi,Mizoram,India,2024-03-30,Active,9669.02
C002877,Bimala Basak,Enterprise,Junagadh,West Bengal,India,2024-11-13,Active,9281.94
C002878,Yash Kar,Premium,Agartala,Odisha,India,2023-08-30,Active,7125.95
C002879,Lajita Karpe,Standard,Giridih,Andhra Pradesh,India,2025-09-27,Active,11150.61
C002880,Victor Varma,Standard,Begusarai,Goa,India,2024-08-22,Active,11319.66
C002881,Sai Rai,Premium,Aurangabad,Manipur,India,2026-06-04,Active,6988.76
C002882,Niharika Munshi,Standard,Munger,Manipur,India,2023-10-09,Active,3802.49
C002883,Hemal Sura,Standard,Bettiah,Rajasthan,India,2024-10-03,Active,10096.13
C002884,Banjeet Kala,Standard,Ahmednagar,Jharkhand,India,2025-05-12,Active,7036.9
C002885,Reva Maharaj,Premium,Katihar,Gujarat,India,2024-09-06,Active,9870.51
C002886,Triveni Sachdeva,Standard,Ghaziabad,Meghalaya,India,2025-04-13,Active,8573.58
C002887,Michael Sunder,Standard,Aurangabad,Uttar Pradesh,India,2025-03-07,Active,6773.41
C002888,Mahika Chauhan,Premium,Ahmedabad,Uttarakhand,India,2023-11-12,Active,14398.17
C002889,Vansha Savant,Standard,Motihari,Himachal Pradesh,India,2024-02-03,Active,9474.23
C002890,Turvi Borde,Standard,Noida,Gujarat,India,2023-12-06,Active,7795.21
C002891,Balhaar Mishra,Standard,Aurangabad,Gujarat,India,2025-05-25,Active,19059.06
C002892,Nidra Tripathi,Standard,Singrauli,Haryana,India,2025-06-10,Active,7145.63
C002893,Om Bhatti,Premium,Gwalior,Meghalaya,India,2024-06-20,Active,15312.17
C002894,Nidhi Nori,Standard,Belgaum,Assam,India,2024-04-07,Active,6580.54
C002895,Baghyawati Dyal,Premium,Surat,Karnataka,India,2026-03-31,Active,13695.89
C002896,Kala Dhawan,Enterprise,Ambala,Tripura,India,2025-05-31,Active,10867.4
C002897,Zayan Choudhary,Premium,Purnia,Gujarat,India,2024-04-15,Active,6619.26
C002898,Imaran Bajaj,Standard,Kolkata,Madhya Pradesh,India,2025-05-08,Active,16511.94
C002899,Leena Hora,Standard,Jaunpur,Nagaland,India,2025-11-12,Active,25226.7
C002900,Unni Nagi,Standard,Agartala,Jharkhand,India,2025-11-12,Inactive,5113.79
C002901,Abdul Prasad,Enterprise,Latur,Maharashtra,India,2025-01-18,Active,2394.97
C002902,Idika Buch,Premium,Chandigarh,Tamil Nadu,India,2025-03-28,Active,8220.21
C002903,Yasti Din,Enterprise,Salem,Andhra Pradesh,India,2024-02-26,Active,9724.84
C002904,Robert Dass,Standard,Tiruchirappalli,Himachal Pradesh,India,2026-06-13,Active,9175.3
C002905,Yauvani Bumb,Premium,Jehanabad,Uttar Pradesh,India,2024-11-09,Active,5822.48
C002906,Vanya Zacharia,Standard,Nadiad,Telangana,India,2026-06-18,Active,7139.37
C002907,Aadhya Chaudhari,Premium,Navi Mumbai,Karnataka,India,2023-08-13,Active,5103.34
C002908,Neel Sanghvi,Premium,Muzaffarnagar,Bihar,India,2024-04-26,Active,5793.6
C002909,Max Dasgupta,Standard,Gaya,Madhya Pradesh,India,2025-03-18,Active,5168.36
C002910,Isha Sathe,Standard,Dibrugarh,Tripura,India,2023-12-01,Active,4471.87
C002911,Rohan Lata,Standard,Firozabad,Punjab,India,2025-07-24,Active,10512.57
C002912,Radha Nagar,Premium,Dehradun,Tamil Nadu,India,2024-09-05,Active,10421.25
C002913,Akshay Ghosh,Standard,Visakhapatnam,Gujarat,India,2024-09-01,Active,12863.06
C002914,Urvashi Kamdar,Premium,Bijapur,Karnataka,India,2024-10-30,Active,6424.68
C002915,Mohammed Nori,Premium,Nadiad,Odisha,India,2025-01-24,Inactive,12092.75
C002916,Ayush Shankar,Standard,Tiruchirappalli,Odisha,India,2026-04-13,Active,22935.05
C002917,David Chowdhury,Premium,Barasat,Nagaland,India,2026-05-07,Active,9731.25
C002918,Alexander Pathak,Enterprise,Fatehpur,Chhattisgarh,India,2025-08-10,Active,9024.91
C002919,Caleb Lata,Standard,Ozhukarai,Andhra Pradesh,India,2024-11-28,Inactive,9450.11
C002920,Hema Tailor,Standard,Sikar,Himachal Pradesh,India,2023-07-31,Active,4455.68
C002921,Baghyawati Shenoy,Standard,Hindupur,Punjab,India,2023-06-29,Active,4815.26
C002922,Jalsa Chada,Standard,Meerut,Odisha,India,2026-05-29,Active,20053.07
C002923,Ekani Chhabra,Standard,Vijayawada,Uttarakhand,India,2024-12-09,Active,12027.9
C002924,Vinaya Virk,Standard,Nagpur,Karnataka,India,2023-12-13,Active,4862.04
C002925,Bimala Balasubramanian,Standard,Danapur,Gujarat,India,2025-01-30,Active,7535.69
C002926,Logan Kale,Standard,Motihari,Rajasthan,India,2023-09-22,Inactive,8169.18
C002927,Tanmayi Hayre,Standard,Muzaffarpur,Madhya Pradesh,India,2023-12-20,Active,19258.35
C002928,Samesh Ramaswamy,Enterprise,Nagaon,Telangana,India,2024-09-08,Active,14486.01
C002929,Watika Sandhu,Standard,Mehsana,Haryana,India,2023-08-01,Active,12564.07
C002930,Lavanya Basu,Standard,Ongole,Rajasthan,India,2024-04-09,Active,25386.6
C002931,Pranav Upadhyay,Standard,Panchkula,Kerala,India,2025-05-16,Active,12669.71
C002932,Aarini Parmar,Standard,Dehri,Maharashtra,India,2026-04-03,Active,10625.73
C002933,Janya Chakraborty,Standard,Tiruppur,Tripura,India,2024-09-15,Active,3154.59
C002934,Arjun Prabhu,Standard,Hajipur,Goa,India,2025-04-04,Active,15147.5
C002935,Arjun Narayanan,Standard,Ongole,Rajasthan,India,2025-02-07,Active,12871.98
C002936,Xiti Butala,Standard,Ludhiana,Haryana,India,2026-04-27,Active,12046.73
C002937,Janani Ram,Enterprise,Korba,Uttar Pradesh,India,2025-02-02,Active,10743.17
C002938,Mahika Gade,Standard,Ludhiana,Andhra Pradesh,India,2026-04-08,Active,13919.75
C002939,Tanish Menon,Standard,Bhopal,Gujarat,India,2023-12-01,Active,22654.59
C002940,Pavani Bajaj,Standard,Nangloi Jat,Odisha,India,2026-04-05,Active,21024.02
C002941,Naveen Dyal,Standard,Vadodara,Telangana,India,2024-05-05,Active,13980.14
C002942,Vrinda Hans,Enterprise,Dharmavaram,Odisha,India,2025-07-20,Active,10298.95
C002943,Tanay Babu,Standard,Gangtok,Madhya Pradesh,India,2024-02-08,Active,10437.82
C002944,Jackson Sharma,Premium,Patna,Telangana,India,2026-05-23,Active,12924.82
C002945,Christopher Nagi,Standard,Thoothukudi,Andhra Pradesh,India,2025-05-14,Active,4937.17
C002946,Vedant Naidu,Enterprise,Jammu,West Bengal,India,2025-11-17,Active,5901.32
C002947,Ganga Palan,Standard,Siliguri,West Bengal,India,2025-05-26,Active,9473.45
C002948,Charvi Kaul,Premium,Anand,Haryana,India,2025-04-15,Active,6103.2
C002949,Advik Lad,Standard,Purnia,Haryana,India,2026-02-23,Active,19744.56
C002950,Yagnesh Sampath,Enterprise,Suryapet,Goa,India,2024-10-28,Active,5494.86
C002951,Yug Chaudhari,Premium,Maheshtala,West Bengal,India,2025-10-07,Active,11921.94
C002952,Shivani Wagle,Premium,Kumbakonam,Haryana,India,2025-09-19,Active,10384.48
C002953,Omya Rattan,Standard,Shivpuri,Andhra Pradesh,India,2026-01-19,Active,17884.84
C002954,Aachal Gill,Standard,Vellore,Chhattisgarh,India,2025-04-16,Active,10114.05
C002955,Raghav Kant,Standard,Imphal,Andhra Pradesh,India,2025-04-05,Active,11750.68
C002956,Charvi Rajagopalan,Premium,Orai,Bihar,India,2024-02-16,Active,12610.41
C002957,Tanmayi Murty,Standard,Karawal Nagar,Andhra Pradesh,India,2024-12-24,Active,16175.06
C002958,Nathaniel Pathak,Standard,Sultan Pur Majra,Madhya Pradesh,India,2025-12-14,Active,5948.84
C002959,Nakul Balay,Standard,Karnal,Karnataka,India,2026-03-06,Active,4200.38
C002960,Charan Gill,Enterprise,Gopalpur,Karnataka,India,2025-07-10,Active,7112.13
C002961,Amaira Mittal,Standard,Jalgaon,Bihar,India,2023-08-20,Active,18729.09
C002962,Ria Tank,Standard,Secunderabad,Himachal Pradesh,India,2024-03-25,Active,12373.33
C002963,Anvi Mutti,Premium,Vadodara,Punjab,India,2023-12-13,Active,3188.35
C002964,Yachana Divan,Standard,Anand,Maharashtra,India,2024-03-17,Active,8774.43
C002965,Yagnesh Krishnan,Premium,Kirari Suleman Nagar,Bihar,India,2024-03-01,Active,2586.33
C002966,Mugdha Comar,Premium,Munger,West Bengal,India,2024-09-29,Active,6994.5
C002967,Ishita Rai,Premium,Gorakhpur,Tamil Nadu,India,2026-05-20,Active,9770.83
C002968,Tanvi Jain,Premium,Aligarh,Himachal Pradesh,India,2026-01-12,Active,8167.79
C002969,Simon Khalsa,Enterprise,Secunderabad,Gujarat,India,2025-04-10,Active,11498.56
C002970,Ekaja Om,Standard,Kottayam,Mizoram,India,2024-01-20,Active,10207.55
C002971,Frado Bains,Premium,Panvel,Tamil Nadu,India,2024-12-21,Active,4830.87
C002972,Anusha Sant,Standard,Karaikudi,Maharashtra,India,2025-09-17,Active,11402.66
C002973,Sai Kala,Enterprise,Suryapet,Goa,India,2023-12-26,Active,14093.17
C002974,Nimrat Sha,Premium,Karaikudi,Jharkhand,India,2024-02-19,Active,20614.65
C002975,Advay Bhagat,Premium,Guna,Gujarat,India,2023-08-14,Active,7213.86
C002976,Zayyan Gill,Premium,Dharmavaram,Karnataka,India,2024-10-11,Active,4793.49
C002977,Siya Sani,Standard,Thiruvananthapuram,Kerala,India,2024-04-16,Active,14299.44
C002978,Kalpit Dar,Standard,Mangalore,Manipur,India,2026-01-17,Active,7759.6
C002979,Chasmum Dube,Standard,Ramagundam,West Bengal,India,2025-10-27,Active,10540.11
C002980,Warhi Rout,Enterprise,Ulhasnagar,Jharkhand,India,2025-01-13,Active,18899.28
C002981,Anita Munshi,Standard,Pallavaram,Chhattisgarh,India,2024-08-23,Active,7222.24
C002982,Falak Char,Standard,Raiganj,Goa,India,2025-10-23,Active,4723.58
C002983,Caleb Dave,Standard,Bardhaman,Mizoram,India,2024-07-26,Active,12781.39
C002984,Ishwar Datta,Standard,Thiruvananthapuram,Uttarakhand,India,2024-07-14,Active,10706.09
C002985,Logan Dugal,Premium,Tinsukia,Punjab,India,2024-01-24,Inactive,2335.86
C002986,Yug Handa,Premium,Madhyamgram,Rajasthan,India,2023-12-31,Active,6305.61
C002987,Zaitra Kaur,Standard,Agra,Karnataka,India,2023-10-26,Inactive,8803.6
C002988,Jairaj Das,Standard,Dharmavaram,Maharashtra,India,2024-06-10,Active,17001.69
C002989,Ekantika Uppal,Standard,Visakhapatnam,Andhra Pradesh,India,2023-07-29,Active,11463.96
C002990,Bachittar Sood,Standard,Ramagundam,Tamil Nadu,India,2025-09-18,Active,11404.29
C002991,Michael Keer,Standard,Belgaum,Nagaland,India,2026-01-22,Active,7892.22
C002992,Bachittar Kale,Premium,Khandwa,Himachal Pradesh,India,2024-02-14,Active,8571.13
C002993,Jai Om,Standard,Muzaffarnagar,Nagaland,India,2024-03-08,Active,9985.23
C002994,Vidhi Shetty,Standard,Delhi,Haryana,India,2025-06-26,Inactive,4690.79
C002995,Eshana Sahota,Standard,Mangalore,Bihar,India,2024-12-28,Active,5650.96
C002996,Ira Manda,Premium,Bally,Himachal Pradesh,India,2025-09-13,Active,7918.18
C002997,Rachit Ganguly,Standard,Nadiad,Punjab,India,2023-10-03,Active,8337.63
C002998,Tanmayi Wadhwa,Standard,Gopalpur,Andhra Pradesh,India,2026-03-28,Active,13263.87
C002999,Dayita Parsa,Standard,Arrah,Tripura,India,2024-04-10,Active,3122.81
C003000,Daksh Boase,Enterprise,Srinagar,Meghalaya,India,2024-10-13,Active,7410.26
C003001,Bahadurjit Hegde,Premium,Aizawl,West Bengal,India,2025-09-13,Active,9540.63
C003002,Bhavani Tank,Premium,Jalgaon,Punjab,India,2025-10-30,Active,15206.05
C003003,Rushil Bora,Standard,Ichalkaranji,Haryana,India,2025-03-11,Active,10589.95
C003004,Damyanti Sankar,Standard,Thoothukudi,Telangana,India,2024-08-08,Active,8686.74
C003005,Xalak Chacko,Standard,Mysore,Maharashtra,India,2024-04-22,Active,20518.07
C003006,Divya Sood,Enterprise,Bharatpur,Punjab,India,2024-01-16,Active,14249.24
C003007,Arunima Hans,Enterprise,Vellore,Goa,India,2025-05-21,Active,18453.56
C003008,Yashasvi Parsa,Premium,Karawal Nagar,Nagaland,India,2026-01-14,Active,15630.17
C003009,Vedant Ramakrishnan,Standard,Erode,Chhattisgarh,India,2025-10-15,Active,4311.49
C003010,Nilima Thaker,Standard,Chapra,Telangana,India,2024-06-04,Active,4897.59
C003011,Chakrika Gade,Premium,Nanded,Arunachal Pradesh,India,2023-07-18,Inactive,5718.1
C003012,Oni Sarna,Enterprise,Nizamabad,Goa,India,2024-06-20,Active,7952.09
C003013,Veer Dube,Enterprise,Agartala,Haryana,India,2026-03-13,Active,10534.11
C003014,Naveen Dora,Standard,Bijapur,Sikkim,India,2026-03-26,Active,15037.26
C003015,Quincy Khanna,Standard,Karaikudi,Gujarat,India,2025-10-11,Inactive,9163.75
C003016,Viraj Rau,Standard,Mumbai,West Bengal,India,2025-08-15,Active,16171.2
C003017,Irya Chaudhry,Enterprise,Ongole,Uttarakhand,India,2026-06-01,Active,12759.32
C003018,Chatura Bhatt,Standard,Gwalior,Tamil Nadu,India,2026-03-06,Active,8640.31
C003019,Gaurav Raja,Standard,Vijayawada,Assam,India,2025-11-22,Active,17021.23
C003020,Advay Koshy,Standard,Delhi,Punjab,India,2025-01-17,Active,8248.57
C003021,Aditya Jayaraman,Standard,Mira-Bhayandar,Uttar Pradesh,India,2025-08-22,Active,6845.19
C003022,Finn Mahal,Standard,Vijayawada,Tamil Nadu,India,2025-09-08,Active,5777.47
C003023,Jacob Kakar,Standard,Bhubaneswar,Andhra Pradesh,India,2025-06-04,Active,3723.31
C003024,Saumya Guha,Premium,Guntakal,Haryana,India,2024-04-15,Active,9885.59
C003025,Pushti Sule,Standard,Alappuzha,Arunachal Pradesh,India,2025-09-16,Active,19835.97
C003026,Yug Luthra,Enterprise,Satara,Uttar Pradesh,India,2025-01-17,Active,6407.99
C003027,Aishani Kaur,Premium,Morbi,Jharkhand,India,2025-07-01,Active,7061.31
C003028,Lucky Mitra,Premium,Anantapur,Tamil Nadu,India,2023-09-13,Active,11863.42
C003029,Irya Taneja,Standard,Bhusawal,Assam,India,2025-11-02,Active,13548.68
C003030,Warda Nayak,Standard,Ongole,Maharashtra,India,2024-04-11,Inactive,9196.05
C003031,Megha Borde,Premium,Sirsa,Madhya Pradesh,India,2024-09-08,Active,11933.92
C003032,Jhalak Mand,Standard,Kavali,Goa,India,2025-06-13,Active,5958.2
C003033,Quincy Savant,Standard,Mathura,Tamil Nadu,India,2024-06-19,Active,7235.06
C003034,Ishwar Sood,Standard,Thoothukudi,Sikkim,India,2024-10-22,Active,9010.19
C003035,Mahika Loke,Standard,Chinsurah,Goa,India,2025-10-14,Inactive,13329.98
C003036,Samarth Maharaj,Premium,Ambarnath,Madhya Pradesh,India,2025-06-05,Inactive,11221.99
C003037,Panini Bhalla,Enterprise,Karawal Nagar,Assam,India,2024-09-20,Active,7519.54
C003038,Pranit Karpe,Standard,Guntakal,Goa,India,2024-04-24,Active,7421.86
C003039,Meghana Mandal,Enterprise,Jodhpur,Meghalaya,India,2025-01-17,Active,9839.98
C003040,Divya Sarma,Enterprise,Ahmednagar,Kerala,India,2024-10-02,Active,16122.43
C003041,Harini Shah,Enterprise,Cuttack,West Bengal,India,2023-08-27,Active,8725.81
C003042,Qushi Cheema,Premium,Khandwa,Haryana,India,2025-05-15,Active,9210.91
C003043,Diya Sandhu,Standard,Tiruchirappalli,Andhra Pradesh,India,2025-02-25,Active,5567.34
C003044,Siddharth Modi,Standard,Bulandshahr,Kerala,India,2025-10-13,Active,8357.48
C003045,Girish Balakrishnan,Standard,Hubli–Dharwad,West Bengal,India,2025-07-08,Active,21665.79
C003046,Veer Grewal,Standard,Jaunpur,Mizoram,India,2023-07-20,Active,5238.78
C003047,Bhavya Iyengar,Premium,Kota,Madhya Pradesh,India,2024-05-10,Active,9237.19
C003048,Finn Morar,Standard,Thiruvananthapuram,Meghalaya,India,2024-06-30,Inactive,11142.35
C003049,Mitali Bose,Premium,Chapra,Uttar Pradesh,India,2026-02-26,Active,6712.18
C003050,Omisha Misra,Standard,Pallavaram,Assam,India,2025-06-15,Active,13622.39
C003051,Keya Sandhu,Standard,Kavali,Kerala,India,2024-10-26,Active,15730.06
C003052,Veer Sangha,Standard,Loni,Odisha,India,2023-07-03,Active,22990.94
C003053,Tanveer Choudhry,Premium,Navi Mumbai,Sikkim,India,2023-10-21,Active,9846.48
C003054,Chakrika Bal,Standard,Ichalkaranji,Rajasthan,India,2024-02-14,Active,11763.94
C003055,Siya Dubey,Standard,Vadodara,Assam,India,2024-01-30,Active,21564.16
C003056,Zilmil Mitra,Premium,Vadodara,Chhattisgarh,India,2025-12-08,Active,8465.69
C003057,Ubika Oak,Standard,Chittoor,Chhattisgarh,India,2026-02-17,Active,6865.44
C003058,Qushi Gopal,Premium,Mathura,Kerala,India,2026-03-23,Active,7173.79
C003059,Sai Master,Standard,Bhubaneswar,Mizoram,India,2023-10-18,Active,2535.42
C003060,Gautam Bhatia,Standard,Kolhapur,Jharkhand,India,2024-11-02,Active,13437.84
C003061,Dev Ghosh,Premium,Nandyal,Himachal Pradesh,India,2023-12-14,Active,8173.75
C003062,Rushil Bhat,Premium,Kumbakonam,Madhya Pradesh,India,2024-09-27,Active,12908.43
C003063,Elijah Nagarajan,Standard,Guntur,Gujarat,India,2024-08-13,Inactive,27822.1
C003064,Gabriel Mane,Standard,Kottayam,Assam,India,2023-11-01,Active,9591.25
C003065,Unnati Cherian,Premium,Siliguri,Assam,India,2024-11-10,Active,6094.36
C003066,Krishna Bahri,Standard,Madanapalle,Meghalaya,India,2024-09-21,Active,5113.53
C003067,Oscar Koshy,Standard,Motihari,Punjab,India,2024-02-19,Active,11992.09
C003068,Gautami Tak,Enterprise,Tadipatri,Nagaland,India,2023-10-05,Active,5937.26
C003069,Ira Boase,Standard,Singrauli,Nagaland,India,2026-02-09,Inactive,8137.09
C003070,Vrishti Dani,Standard,Uluberia,Goa,India,2024-10-24,Active,8368.54
C003071,Ayaan Shere,Premium,Nanded,Goa,India,2024-04-27,Active,8482.49
C003072,Wriddhish Balay,Standard,Cuttack,Arunachal Pradesh,India,2025-04-09,Active,7654.07
C003073,Ranveer Rastogi,Premium,Siwan,Mizoram,India,2023-10-01,Active,8533.95
C003074,Caleb Ray,Standard,Berhampore,Karnataka,India,2025-07-09,Active,15434.84
C003075,Fariq Khatri,Standard,Tumkur,Chhattisgarh,India,2024-10-08,Active,7552.05
C003076,Tarak Yogi,Standard,Chandrapur,Rajasthan,India,2023-08-26,Active,8866.95
C003077,Vincent Prabhakar,Standard,Bardhaman,Jharkhand,India,2024-08-25,Active,8795.58
C003078,Zinal Natarajan,Enterprise,Shimla,Odisha,India,2024-02-13,Inactive,7292.98
C003079,Yashvi Bhat,Standard,Mirzapur,Tamil Nadu,India,2024-05-12,Active,15134.8
C003080,Qarin Chana,Enterprise,Asansol,Nagaland,India,2025-02-20,Active,4937.16
C003081,Tanmayi Wali,Standard,Gudivada,Mizoram,India,2025-01-06,Active,6865.63
C003082,Caleb Nanda,Standard,Tiruppur,Meghalaya,India,2024-01-14,Active,15210.04
C003083,Wishi Vaidya,Enterprise,Kadapa,Nagaland,India,2025-05-02,Active,11204.41
C003084,Jhalak Pandit,Premium,Bardhaman,Uttarakhand,India,2023-09-01,Inactive,8975.55
C003085,Vasudha Dar,Standard,Siwan,Goa,India,2023-07-10,Active,6967.44
C003086,Oscar Kant,Standard,Allahabad,Arunachal Pradesh,India,2023-07-21,Inactive,10421.52
C003087,Kala Dewan,Premium,Tadepalligudem,Himachal Pradesh,India,2024-09-16,Active,10052.65
C003088,Riya Choudhary,Premium,Kozhikode,Uttar Pradesh,India,2024-08-24,Active,8756.39
C003089,Advik Soman,Premium,Ahmedabad,West Bengal,India,2024-12-08,Active,6648.95
C003090,Ishanvi Nagarajan,Premium,Rampur,Kerala,India,2023-10-09,Active,7632.03
C003091,Siya Gole,Standard,Danapur,Gujarat,India,2025-10-09,Active,8128.0
C003092,Hitesh Mann,Standard,Narasaraopet,Madhya Pradesh,India,2023-10-02,Active,6848.75
C003093,Girik Bora,Standard,Anantapur,Goa,India,2023-08-16,Active,28424.85
C003094,Farhan Reddy,Premium,Moradabad,Arunachal Pradesh,India,2023-09-23,Active,7943.08
C003095,Aadi Lall,Premium,Chapra,Tamil Nadu,India,2025-05-24,Active,6175.07
C003096,Arin Sood,Standard,Bettiah,Chhattisgarh,India,2024-08-14,Active,11910.89
C003097,Vritti Basu,Standard,Muzaffarnagar,Tripura,India,2025-05-07,Inactive,9617.85
C003098,Harini Mane,Premium,Fatehpur,Meghalaya,India,2025-01-25,Active,11016.49
C003099,Jacob Solanki,Standard,Latur,Tamil Nadu,India,2024-04-23,Active,4618.01
C003100,Ishwar Nagarajan,Standard,Visakhapatnam,Kerala,India,2024-12-12,Active,4138.44
C003101,Ekalinga Choudhury,Enterprise,Baranagar,Telangana,India,2024-05-19,Active,12420.6
C003102,Jeremiah Viswanathan,Standard,Ujjain,West Bengal,India,2023-10-22,Active,5138.08
C003103,Gaurika Chaudhari,Premium,Tadipatri,Arunachal Pradesh,India,2023-07-28,Active,9579.49
C003104,Abeer Sahota,Enterprise,Panipat,Uttarakhand,India,2023-12-05,Active,6186.2
C003105,Odika Solanki,Premium,Kamarhati,Gujarat,India,2025-06-05,Active,7974.84
C003106,Rudra Loyal,Standard,Bangalore,Haryana,India,2025-10-23,Active,13416.6
C003107,Thomas Narayan,Standard,Bhusawal,Madhya Pradesh,India,2024-08-01,Active,9528.87
C003108,Aarini Mannan,Premium,Dhanbad,Haryana,India,2024-11-10,Active,5289.13
C003109,Dayamai Chaudry,Standard,Anantapuram,Manipur,India,2026-04-13,Active,9167.74
C003110,Hiral Bajwa,Standard,Gorakhpur,Kerala,India,2024-07-24,Active,3542.73
C003111,Ekani Bains,Premium,Ratlam,Arunachal Pradesh,India,2024-12-22,Active,23497.46
C003112,Faris Hans,Standard,Sangli-Miraj & Kupwad,Karnataka,India,2025-04-12,Inactive,6726.71
C003113,Yamini Banerjee,Enterprise,Tenali,Mizoram,India,2024-03-20,Active,5340.98
C003114,Simon Dass,Enterprise,Dewas,Karnataka,India,2025-05-03,Active,3385.59
C003115,Maanav Palla,Premium,Kirari Suleman Nagar,Bihar,India,2025-01-19,Active,4498.33
C003116,Irya Doshi,Standard,Allahabad,Assam,India,2025-11-20,Active,3982.28
C003117,Gopal Chauhan,Standard,Meerut,Nagaland,India,2024-03-19,Active,10076.62
C003118,Omisha Lall,Enterprise,Vellore,Karnataka,India,2024-08-08,Active,7434.0
C003119,Krishna Rai,Standard,Bhatpara,Assam,India,2024-12-06,Active,13018.06
C003120,Luke Jain,Standard,Farrukhabad,Telangana,India,2024-05-03,Active,10542.1
C003121,Adweta Kara,Standard,Ambattur,Odisha,India,2025-04-12,Active,7951.67
C003122,Tanmayi Bajwa,Premium,Secunderabad,Manipur,India,2025-01-22,Active,25173.46
C003123,Aachal Chad,Enterprise,Bhagalpur,Himachal Pradesh,India,2025-04-11,Active,3853.2
C003124,Abhimanyu Nath,Premium,Ambala,West Bengal,India,2024-03-10,Active,7057.4
C003125,Hardik Bajwa,Standard,Mahbubnagar,Odisha,India,2025-06-16,Active,19387.82
C003126,Kashish Cherian,Standard,Bokaro,Jharkhand,India,2023-08-20,Active,8302.82
C003127,Hamsini Dhingra,Enterprise,Shivpuri,Himachal Pradesh,India,2026-01-10,Active,7058.09
C003128,Brinda Baria,Standard,Raurkela Industrial Township,Maharashtra,India,2025-09-19,Active,7026.72
C003129,Avni Dey,Standard,Kochi,Uttar Pradesh,India,2025-11-03,Active,2121.48
C003130,Isaiah Nigam,Premium,Thane,Gujarat,India,2023-11-22,Active,7893.36
C003131,Harinakshi Choudhary,Premium,Thanjavur,Uttarakhand,India,2026-02-11,Active,7503.16
C003132,Atharv Prashad,Premium,Tiruchirappalli,Haryana,India,2025-09-24,Inactive,10871.46
C003133,Advik Bali,Premium,Rohtak,Odisha,India,2025-01-03,Active,11775.25
C003134,Yashawini Dhingra,Enterprise,Kumbakonam,Madhya Pradesh,India,2026-04-05,Active,16116.6
C003135,Nikita Ramachandran,Standard,Bhiwandi,West Bengal,India,2025-06-27,Active,6337.35
C003136,Dipta Soman,Standard,Giridih,Kerala,India,2024-01-31,Active,11561.82
C003137,Upasna Vora,Standard,Darbhanga,Andhra Pradesh,India,2023-12-11,Active,8653.82
C003138,Warhi Divan,Standard,Nadiad,Jharkhand,India,2025-02-23,Active,10064.71
C003139,Krishna Kala,Enterprise,Kakinada,Himachal Pradesh,India,2024-02-29,Active,10649.56
C003140,Tanish Nath,Standard,Farrukhabad,Madhya Pradesh,India,2025-08-11,Active,11534.3
C003141,Gaurangi Dash,Premium,Nizamabad,Madhya Pradesh,India,2024-05-14,Active,17287.17
C003142,Benjamin Narayanan,Premium,Purnia,Andhra Pradesh,India,2023-07-19,Active,16903.59
C003143,Shravya Dhawan,Standard,Guntur,Maharashtra,India,2024-10-14,Active,6155.73
C003144,Dev Parikh,Premium,Tezpur,Uttar Pradesh,India,2023-11-29,Active,10735.07
C003145,Dev Bahl,Standard,Rajpur Sonarpur,Rajasthan,India,2025-07-07,Active,4797.33
C003146,Farhan Jani,Premium,Baranagar,Gujarat,India,2025-11-14,Active,15297.4
C003147,Ucchal Talwar,Premium,Udaipur,Maharashtra,India,2024-10-28,Active,8205.65
C003148,Tanish Lad,Standard,Hubli–Dharwad,Assam,India,2026-03-31,Inactive,22145.48
C003149,Maanas Sibal,Standard,Suryapet,Uttar Pradesh,India,2023-12-04,Active,10866.56
C003150,Girish Dixit,Standard,Loni,Karnataka,India,2023-12-26,Active,5668.02
C003151,Gaurang Mistry,Premium,Jamalpur,Arunachal Pradesh,India,2023-12-25,Active,18041.61
C003152,Noah Jhaveri,Premium,Nadiad,Tamil Nadu,India,2024-11-16,Active,17666.66
C003153,Harsh Vyas,Standard,Hindupur,Arunachal Pradesh,India,2024-07-25,Active,10391.47
C003154,Ria Bail,Standard,Sultan Pur Majra,Himachal Pradesh,India,2025-08-26,Active,9485.21
C003155,Krisha Rege,Enterprise,Sonipat,Uttar Pradesh,India,2025-09-12,Active,6580.76
C003156,Nikita Ramaswamy,Standard,Patna,Telangana,India,2025-02-11,Active,15523.51
C003157,Tanmayi Goswami,Standard,Agartala,Arunachal Pradesh,India,2024-07-17,Active,10044.59
C003158,Ria Bandi,Enterprise,Jabalpur,Telangana,India,2026-05-03,Active,3499.58
C003159,Maya Chopra,Standard,Indore,Manipur,India,2025-06-07,Active,5669.3
C003160,Kai Hora,Standard,Dharmavaram,Gujarat,India,2024-01-28,Active,15292.45
C003161,Saanvi Raghavan,Enterprise,Hapur,Meghalaya,India,2026-04-18,Active,8749.17
C003162,Divya Raman,Standard,Nadiad,Tripura,India,2024-08-29,Active,11895.03
C003163,Thomas Bandi,Premium,Bhatpara,Karnataka,India,2024-07-23,Active,2371.19
C003164,Ucchal Dara,Premium,Bhiwani,Maharashtra,India,2025-03-13,Active,9321.99
C003165,Harinakshi Krishna,Standard,Jaipur,Haryana,India,2026-06-21,Active,5519.02
C003166,Wridesh Gala,Standard,Katni,Punjab,India,2025-07-19,Active,8042.37
C003167,Bhavya Balakrishnan,Enterprise,Patiala,Goa,India,2024-07-11,Active,3649.84
C003168,Ira Bajwa,Enterprise,Eluru,Meghalaya,India,2023-11-27,Active,18341.0
C003169,Dhruv Datta,Standard,Raipur,Arunachal Pradesh,India,2025-03-13,Inactive,10164.96
C003170,Udarsh Padmanabhan,Premium,Nadiad,West Bengal,India,2025-09-09,Active,12578.28
C003171,Hema Sodhi,Premium,Jaunpur,Madhya Pradesh,India,2023-08-21,Inactive,6176.14
C003172,Gaurangi Korpal,Premium,Silchar,Meghalaya,India,2024-03-17,Active,7237.75
C003173,Jagdish Sampath,Enterprise,Ghaziabad,Odisha,India,2025-05-13,Active,3755.56
C003174,Andrew Dalal,Standard,Surat,Bihar,India,2024-02-02,Active,6903.28
C003175,Neel Thakkar,Standard,Narasaraopet,Tamil Nadu,India,2026-06-20,Active,6823.93
C003176,Laban Buch,Standard,Ajmer,Manipur,India,2025-12-14,Active,7330.71
C003177,Jackson Ravi,Enterprise,Bhopal,Odisha,India,2024-10-04,Active,3816.91
C003178,Bhavika Randhawa,Standard,Rampur,Bihar,India,2024-03-05,Active,8323.92
C003179,Hritik Bhattacharyya,Premium,Davanagere,Goa,India,2025-08-02,Active,5358.31
C003180,Vidhi Atwal,Standard,Amritsar,Rajasthan,India,2024-08-28,Active,2066.23
C003181,Ethan Raja,Premium,Alappuzha,Meghalaya,India,2025-07-03,Active,8489.75
C003182,Sneha Gopal,Standard,Sonipat,Tripura,India,2024-09-22,Active,8596.38
C003183,Nisha Mohan,Standard,Mysore,Odisha,India,2025-02-18,Active,18818.45
C003184,Meghana Chacko,Standard,Bangalore,Nagaland,India,2023-10-05,Active,14397.07
C003185,Anita Butala,Standard,Muzaffarpur,Chhattisgarh,India,2023-10-31,Active,14049.07
C003186,Deepa Sharaf,Standard,Pune,Meghalaya,India,2023-10-27,Active,17257.48
C003187,Prisha Kapur,Premium,Khandwa,Himachal Pradesh,India,2024-12-30,Active,11162.97
C003188,Mahika Ravi,Standard,Agartala,Punjab,India,2025-01-22,Active,9529.86
C003189,Pushti Kurian,Standard,Pune,Mizoram,India,2025-01-20,Active,19004.05
C003190,Viraj Parmar,Enterprise,Shimla,Andhra Pradesh,India,2024-01-12,Active,14291.71
C003191,Ekani Dixit,Enterprise,Bareilly,Goa,India,2023-11-10,Active,7982.89
C003192,Luke Biswas,Standard,Nangloi Jat,Sikkim,India,2025-11-21,Active,6987.16
C003193,Harini Sachdev,Standard,Farrukhabad,Meghalaya,India,2025-07-28,Active,9377.51
C003194,Teerth De,Premium,Khora ,Mizoram,India,2025-10-01,Active,16354.88
C003195,Vaishnavi More,Standard,New Delhi,Chhattisgarh,India,2025-04-12,Active,6679.67
C003196,Urvashi Chaudry,Premium,Rajkot,Telangana,India,2024-04-13,Active,9109.81
C003197,Ira Kannan,Enterprise,Gorakhpur,Himachal Pradesh,India,2025-09-22,Active,7137.26
C003198,Chakradhar Viswanathan,Standard,Vasai-Virar,Andhra Pradesh,India,2026-04-01,Active,7637.34
C003199,Bishakha Parmar,Standard,Surendranagar Dudhrej,Meghalaya,India,2023-07-27,Active,3508.65
C003200,Yashvi Tandon,Standard,Pallavaram,Jharkhand,India,2025-10-12,Active,11065.73
C003201,Triveni Saraf,Standard,Hyderabad,Gujarat,India,2025-07-28,Active,6766.86
C003202,Yash Prashad,Standard,Bhalswa Jahangir Pur,Tripura,India,2025-04-15,Active,6601.98
C003203,Devansh Kapur,Standard,Siwan,Punjab,India,2026-06-19,Active,6247.09
C003204,Diya Bir,Enterprise,Hindupur,Meghalaya,India,2026-01-05,Inactive,6262.97
C003205,Harrison Wadhwa,Premium,Sasaram,Madhya Pradesh,India,2024-09-03,Active,4304.08
C003206,Farhan Suresh,Standard,Saharanpur,Uttarakhand,India,2024-04-10,Active,4769.45
C003207,Anjali Setty,Enterprise,Purnia,Jharkhand,India,2025-02-02,Active,7460.07
C003208,Omya Dasgupta,Standard,Naihati,Andhra Pradesh,India,2026-06-09,Active,8210.29
C003209,Upadhriti Mammen,Enterprise,Tiruvottiyur,Bihar,India,2023-08-20,Active,5619.99
C003210,Faris Yadav,Standard,Sri Ganganagar,Uttarakhand,India,2024-10-15,Active,12899.1
C003211,Peter Bail,Premium,Amroha,Tamil Nadu,India,2025-03-23,Active,14801.66
C003212,Samaksh Dua,Standard,Parbhani,Tripura,India,2024-03-26,Active,6841.22
C003213,Vihaan Subramanian,Premium,Jalna,Uttar Pradesh,India,2025-05-23,Inactive,8929.01
C003214,George Lad,Standard,Mehsana,Arunachal Pradesh,India,2023-12-07,Active,18171.01
C003215,Kavya Sabharwal,Standard,Begusarai,Madhya Pradesh,India,2024-09-30,Active,12874.7
C003216,Kamala Kohli,Enterprise,Surat,Himachal Pradesh,India,2025-09-29,Active,12406.34
C003217,Omaja Balasubramanian,Standard,Ajmer,Mizoram,India,2025-01-05,Active,4135.48
C003218,Warhi Edwin,Premium,Siliguri,Assam,India,2025-08-15,Active,5546.93
C003219,Bachittar Raja,Standard,Allahabad,Mizoram,India,2023-07-05,Active,5712.41
C003220,Adweta Baral,Standard,Patna,Haryana,India,2024-09-26,Active,5688.42
C003221,Chasmum Golla,Enterprise,Dindigul,Andhra Pradesh,India,2025-08-24,Active,9024.73
C003222,Hardik Pingle,Premium,Begusarai,Bihar,India,2023-11-22,Active,11914.23
C003223,Yashodhara Bera,Standard,Buxar,Odisha,India,2024-09-10,Active,5408.22
C003224,Gaurangi Banik,Standard,Karnal,Nagaland,India,2023-10-06,Active,6842.4
C003225,Yauvani Sachdeva,Standard,Thrissur,Assam,India,2026-02-20,Active,6805.13
C003226,Qabil Golla,Standard,Buxar,Haryana,India,2024-04-18,Active,6218.72
C003227,Vaishnavi Lad,Standard,Ghaziabad,Telangana,India,2023-10-11,Active,8998.15
C003228,Noah Sane,Premium,Bhavnagar,Uttarakhand,India,2024-03-11,Active,6867.95
C003229,Pranav Venkatesh,Standard,Shimla,Punjab,India,2025-05-08,Active,19888.96
C003230,Damyanti Batra,Standard,Bhilai,Maharashtra,India,2025-12-30,Active,7978.71
C003231,Chanchal Gandhi,Standard,Muzaffarpur,Madhya Pradesh,India,2024-12-23,Active,7353.02
C003232,Balvan Sagar,Premium,Bikaner,Meghalaya,India,2025-09-23,Active,21187.65
C003233,Ekavir Shroff,Enterprise,Surat,Himachal Pradesh,India,2026-03-20,Active,12863.38
C003234,Abhimanyu Singhal,Enterprise,Indore,Andhra Pradesh,India,2025-07-06,Active,7388.99
C003235,Chanakya Dani,Standard,Junagadh,Gujarat,India,2024-05-17,Active,12869.83
C003236,Kalpit Mand,Standard,Uluberia,Arunachal Pradesh,India,2024-10-10,Active,7603.17
C003237,Jai Bahri,Standard,Rajkot,Assam,India,2025-04-05,Active,6233.46
C003238,Azad Wali,Enterprise,Guna,Meghalaya,India,2024-05-15,Active,15008.3
C003239,Advik Suri,Standard,Bhavnagar,Andhra Pradesh,India,2024-06-21,Active,10944.25
C003240,Forum Buch,Standard,Siliguri,Haryana,India,2025-06-17,Active,9820.71
C003241,Amrita Ghose,Standard,Mysore,Gujarat,India,2024-11-14,Active,12556.35
C003242,Bhavani Loyal,Standard,Berhampore,Sikkim,India,2023-11-09,Active,5079.29
C003243,Suhani Doctor,Standard,Chandrapur,Chhattisgarh,India,2025-07-20,Active,5268.6
C003244,Eiravati Oza,Premium,Rewa,Nagaland,India,2025-10-09,Active,10407.46
C003245,Gabriel Bawa,Standard,Begusarai,Kerala,India,2024-04-11,Active,10677.37
C003246,Chaitaly Sani,Enterprise,Sambhal,Uttar Pradesh,India,2024-04-16,Active,14470.41
C003247,Ekaja Varghese,Standard,Hosur,Tripura,India,2025-11-25,Active,10133.03
C003248,Rudra Ravi,Enterprise,Sonipat,Uttarakhand,India,2026-01-07,Active,6604.41
C003249,Samarth Shukla,Premium,Rohtak,Jharkhand,India,2025-05-10,Active,7288.93
C003250,Wakeeta Sagar,Standard,Shivpuri,Jharkhand,India,2025-01-07,Active,13499.49
C003251,Bhavika Majumdar,Enterprise,Aizawl,Chhattisgarh,India,2024-04-17,Active,7869.79
C003252,Patrick Roy,Standard,Vijayawada,Karnataka,India,2024-09-15,Active,15399.96
C003253,Anvi Krishnan,Standard,Hazaribagh,Bihar,India,2026-04-27,Active,8189.28
C003254,Warda Patel,Premium,Nandyal,Punjab,India,2024-05-25,Active,8541.74
C003255,Ekantika Batta,Enterprise,Suryapet,Arunachal Pradesh,India,2025-09-20,Inactive,5928.58
C003256,Urvi Sachdeva,Enterprise,Kishanganj,Rajasthan,India,2026-06-17,Active,8356.68
C003257,Guneet Roy,Standard,Bhilwara,Uttar Pradesh,India,2025-09-07,Active,6033.97
C003258,Orinder Shan,Enterprise,Hindupur,Nagaland,India,2025-09-03,Active,13326.75
C003259,Rohan Sastry,Enterprise,Visakhapatnam,Bihar,India,2023-12-19,Active,14329.81
C003260,Samar Shere,Premium,Bhalswa Jahangir Pur,Rajasthan,India,2024-05-11,Active,11028.26
C003261,Falguni Viswanathan,Premium,Rourkela,Manipur,India,2024-06-28,Active,10389.71
C003262,Gautami Sarma,Premium,Hyderabad,Nagaland,India,2023-07-27,Active,5572.82
C003263,Elijah Barad,Standard,Thrissur,Sikkim,India,2026-05-22,Active,5213.82
C003264,Wishi Biswas,Premium,Hapur,Kerala,India,2024-03-05,Active,9974.0
C003265,Osha Pau,Standard,Saharsa,Andhra Pradesh,India,2024-08-11,Active,6051.27
C003266,Nidhi Bains,Enterprise,Haldia,Gujarat,India,2025-01-21,Active,18048.1
C003267,Jeremiah Tandon,Premium,Morena,Chhattisgarh,India,2023-12-19,Active,6630.05
C003268,Ayushman Sahota,Standard,Barasat,Madhya Pradesh,India,2025-06-28,Active,17965.07
C003269,Vihaan Nigam,Enterprise,Madhyamgram,Bihar,India,2025-11-01,Active,3265.23
C003270,Chatresh Ramesh,Standard,Tenali,Jharkhand,India,2024-09-29,Active,5706.18
C003271,Aarna Seth,Premium,Bellary,Jharkhand,India,2026-01-05,Inactive,6296.18
C003272,Zinal Bains,Standard,Secunderabad,Nagaland,India,2023-08-03,Active,4595.1
C003273,Aarnav Maharaj,Standard,Miryalaguda,Haryana,India,2026-01-11,Active,6497.5
C003274,Kai Madan,Premium,Karimnagar,Manipur,India,2025-02-22,Active,16696.82
C003275,Banjeet Raghavan,Premium,Karawal Nagar,Goa,India,2024-03-10,Active,7688.38
C003276,Advika Sundaram,Standard,Hyderabad,Manipur,India,2026-05-12,Active,4797.61
C003277,Nidhi Rajagopalan,Premium,Adoni,Madhya Pradesh,India,2025-09-06,Active,9521.66
C003278,Gaurang Ramesh,Premium,Gorakhpur,Sikkim,India,2025-09-24,Active,4607.71
C003279,Gaurangi Kulkarni,Standard,Rajpur Sonarpur,West Bengal,India,2023-11-06,Active,18864.4
C003280,Gayathri Sunder,Standard,New Delhi,Odisha,India,2025-12-05,Active,10265.03
C003281,Jacob Dave,Enterprise,Allahabad,Mizoram,India,2024-10-12,Active,8963.19
C003282,Balhaar Chandra,Standard,Begusarai,Assam,India,2024-08-24,Active,8874.11
C003283,Niharika Maharaj,Premium,Gulbarga,Uttar Pradesh,India,2026-01-12,Active,9971.49
C003284,Manbir Tak,Standard,Sangli-Miraj & Kupwad,Arunachal Pradesh,India,2026-04-28,Inactive,11059.15
C003285,Ijaya Dass,Premium,Nashik,Tamil Nadu,India,2024-09-19,Active,5192.86
C003286,Priya Bhattacharyya,Premium,Warangal,Madhya Pradesh,India,2026-03-01,Active,8274.31
C003287,Arunima Sharaf,Standard,Aizawl,Odisha,India,2025-05-11,Active,4133.25
C003288,Nicholas Rajagopalan,Enterprise,Muzaffarnagar,Maharashtra,India,2026-02-28,Active,11441.2
C003289,Rachita Merchant,Standard,Thanjavur,Odisha,India,2024-06-27,Active,8812.17
C003290,Harini Bedi,Standard,Kochi,Maharashtra,India,2025-06-08,Active,15240.33
C003291,Jairaj Iyengar,Standard,Medininagar,Sikkim,India,2024-05-15,Active,14182.53
C003292,Urishilla Nair,Standard,Shivpuri,Uttar Pradesh,India,2026-06-22,Active,11014.05
C003293,Christopher Swaminathan,Standard,Shimla,Gujarat,India,2024-01-13,Active,15934.87
C003294,Nilima Bhatti,Standard,Alwar,Haryana,India,2024-02-10,Active,4642.87
C003295,Eesha Wason,Standard,Kolhapur,Maharashtra,India,2024-08-24,Active,18163.11
C003296,Ekbal Anand,Standard,Pallavaram,Manipur,India,2024-11-03,Active,4310.66
C003297,Zehaan Hans,Standard,Hubli–Dharwad,Tamil Nadu,India,2025-06-25,Active,14255.31
C003298,Logan Dhingra,Standard,Panchkula,West Bengal,India,2023-11-14,Active,7370.32
C003299,Bahadurjit Zachariah,Standard,Akola,Jharkhand,India,2025-06-07,Active,8379.73
C003300,Ekaraj Dar,Standard,Kavali,Uttar Pradesh,India,2024-07-29,Active,24883.76
C003301,Jagvi Lala,Standard,Bhatpara,Maharashtra,India,2024-06-24,Active,10098.74
C003302,Lavanya Ahluwalia,Standard,Latur,Andhra Pradesh,India,2025-08-30,Active,4581.18
C003303,Udant Kunda,Standard,Ludhiana,Meghalaya,India,2025-02-07,Active,7698.31
C003304,Sara Sethi,Enterprise,Kalyan-Dombivli,Mizoram,India,2024-07-29,Active,7541.82
C003305,Thomas Dey,Standard,Jalandhar,Sikkim,India,2024-04-13,Active,10048.86
C003306,Nandini Mahajan,Premium,Kottayam,Madhya Pradesh,India,2024-02-25,Active,14857.71
C003307,Alexander Batra,Enterprise,Gaya,Tripura,India,2024-02-22,Active,12050.89
C003308,Jeet Sant,Premium,Ahmedabad,Odisha,India,2026-05-04,Active,7888.06
C003309,Jalsa Bakshi,Standard,Durgapur,Telangana,India,2024-10-23,Active,6522.6
C003310,Neel Mall,Standard,Panihati,Bihar,India,2025-06-07,Inactive,14229.15
C003311,Divya Dixit,Premium,Pudukkottai,Tripura,India,2025-08-23,Active,3825.08
C003312,Chasmum Khosla,Premium,Berhampore,Karnataka,India,2023-07-01,Active,11494.34
C003313,Hemangini Lanka,Standard,Karnal,Karnataka,India,2025-02-05,Active,6624.03
C003314,Pavani Palla,Standard,Kalyan-Dombivli,Jharkhand,India,2026-04-07,Active,11811.92
C003315,Ekavir Palla,Enterprise,Coimbatore,Manipur,India,2023-08-22,Inactive,15586.59
C003316,Raksha Shetty,Premium,Bhilai,Odisha,India,2025-05-05,Inactive,12595.56
C003317,Pushti Kota,Premium,Gandhidham,Gujarat,India,2024-05-17,Active,7452.32
C003318,Xiti Raghavan,Premium,Bally,Sikkim,India,2025-12-19,Active,13932.8
C003319,Chanchal Viswanathan,Standard,Sambhal,Arunachal Pradesh,India,2026-02-25,Active,1276.09
C003320,Pahal Lata,Premium,Ratlam,Telangana,India,2025-12-31,Active,10694.87
C003321,Urvi Sampath,Enterprise,Agartala,Maharashtra,India,2025-11-18,Inactive,6625.65
C003322,Dakshesh Chahal,Enterprise,Aizawl,Karnataka,India,2025-07-27,Active,4206.84
C003323,Vedika Oak,Enterprise,Srinagar,Andhra Pradesh,India,2025-03-13,Active,9357.4
C003324,Naveen Rajagopalan,Standard,Davanagere,Bihar,India,2024-06-26,Active,16885.06
C003325,Aradhana Nagarajan,Enterprise,Gandhidham,Assam,India,2024-12-06,Active,8791.91
C003326,Frado Oak,Premium,Danapur,Assam,India,2024-08-30,Active,16457.64
C003327,Adya Vasa,Standard,Guwahati,Jharkhand,India,2024-08-11,Active,7987.43
C003328,Jagat Bakshi,Enterprise,Gudivada,Assam,India,2025-11-14,Active,7784.17
C003329,Gabriel Goyal,Standard,Cuttack,Rajasthan,India,2024-04-02,Active,12469.49
C003330,Gavin Ravi,Premium,Tiruchirappalli,Telangana,India,2024-12-06,Active,8938.87
C003331,Baghyawati Pillay,Standard,Jalna,Manipur,India,2026-05-17,Active,4055.46
C003332,Dakshesh Gole,Standard,Raurkela Industrial Township,Assam,India,2024-09-11,Active,21350.06
C003333,Anusha Sane,Enterprise,Salem,Mizoram,India,2023-12-24,Active,6978.57
C003334,Rachita Kashyap,Standard,Bhiwani,Odisha,India,2025-10-07,Active,12992.45
C003335,Upma Madan,Premium,Karimnagar,Kerala,India,2025-11-29,Active,13403.89
C003336,Victor Krishnamurthy,Premium,Kamarhati,Gujarat,India,2025-11-22,Active,23659.2
C003337,Eta Nath,Premium,Phusro,Nagaland,India,2024-03-31,Active,7648.12
C003338,Arin Amble,Premium,Ghaziabad,Rajasthan,India,2024-01-29,Active,5897.76
C003339,Barkha Sura,Standard,Surendranagar Dudhrej,Jharkhand,India,2024-05-19,Active,22019.97
C003340,Maanav Bedi,Enterprise,Hindupur,Himachal Pradesh,India,2024-12-04,Active,16035.86
C003341,Samesh Kaur,Enterprise,Bhopal,Chhattisgarh,India,2024-03-30,Active,21048.65
C003342,Ekapad Munshi,Standard,Shimla,Rajasthan,India,2024-12-23,Active,7801.77
C003343,Ethan Keer,Enterprise,Gorakhpur,Madhya Pradesh,India,2025-08-31,Active,7189.1
C003344,Darsh Borah,Standard,Karawal Nagar,Bihar,India,2025-11-14,Active,5187.83
C003345,Kala Patla,Enterprise,Ramagundam,Goa,India,2024-05-30,Inactive,6780.76
C003346,Vanya De,Premium,Vasai-Virar,Uttar Pradesh,India,2023-10-31,Active,7012.14
C003347,Yashawini Zachariah,Standard,Ghaziabad,Sikkim,India,2023-07-24,Active,4748.47
C003348,Harita Walla,Premium,Sikar,Madhya Pradesh,India,2026-05-10,Active,14228.83
C003349,Unni Raghavan,Standard,Machilipatnam,Arunachal Pradesh,India,2025-02-14,Inactive,11250.02
C003350,Ira Arya,Enterprise,Nagercoil,Bihar,India,2026-04-02,Active,11111.6
C003351,Harshil Sundaram,Standard,Singrauli,Uttar Pradesh,India,2024-09-27,Inactive,12886.64
C003352,Yutika Sekhon,Standard,Gwalior,Rajasthan,India,2024-08-10,Active,9821.04
C003353,Qushi Date,Premium,Aurangabad,Telangana,India,2023-07-06,Active,12796.51
C003354,Om Shere,Standard,Vasai-Virar,Mizoram,India,2024-06-07,Active,3897.34
C003355,Faraj Hayer,Standard,Mau,Tripura,India,2026-01-16,Active,5248.39
C003356,Vidhi Chakraborty,Standard,Sultan Pur Majra,West Bengal,India,2025-05-03,Active,8796.78
C003357,Triya Chaudry,Standard,Thanjavur,Telangana,India,2024-04-29,Active,6913.85
C003358,Idika Sathe,Premium,Ahmednagar,Sikkim,India,2026-03-03,Active,7920.24
C003359,Dhruv Sunder,Standard,Shimla,Mizoram,India,2023-08-20,Active,17225.32
C003360,Forum Chaudry,Standard,Jamshedpur,Karnataka,India,2025-12-26,Active,13151.1
C003361,Hemal Bhatt,Premium,Noida,Nagaland,India,2024-12-19,Inactive,17801.23
C003362,Anya Sethi,Standard,Jehanabad,Mizoram,India,2024-09-05,Active,17118.02
C003363,Zaid Dada,Premium,Panvel,Rajasthan,India,2026-06-21,Active,6624.63
C003364,Isha Lanka,Enterprise,Mathura,Meghalaya,India,2025-11-27,Active,8123.85
C003365,Chaman Naik,Standard,Danapur,Bihar,India,2024-09-17,Active,12638.61
C003366,Yash Prakash,Standard,Bongaigaon,Chhattisgarh,India,2024-07-04,Active,10353.21
C003367,Frado Chaudhary,Standard,Rajpur Sonarpur,Himachal Pradesh,India,2025-10-15,Active,8001.05
C003368,Oni Ramaswamy,Standard,Purnia,Tamil Nadu,India,2025-10-19,Inactive,11655.36
C003369,Yuvraj Dubey,Standard,Rajkot,Punjab,India,2024-08-11,Active,9037.01
C003370,Vyanjana Golla,Standard,Darbhanga,Bihar,India,2025-07-11,Active,12379.39
C003371,Waida Hegde,Premium,Purnia,Himachal Pradesh,India,2024-07-04,Active,7889.32
C003372,Vedhika Chakraborty,Premium,Panchkula,Maharashtra,India,2025-02-01,Active,11917.56
C003373,Jonathan Dora,Enterprise,Bhagalpur,Goa,India,2024-10-06,Active,1827.76
C003374,Mohammed Pant,Premium,Bhopal,Odisha,India,2023-07-16,Active,8985.32
C003375,Vanya Soman,Standard,Khora ,Gujarat,India,2023-10-17,Active,8195.29
C003376,Hemani Ranganathan,Premium,Bhagalpur,Meghalaya,India,2024-04-01,Active,11109.13
C003377,Urishilla Divan,Premium,Mahbubnagar,Madhya Pradesh,India,2025-08-04,Active,12181.42
C003378,Mitesh Bala,Standard,Nadiad,Bihar,India,2024-06-08,Active,6423.52
C003379,Mitali Patla,Enterprise,Purnia,Nagaland,India,2025-07-05,Active,2485.21
C003380,Harish Chhabra,Premium,Jaunpur,Bihar,India,2024-12-15,Active,7794.12
C003381,Frederick Kumar,Standard,Kolkata,Goa,India,2024-11-05,Inactive,13814.79
C003382,Watika Dasgupta,Premium,Gulbarga,Punjab,India,2023-08-24,Active,4679.35
C003383,Garima Patla,Standard,Khammam,Manipur,India,2023-10-24,Inactive,7506.91
C003384,Fiyaz Viswanathan,Standard,Tezpur,Meghalaya,India,2025-05-01,Inactive,7939.69
C003385,Waida Prabhakar,Standard,Indore,Himachal Pradesh,India,2025-07-08,Active,10933.79
C003386,Matthew Buch,Standard,Tinsukia,Uttar Pradesh,India,2026-04-15,Active,11060.99
C003387,Wakeeta Arora,Standard,Jamalpur,Karnataka,India,2025-11-13,Active,9254.22
C003388,Abeer Khosla,Standard,Mumbai,Tamil Nadu,India,2026-01-19,Active,7429.78
C003389,Laban Nayak,Standard,Bikaner,Mizoram,India,2025-12-04,Active,13713.88
C003390,Ishaan Atwal,Standard,Bathinda,Punjab,India,2023-08-13,Active,26523.26
C003391,Zehaan Nath,Standard,Ahmedabad,Uttarakhand,India,2024-10-24,Active,12405.01
C003392,Avi Chowdhury,Standard,Imphal,Rajasthan,India,2025-10-22,Active,6671.32
C003393,Deepa Mallick,Standard,Khandwa,Uttarakhand,India,2024-08-04,Active,3671.71
C003394,Chakradhar Kaur,Standard,Thiruvananthapuram,Karnataka,India,2023-10-16,Active,16810.72
C003395,Keya Arya,Premium,Bahraich,West Bengal,India,2026-03-28,Inactive,8583.27
C003396,Karan Contractor,Standard,Chittoor,Nagaland,India,2024-11-29,Active,15993.57
C003397,Vinaya Manne,Standard,Madurai,Himachal Pradesh,India,2023-10-30,Inactive,9691.1
C003398,Azaan Kar,Premium,Nellore,Himachal Pradesh,India,2026-02-20,Active,6611.63
C003399,Falak Dar,Standard,Kolkata,Goa,India,2025-12-18,Active,9055.13
C003400,Zansi Ramesh,Enterprise,Salem,Nagaland,India,2023-07-13,Active,5796.68
C003401,Ekansh Bera,Enterprise,Gandhidham,Telangana,India,2025-03-28,Active,10058.02
C003402,Oscar Hegde,Standard,Dhanbad,Telangana,India,2026-05-06,Active,7073.66
C003403,Dayita Kala,Standard,Jaunpur,Kerala,India,2024-05-10,Active,6341.89
C003404,Ayaan Mann,Standard,Nagercoil,Meghalaya,India,2025-10-04,Active,21288.97
C003405,Urvashi Dass,Standard,Raichur,Andhra Pradesh,India,2023-10-26,Active,9776.49
C003406,Bhavna Parekh,Standard,Fatehpur,Jharkhand,India,2024-05-18,Active,6324.96
C003407,Sai Agarwal,Standard,Indore,Karnataka,India,2026-02-04,Active,3980.33
C003408,Reva Aurora,Standard,Madhyamgram,Odisha,India,2026-02-11,Active,17022.45
C003409,Sanya Atwal,Standard,Bharatpur,Himachal Pradesh,India,2026-05-24,Active,1102.84
C003410,Faraj Vaidya,Enterprise,Asansol,Sikkim,India,2026-05-01,Active,12326.53
C003411,Rishi Walla,Premium,Ambarnath,Assam,India,2025-04-14,Active,5329.16
C003412,Udyati Shere,Standard,Bareilly,Uttarakhand,India,2026-05-23,Active,18824.21
C003413,Ranbir Patla,Standard,Kurnool,Manipur,India,2024-04-29,Active,10091.36
C003414,Meera Raj,Enterprise,Navi Mumbai,Uttarakhand,India,2026-02-12,Active,10086.69
C003415,Gauri Lad,Standard,Begusarai,Haryana,India,2026-03-13,Active,16877.58
C003416,Meghana Rajagopal,Standard,Shimoga,Bihar,India,2023-12-15,Active,16027.54
C003417,Chakradhar Pingle,Enterprise,Purnia,Goa,India,2024-05-30,Active,15742.7
C003418,Noah Char,Standard,Adoni,Assam,India,2025-02-19,Active,9744.88
C003419,Reva Johal,Standard,Katni,Manipur,India,2026-04-20,Active,4794.69
C003420,Chatura Joshi,Standard,Tirunelveli,Assam,India,2025-01-23,Active,10079.93
C003421,Ridhi Dora,Premium,Varanasi,Uttar Pradesh,India,2025-04-02,Active,8030.34
C003422,Upasna Om,Standard,Thane,Madhya Pradesh,India,2023-07-27,Active,7300.12
C003423,Falan Banik,Premium,Korba,Tripura,India,2025-04-26,Active,9271.0
C003424,Kalpit Pandey,Standard,Karaikudi,Rajasthan,India,2024-10-29,Active,8555.68
C003425,Tripti Krish,Premium,Jamnagar,Andhra Pradesh,India,2023-07-14,Active,11557.22
C003426,Girish Biswas,Premium,Sagar,Rajasthan,India,2025-10-09,Active,7771.68
C003427,Aishani Gala,Standard,Khammam,Odisha,India,2025-03-05,Inactive,5270.53
C003428,Neelima Shah,Standard,Surendranagar Dudhrej,Himachal Pradesh,India,2024-05-26,Active,9227.0
C003429,Tarak Purohit,Standard,Bhagalpur,Tripura,India,2024-08-27,Active,13977.54
C003430,Manbir Walla,Standard,Bongaigaon,Punjab,India,2025-04-27,Active,2843.35
C003431,Faraj Panchal,Premium,Nandyal,Tripura,India,2025-03-05,Inactive,11697.21
C003432,Vanya Merchant,Premium,Ambattur,Jharkhand,India,2025-06-14,Active,5830.08
C003433,Zansi Kale,Standard,Adoni,Meghalaya,India,2023-08-07,Active,10290.58
C003434,Chaitaly Butala,Standard,Kumbakonam,Tamil Nadu,India,2024-09-15,Active,11648.29
C003435,Lopa Shetty,Premium,Berhampur,Assam,India,2024-01-28,Active,5439.43
C003436,Nathan Goda,Enterprise,Dibrugarh,Gujarat,India,2025-12-06,Active,10247.65
C003437,Qadim Kata,Standard,Ambala,Uttarakhand,India,2026-02-08,Active,14235.69
C003438,Dipta Dey,Standard,Warangal,Manipur,India,2026-04-04,Active,6065.51
C003439,Sudiksha Deshmukh,Standard,Bihar Sharif,Mizoram,India,2025-09-04,Active,6480.72
C003440,Upasna Chahal,Standard,Ajmer,Maharashtra,India,2024-04-25,Active,14685.96
C003441,Triya Thaman,Standard,Warangal,Assam,India,2025-04-05,Inactive,10054.08
C003442,Warjas Goswami,Standard,Tirunelveli,Bihar,India,2025-05-09,Inactive,18458.17
C003443,Jyoti Memon,Standard,Anand,Arunachal Pradesh,India,2025-08-01,Active,1036.45
C003444,Jackson Palla,Standard,Secunderabad,Mizoram,India,2024-03-03,Active,10198.47
C003445,Gaurang Som,Standard,Chennai,Telangana,India,2026-05-04,Active,14742.96
C003446,Yasti Subramaniam,Premium,Bongaigaon,Jharkhand,India,2025-04-26,Inactive,2294.87
C003447,Vidhi Sehgal,Standard,Aligarh,Madhya Pradesh,India,2026-02-23,Active,6244.36
C003448,Chaaya Batra,Standard,Ratlam,Tripura,India,2024-09-07,Active,18753.51
C003449,Simon Bhavsar,Standard,Gandhidham,Meghalaya,India,2026-03-21,Inactive,6475.34
C003450,Ekbal Suri,Premium,Durgapur,Rajasthan,India,2025-10-29,Active,13821.98
C003451,Ayushman Gala,Enterprise,Ambattur,Meghalaya,India,2025-03-02,Active,6822.01
C003452,Kamala De,Standard,Howrah,Andhra Pradesh,India,2025-06-05,Active,4173.8
C003453,Agastya Kant,Standard,Singrauli,Punjab,India,2025-08-30,Active,23387.9
C003454,Hemal Karpe,Standard,Sultan Pur Majra,Karnataka,India,2023-11-05,Active,4831.83
C003455,Harita Tata,Premium,Ujjain,Gujarat,India,2024-01-09,Active,5303.12
C003456,Chatresh Lal,Standard,Morbi,Haryana,India,2024-02-26,Active,15599.61
C003457,Frederick Hayre,Standard,Suryapet,Arunachal Pradesh,India,2025-12-20,Active,1234.58
C003458,Aadhya Chana,Standard,Danapur,Sikkim,India,2023-08-24,Active,6962.77
C003459,Ekbal Sampath,Standard,Nagpur,Assam,India,2026-01-21,Active,5120.21
C003460,Ekapad Nagar,Standard,Amaravati,Tripura,India,2026-04-11,Active,3292.25
C003461,Faqid Guha,Standard,Khammam,Andhra Pradesh,India,2024-11-06,Active,18767.48
C003462,Dalbir Shroff,Standard,Bidhannagar,Maharashtra,India,2024-07-01,Active,22477.84
C003463,Sachi Munshi,Standard,Saharanpur,Madhya Pradesh,India,2024-06-02,Active,9379.23
C003464,Dayita Bala,Premium,Rajkot,Meghalaya,India,2024-01-19,Active,5682.51
C003465,Krishna Dutt,Standard,Avadi,Tamil Nadu,India,2025-06-28,Active,20307.38
C003466,Idika Panchal,Standard,Durgapur,Uttarakhand,India,2026-06-11,Active,11941.13
C003467,Harsh Keer,Enterprise,Mathura,Punjab,India,2025-03-15,Active,17311.65
C003468,Abha Gola,Standard,Imphal,Uttarakhand,India,2026-05-07,Active,5066.88
C003469,Jyoti Patil,Enterprise,Bhiwani,Telangana,India,2025-04-17,Active,26567.16
C003470,Neel Sarin,Enterprise,Dindigul,Gujarat,India,2024-01-12,Inactive,7633.54
C003471,Rehaan Virk,Standard,Sambalpur,Odisha,India,2026-04-03,Active,22054.18
C003472,Jackson Palla,Standard,Bhagalpur,Goa,India,2025-06-29,Active,9079.16
C003473,Mitesh Gaba,Premium,Khora ,Mizoram,India,2025-09-15,Active,8616.02
C003474,Veda Kannan,Standard,Chittoor,Tamil Nadu,India,2024-08-06,Active,11321.85
C003475,Girik Chaudhuri,Premium,Narasaraopet,Goa,India,2025-10-14,Active,962.99
C003476,Warhi Bawa,Standard,Chandrapur,Arunachal Pradesh,India,2024-11-23,Active,5409.14
C003477,Wahab Sarin,Standard,Belgaum,Uttarakhand,India,2025-09-03,Active,7969.73
C003478,Ekani Lad,Standard,Mathura,Telangana,India,2025-02-02,Active,9497.07
C003479,Eshana Nigam,Standard,Thiruvananthapuram,West Bengal,India,2026-02-21,Inactive,13666.56
C003480,Vamakshi Mohan,Premium,Kakinada,Assam,India,2024-02-21,Active,9201.9
C003481,Ishwar Varma,Standard,Thiruvananthapuram,Nagaland,India,2025-10-24,Active,4898.69
C003482,Netra Toor,Standard,Guntakal,Uttar Pradesh,India,2024-05-17,Active,16925.6
C003483,Vedika Cheema,Premium,Chapra,Arunachal Pradesh,India,2025-01-06,Active,6337.4
C003484,Omkaar Sood,Premium,Thoothukudi,Mizoram,India,2024-05-18,Inactive,8789.71
C003485,Bishakha Munshi,Standard,Raipur,Chhattisgarh,India,2023-11-09,Active,6539.48
C003486,Pranit Balakrishnan,Standard,Hyderabad,Chhattisgarh,India,2024-10-01,Active,19187.75
C003487,Ishwar Balakrishnan,Standard,Delhi,Rajasthan,India,2025-02-28,Active,12818.75
C003488,Wishi Babu,Standard,Navi Mumbai,Rajasthan,India,2025-09-20,Active,17070.09
C003489,Aayush Gara,Standard,Moradabad,Arunachal Pradesh,India,2026-04-10,Active,6771.23
C003490,Vasudha Gour,Enterprise,Sultan Pur Majra,Tamil Nadu,India,2026-02-21,Active,6923.75
C003491,Tejas Goyal,Standard,Varanasi,Bihar,India,2024-02-01,Active,7203.18
C003492,Gopal Khare,Standard,Karaikudi,Himachal Pradesh,India,2023-12-29,Active,5811.07
C003493,Saumya Bal,Standard,Ludhiana,Gujarat,India,2024-10-02,Active,4386.79
C003494,Pranit Natt,Standard,Udupi,Himachal Pradesh,India,2026-05-16,Active,14120.48
C003495,Atharv Ramaswamy,Standard,Pali,Uttarakhand,India,2024-07-25,Active,11332.07
C003496,Yash Chopra,Standard,Hubli–Dharwad,Assam,India,2023-09-14,Active,4787.96
C003497,Aarini Bedi,Standard,Vellore,Maharashtra,India,2025-01-04,Active,13691.13
C003498,Champak Mody,Premium,Salem,Tripura,India,2026-02-04,Active,11400.68
C003499,Tanay Dutt,Premium,Morbi,Gujarat,India,2023-10-01,Active,3433.24
C003500,Rachit Aurora,Enterprise,Hindupur,Haryana,India,2023-07-02,Active,21392.88
C003501,Kalpit Cherian,Standard,Burhanpur,Kerala,India,2025-03-07,Active,9676.15
C003502,Timothy Vaidya,Premium,Raipur,Bihar,India,2024-10-24,Active,15054.15
C003503,Jhalak Balasubramanian,Standard,Shivpuri,Jharkhand,India,2024-01-22,Active,4216.96
C003504,Bhavika Venkatesh,Premium,Vijayawada,Kerala,India,2026-02-19,Active,16421.13
C003505,Thomas Kadakia,Standard,Begusarai,Jharkhand,India,2026-03-28,Active,11423.89
C003506,Alka Tank,Standard,Mahbubnagar,Gujarat,India,2026-04-17,Active,11335.35
C003507,Kai Mutti,Standard,Chandigarh,Haryana,India,2026-02-23,Active,5114.73
C003508,Chakrika Lal,Standard,Bhilai,Andhra Pradesh,India,2025-04-20,Active,10875.9
C003509,Kamya Sharma,Enterprise,Guwahati,Odisha,India,2025-11-13,Active,11506.7
C003510,David Suresh,Premium,Deoghar,West Bengal,India,2025-03-05,Active,7564.08
C003511,Vidhi Dayal,Premium,Nagercoil,Arunachal Pradesh,India,2023-09-13,Active,3632.33
C003512,Atharv Balasubramanian,Premium,Mathura,West Bengal,India,2025-02-06,Active,9571.47
C003513,Gautami Malhotra,Enterprise,Raurkela Industrial Township,Arunachal Pradesh,India,2023-10-27,Inactive,7661.56
C003514,Warjas Nadkarni,Standard,Pali,Punjab,India,2023-12-11,Active,9362.03
C003515,Frederick Din,Standard,Jaipur,Tripura,India,2024-08-23,Active,13314.66
C003516,Sudiksha Chaudhari,Standard,Adoni,Arunachal Pradesh,India,2025-07-10,Active,5454.94
C003517,Dakshesh Munshi,Premium,Pune,Gujarat,India,2023-07-18,Active,7896.36
C003518,Kashish Khurana,Standard,Ambarnath,Karnataka,India,2025-08-28,Active,12540.63
C003519,Urmi Sule,Standard,Bijapur,Chhattisgarh,India,2024-10-11,Active,4411.31
C003520,Lakshit Dayal,Standard,Rewa,Karnataka,India,2025-12-19,Active,6245.68
C003521,Ojas Varty,Standard,Giridih,Rajasthan,India,2025-02-09,Active,8914.28
C003522,Nidhi Rana,Premium,Dibrugarh,Gujarat,India,2025-07-09,Active,4833.04
C003523,Dipta Sankar,Standard,Jamshedpur,Sikkim,India,2026-05-23,Active,10466.39
C003524,Parth Batta,Premium,Moradabad,Himachal Pradesh,India,2026-01-30,Active,13030.44
C003525,Vyanjana Chad,Standard,Faridabad,Haryana,India,2024-06-24,Active,10727.18
C003526,Yoshita Singh,Standard,Alwar,Mizoram,India,2025-09-06,Active,6541.08
C003527,Vasana Dugar,Standard,Agra,Himachal Pradesh,India,2025-04-10,Active,5731.41
C003528,Abhiram Oza,Standard,Dharmavaram,Madhya Pradesh,India,2024-08-06,Inactive,7482.25
C003529,Chaman Tata,Standard,Sikar,Uttarakhand,India,2024-02-19,Active,10474.7
C003530,Vivaan Grewal,Standard,Orai,Gujarat,India,2026-06-15,Inactive,6427.36
C003531,Manan Lata,Enterprise,Bhatpara,Odisha,India,2023-10-25,Active,19621.85
C003532,Eiravati Prashad,Enterprise,Dewas,Manipur,India,2025-12-19,Active,13475.56
C003533,Lopa Sama,Premium,Latur,Tamil Nadu,India,2025-08-28,Active,11547.42
C003534,Adya Deshpande,Premium,Guwahati,Maharashtra,India,2023-09-25,Active,5757.45
C003535,Nikita Mukhopadhyay,Standard,Guwahati,Gujarat,India,2024-12-14,Active,4536.09
C003536,Brinda Singh,Standard,Kochi,Jharkhand,India,2025-12-25,Active,17522.89
C003537,Nidhi Narayanan,Premium,Madurai,Uttarakhand,India,2024-02-04,Active,11199.49
C003538,Pushti Sura,Enterprise,Jodhpur,Nagaland,India,2026-01-25,Active,4530.55
C003539,Jeevika Sampath,Premium,Amritsar,Jharkhand,India,2026-03-18,Active,5197.19
C003540,Mitali Rai,Standard,Uluberia,Telangana,India,2025-08-18,Active,11136.29
C003541,Balveer Halder,Standard,Tirupati,Gujarat,India,2025-01-11,Inactive,1354.48
C003542,Eiravati Saran,Standard,Satara,Himachal Pradesh,India,2025-04-10,Active,6343.74
C003543,Jairaj Dutta,Enterprise,Jamshedpur,Assam,India,2026-05-03,Active,4033.76
C003544,Jairaj Rama,Standard,Shimoga,Punjab,India,2026-06-05,Active,4161.91
C003545,Idika Saraf,Standard,Tiruvottiyur,Bihar,India,2023-09-30,Active,7871.02
C003546,Raksha Chopra,Premium,Bardhaman,Rajasthan,India,2026-02-20,Active,9542.03
C003547,Avi Roy,Premium,Mathura,Kerala,India,2023-10-08,Active,14116.69
C003548,Jackson Viswanathan,Enterprise,Haridwar,Madhya Pradesh,India,2024-12-30,Active,6885.91
C003549,Harita Lata,Enterprise,Purnia,Uttarakhand,India,2024-05-30,Inactive,3827.03
C003550,Devansh Lad,Premium,Jamnagar,Chhattisgarh,India,2024-12-19,Active,7356.59
C003551,Anita Ghose,Enterprise,Singrauli,Jharkhand,India,2025-07-15,Active,5339.58
C003552,Aayush Bail,Enterprise,Aligarh,Telangana,India,2025-07-02,Active,8693.02
C003553,Pahal Sura,Standard,Salem,Maharashtra,India,2023-07-31,Active,5341.81
C003554,Ekapad Khosla,Enterprise,Hospet,Goa,India,2025-12-30,Active,12410.45
C003555,Lekha Chad,Premium,Shahjahanpur,Punjab,India,2025-07-13,Active,8998.21
C003556,Maanas Prasad,Standard,Kurnool,Sikkim,India,2024-10-16,Active,9257.92
C003557,Onkar Rajagopal,Standard,Howrah,Punjab,India,2026-04-01,Active,6890.92
C003558,Gaurang Om,Standard,Jhansi,Madhya Pradesh,India,2025-11-26,Active,12040.13
C003559,Mitali Desai,Standard,Ajmer,Tamil Nadu,India,2025-10-20,Active,15899.41
C003560,Dev Pandit,Standard,Unnao,Jharkhand,India,2025-03-18,Active,11390.16
C003561,Maanav Sharma,Premium,Maheshtala,Karnataka,India,2024-11-01,Active,4616.46
C003562,Bhavya Srinivasan,Standard,Serampore,Sikkim,India,2025-05-12,Active,7969.01
C003563,Shivansh Guha,Standard,Gandhidham,Meghalaya,India,2025-12-17,Active,8705.48
C003564,Krish Gulati,Standard,Sagar,Tamil Nadu,India,2025-03-12,Active,13615.83
C003565,Alexander Tata,Standard,Erode,Jharkhand,India,2024-07-30,Inactive,14951.48
C003566,Ati Chaudhari,Standard,Sasaram,Himachal Pradesh,India,2024-07-09,Active,7124.4
C003567,Peter Oak,Enterprise,Hajipur,Jharkhand,India,2025-11-11,Active,19117.76
C003568,Dhruv Rana,Premium,Satara,Punjab,India,2024-02-06,Active,6568.48
C003569,Ikshita Chakrabarti,Enterprise,Akola,Telangana,India,2023-08-16,Active,10256.58
C003570,Gunbir Narain,Enterprise,Saharanpur,Bihar,India,2023-08-05,Active,10928.68
C003571,Urvashi Narasimhan,Premium,Jamalpur,Chhattisgarh,India,2026-03-26,Active,7646.08
C003572,Lopa Halder,Standard,Tirupati,Haryana,India,2025-04-03,Active,10647.43
C003573,Anthony Konda,Premium,Shimoga,Odisha,India,2025-05-28,Inactive,3689.53
C003574,Shivani Mahal,Premium,Chandigarh,Tamil Nadu,India,2024-09-02,Inactive,19761.75
C003575,Varenya Dhawan,Standard,Eluru,Telangana,India,2024-09-02,Active,13100.08
C003576,Bhanumati Chowdhury,Standard,Amritsar,Maharashtra,India,2025-12-17,Active,5828.7
C003577,Dev Kala,Premium,Shivpuri,Assam,India,2023-11-18,Active,18832.98
C003578,Laban Bhagat,Standard,Moradabad,Telangana,India,2025-03-25,Active,12280.26
C003579,Nihal Dass,Standard,Sasaram,Himachal Pradesh,India,2025-01-17,Active,4215.05
C003580,Ati Pandya,Standard,Dewas,Kerala,India,2025-05-30,Active,12997.57
C003581,Baghyawati Konda,Standard,Bhopal,Tamil Nadu,India,2025-07-25,Active,9965.39
C003582,Yochana Sidhu,Premium,Firozabad,Tamil Nadu,India,2024-10-07,Active,8467.74
C003583,Hredhaan Madan,Standard,Udaipur,Andhra Pradesh,India,2024-10-23,Active,15588.9
C003584,Bhanumati Chaudhary,Standard,Gorakhpur,Uttarakhand,India,2026-05-15,Active,9709.48
C003585,Balendra Maharaj,Standard,Raiganj,Uttarakhand,India,2026-02-14,Active,7687.3
C003586,Adweta Bhat,Enterprise,Panipat,Tamil Nadu,India,2025-10-21,Active,10003.24
C003587,Kalpit Vala,Standard,Nagpur,Nagaland,India,2023-09-17,Active,11672.9
C003588,Anvi Sarin,Premium,Bardhaman,Nagaland,India,2024-12-24,Active,14177.19
C003589,Saumya Din,Standard,Rewa,Andhra Pradesh,India,2026-01-06,Active,6554.0
C003590,Vamakshi Sarkar,Standard,Surat,Nagaland,India,2026-06-24,Active,5025.59
C003591,Pavani Arya,Premium,Shahjahanpur,Maharashtra,India,2026-05-05,Inactive,11049.3
C003592,Omya Sekhon,Standard,Eluru,Madhya Pradesh,India,2025-03-15,Active,4671.26
C003593,Gaurangi Rai,Standard,Dehri,Madhya Pradesh,India,2026-03-01,Active,4817.41
C003594,Warinder Warrior,Standard,Howrah,Kerala,India,2024-12-01,Active,7756.12
C003595,Amara Dhar,Standard,Gandhinagar,Himachal Pradesh,India,2024-09-12,Active,4872.86
C003596,Akshay Dubey,Premium,Satna,Goa,India,2025-09-27,Active,9683.88
C003597,Teerth Dewan,Premium,Tumkur,Arunachal Pradesh,India,2023-10-22,Active,12989.58
C003598,Avi Reddy,Standard,Bhalswa Jahangir Pur,Manipur,India,2026-02-17,Inactive,18833.4
C003599,Pratyush Mital,Premium,Raurkela Industrial Township,Kerala,India,2024-09-03,Active,12716.81
C003600,Aadi Tak,Standard,Bhiwani,Jharkhand,India,2024-11-07,Active,8808.11
C003601,Ryan Wali,Standard,Panchkula,Uttarakhand,India,2025-05-23,Active,9556.57
C003602,Waida Naidu,Standard,Kollam,Nagaland,India,2024-10-29,Active,2564.79
C003603,Unnati Bora,Premium,Karaikudi,Goa,India,2025-08-04,Inactive,5595.29
C003604,Janya Rao,Premium,Nadiad,Himachal Pradesh,India,2025-05-15,Active,11851.26
C003605,Balhaar Varty,Standard,Sagar,Haryana,India,2025-02-02,Active,21791.18
C003606,Isaiah Morar,Standard,Hyderabad,Bihar,India,2025-03-16,Active,10473.04
C003607,Dhriti Dubey,Standard,Hosur,Assam,India,2023-10-14,Active,13553.77
C003608,Sai Sarkar,Standard,Khammam,Goa,India,2024-10-28,Active,5675.63
C003609,Falan Om,Standard,Satara,West Bengal,India,2025-04-21,Inactive,9250.35
C003610,Omya Ray,Standard,Navi Mumbai,Meghalaya,India,2024-03-03,Active,18243.08
C003611,Abha Dhar,Standard,Mira-Bhayandar,Mizoram,India,2024-06-22,Active,13300.38
C003612,Benjamin Rattan,Standard,Jamnagar,Tripura,India,2024-12-26,Active,4003.98
C003613,Rajata Dani,Standard,Thane,Sikkim,India,2024-09-24,Active,9136.38
C003614,Indrajit Sheth,Standard,Bhusawal,Sikkim,India,2025-07-16,Active,9417.96
C003615,Vaishnavi Chaudhari,Enterprise,Madhyamgram,Telangana,India,2024-07-21,Active,9789.04
C003616,Radha Mutti,Standard,Rajahmundry,Meghalaya,India,2023-11-24,Active,4080.72
C003617,Amrita Gandhi,Standard,Unnao,Arunachal Pradesh,India,2024-12-29,Active,8732.5
C003618,Meera Dugar,Standard,Darbhanga,Kerala,India,2025-10-29,Active,8437.69
C003619,Vamakshi Ravi,Standard,Raichur,Bihar,India,2026-06-19,Active,6770.98
C003620,Balendra Oza,Standard,Bikaner,Assam,India,2024-03-18,Active,4886.73
C003621,Dayita Chahal,Standard,Indore,Telangana,India,2026-06-04,Active,9667.71
C003622,Forum Balay,Premium,Bikaner,Tamil Nadu,India,2025-07-29,Active,11510.04
C003623,Edhitha Bal,Standard,Rewa,Tamil Nadu,India,2024-09-28,Active,7950.41
C003624,Jeevika Nagi,Standard,Pali,Manipur,India,2024-04-26,Active,13654.63
C003625,Yashoda Venkataraman,Premium,Ambattur,Haryana,India,2025-08-02,Active,16029.85
C003626,Ojasvi Buch,Standard,Pudukkottai,Tamil Nadu,India,2023-07-31,Active,15587.22
C003627,Quincy Balasubramanian,Enterprise,Nagaon,Chhattisgarh,India,2024-03-14,Inactive,6771.85
C003628,Hardik Sridhar,Standard,Raebareli,Goa,India,2024-01-05,Active,6565.84
C003629,Baghyawati Tata,Premium,Alappuzha,Himachal Pradesh,India,2025-05-18,Active,12522.8
C003630,Varsha Modi,Premium,Rohtak,Haryana,India,2024-11-18,Active,10126.06
C003631,Ishani Nazareth,Premium,Delhi,Andhra Pradesh,India,2025-08-21,Active,15014.84
C003632,Dakshesh Choudhry,Standard,Asansol,West Bengal,India,2025-03-11,Active,12679.98
C003633,Falguni Bali,Standard,Guna,Tripura,India,2023-08-11,Active,13364.09
C003634,Warinder Mane,Premium,Varanasi,Meghalaya,India,2025-09-26,Active,7129.14
C003635,Quincy D’Alia,Premium,Berhampore,Haryana,India,2024-02-12,Active,4234.03
C003636,Aashi Walla,Standard,Nangloi Jat,Tamil Nadu,India,2025-08-05,Active,7613.85
C003637,Samuel Taneja,Standard,Raebareli,Mizoram,India,2025-01-22,Active,6445.72
C003638,Zinal Deol,Standard,Medininagar,Chhattisgarh,India,2025-05-27,Inactive,16869.61
C003639,Upkaar Choudhry,Premium,Bhavnagar,Telangana,India,2024-08-17,Active,11245.03
C003640,Warhi Nair,Standard,Davanagere,Himachal Pradesh,India,2025-11-03,Active,19432.72
C003641,Girik Sharaf,Standard,Gandhidham,Uttarakhand,India,2024-08-29,Active,11444.21
C003642,Faras Palla,Standard,Tumkur,Uttarakhand,India,2025-12-08,Active,15976.95
C003643,Kevin Loke,Standard,Kamarhati,Jharkhand,India,2024-10-28,Active,8041.78
C003644,Hema Ghosh,Standard,Bikaner,Chhattisgarh,India,2025-06-27,Active,4549.0
C003645,Pooja Rama,Standard,Latur,Himachal Pradesh,India,2025-03-22,Active,1760.64
C003646,Tamanna Basak,Standard,Giridih,Uttarakhand,India,2024-07-31,Active,11810.78
C003647,Upkaar Dave,Standard,Jaipur,Jharkhand,India,2024-12-17,Active,12766.78
C003648,Ryan Badal,Premium,Avadi,Tripura,India,2023-10-18,Inactive,11713.82
C003649,Gavin Patil,Premium,Tirupati,Rajasthan,India,2026-03-05,Active,11616.2
C003650,Indrajit Bedi,Standard,Dharmavaram,Maharashtra,India,2024-12-17,Active,5428.53
C003651,Chanchal Guha,Enterprise,Shahjahanpur,Himachal Pradesh,India,2023-08-02,Active,13867.74
C003652,Saanvi Narayanan,Standard,Akola,Kerala,India,2024-12-17,Active,1859.81
C003653,Faris Kothari,Standard,Burhanpur,Jharkhand,India,2025-06-15,Active,8253.99
C003654,Balendra Devan,Standard,Narasaraopet,Goa,India,2024-08-07,Active,18692.62
C003655,Lopa Handa,Standard,Morbi,Himachal Pradesh,India,2025-09-21,Active,14628.59
C003656,Siddharth Nagy,Standard,Chinsurah,Telangana,India,2023-08-13,Active,8010.91
C003657,Robert Karan,Premium,Narasaraopet,Punjab,India,2026-02-26,Active,12254.52
C003658,Michael Sharma,Standard,Jaunpur,Sikkim,India,2024-03-27,Active,10651.74
C003659,Rachana Sankar,Standard,Kochi,Telangana,India,2025-10-18,Active,8261.27
C003660,Balvan Kurian,Standard,Dharmavaram,Manipur,India,2026-06-21,Active,11522.71
C003661,Gauri Nadig,Standard,Jammu,Gujarat,India,2023-09-14,Active,13385.72
C003662,Saanvi Patel,Standard,Mumbai,Bihar,India,2025-07-08,Active,7681.35
C003663,Tristan Dutta,Premium,Kottayam,Andhra Pradesh,India,2025-01-06,Active,3946.71
C003664,Madhavi Badal,Premium,Allahabad,Arunachal Pradesh,India,2024-11-16,Inactive,17161.18
C003665,Nilima Dutta,Premium,Bihar Sharif,Tripura,India,2025-02-20,Active,5933.29
C003666,Sai Kunda,Enterprise,Ajmer,Maharashtra,India,2024-04-10,Active,20638.28
C003667,Oviya Garde,Premium,Tumkur,Manipur,India,2024-01-21,Active,8397.34
C003668,Nilima Lad,Enterprise,Vellore,Goa,India,2024-10-09,Active,2022.79
C003669,Ayaan Atwal,Standard,Bokaro,Maharashtra,India,2023-08-17,Active,9672.75
C003670,Mitesh Cheema,Standard,Panvel,Haryana,India,2024-08-10,Active,10369.67
C003671,Joshua Rajagopalan,Standard,Rampur,Maharashtra,India,2024-04-05,Active,12372.28
C003672,Avi Narang,Premium,Kochi,Madhya Pradesh,India,2024-12-19,Active,16790.17
C003673,Yashica Khurana,Standard,Eluru,Maharashtra,India,2024-12-17,Active,8375.92
C003674,Logan Dugal,Standard,Pondicherry,Manipur,India,2024-09-12,Active,7715.87
C003675,Amol Modi,Premium,Nashik,Maharashtra,India,2023-11-08,Active,6555.11
C003676,Maanas Chakraborty,Standard,Dhanbad,Manipur,India,2025-04-13,Active,3417.61
C003677,Radhika Kala,Premium,Kamarhati,Tamil Nadu,India,2026-03-27,Active,10826.03
C003678,Divya Sarin,Enterprise,Allahabad,Madhya Pradesh,India,2024-07-28,Active,10314.76
C003679,Imaran Vig,Enterprise,Bihar Sharif,Odisha,India,2023-07-15,Active,12780.41
C003680,Eesha Vora,Standard,Kochi,Odisha,India,2026-05-10,Active,5656.38
C003681,Robert Prashad,Standard,Bhavnagar,Andhra Pradesh,India,2024-12-02,Active,22132.69
C003682,Chandran Manda,Standard,Kolhapur,Kerala,India,2024-09-18,Active,12054.7
C003683,Lavanya Arora,Premium,Bikaner,Manipur,India,2024-06-19,Active,6856.4
C003684,Wriddhish Goda,Premium,Visakhapatnam,Uttarakhand,India,2026-06-09,Active,2983.3
C003685,Darsh Shah,Standard,Aizawl,Karnataka,India,2024-03-22,Active,8937.29
C003686,Ekta Deep,Premium,Amritsar,Goa,India,2023-10-23,Active,7847.17
C003687,Ishanvi Arya,Premium,Shahjahanpur,Chhattisgarh,India,2023-08-25,Active,11337.92
C003688,Libni Acharya,Standard,Phusro,Uttarakhand,India,2025-04-01,Active,10771.4
C003689,Jasmit Borde,Premium,Begusarai,Uttar Pradesh,India,2023-10-27,Active,9930.12
C003690,Aditya Nadig,Standard,Latur,Haryana,India,2024-10-07,Active,8149.82
C003691,Ishaan Lata,Standard,Etawah,Nagaland,India,2023-07-30,Active,7359.27
C003692,Megha Bhagat,Standard,Sambalpur,Himachal Pradesh,India,2025-10-06,Active,4963.92
C003693,Baghyawati Chokshi,Standard,Chittoor,Madhya Pradesh,India,2026-04-11,Active,8531.49
C003694,Guneet Kunda,Enterprise,Satna,Rajasthan,India,2026-05-10,Active,12946.17
C003695,Om Ghose,Standard,Bahraich,Mizoram,India,2023-08-28,Active,9770.47
C003696,Jairaj Natt,Standard,Nagaon,Madhya Pradesh,India,2024-12-08,Active,8311.01
C003697,Yashica Bose,Standard,Tinsukia,Maharashtra,India,2023-12-25,Active,4666.42
C003698,Wriddhish Gala,Premium,Srinagar,Haryana,India,2025-02-02,Active,8519.5
C003699,Lucky Ray,Standard,Eluru,Haryana,India,2024-05-05,Active,15987.15
C003700,Anirudh Nayak,Standard,Ramagundam,Tamil Nadu,India,2024-12-04,Active,5915.31
C003701,Gaurangi Chaudhuri,Enterprise,Alappuzha,Telangana,India,2025-10-10,Active,9740.83
C003702,Rushil Sehgal,Standard,Bhopal,Goa,India,2024-03-23,Active,11694.17
C003703,Ekavir Tak,Enterprise,Silchar,Manipur,India,2025-09-17,Active,23404.48
C003704,Nakul Lanka,Premium,Ulhasnagar,Mizoram,India,2025-02-02,Active,9181.98
C003705,Madhav Konda,Premium,Adoni,Sikkim,India,2023-12-28,Active,6876.67
C003706,Gaurav Sule,Standard,Tumkur,Madhya Pradesh,India,2023-10-29,Active,13258.69
C003707,Jyoti Ranganathan,Standard,Singrauli,Assam,India,2024-11-13,Active,9265.16
C003708,Harish Bandi,Standard,Hubli–Dharwad,Karnataka,India,2025-02-28,Active,12961.98
C003709,Jai Majumdar,Premium,Hubli–Dharwad,Haryana,India,2024-02-28,Active,10808.78
C003710,Krish Rana,Standard,Anand,Kerala,India,2026-06-21,Active,7702.82
C003711,Yachana Sami,Premium,Raebareli,Sikkim,India,2026-05-05,Active,7948.96
C003712,Ira Loke,Enterprise,Chennai,Madhya Pradesh,India,2025-01-05,Active,8114.48
C003713,Vedant Kala,Standard,Shahjahanpur,Odisha,India,2026-01-27,Active,9993.09
C003714,Aarini Khosla,Standard,Naihati,Nagaland,India,2023-10-24,Active,7239.05
C003715,Vedant Sodhi,Enterprise,Howrah,Himachal Pradesh,India,2025-08-12,Active,3710.33
C003716,Kevin Balakrishnan,Standard,Tumkur,Sikkim,India,2025-11-30,Active,8753.89
C003717,Yauvani Lalla,Premium,Bidar,Nagaland,India,2024-07-04,Active,8095.55
C003718,Gaurangi Mutti,Standard,Faridabad,Andhra Pradesh,India,2025-06-23,Active,11964.13
C003719,Omisha Sharma,Standard,Alappuzha,Goa,India,2023-09-20,Active,7591.31
C003720,Vamakshi Shan,Standard,Asansol,Himachal Pradesh,India,2026-01-02,Active,13301.39
C003721,Chameli Verma,Standard,Khora ,Sikkim,India,2023-07-24,Inactive,4806.76
C003722,Praneel Rajagopal,Standard,Kolhapur,Himachal Pradesh,India,2024-05-27,Active,10936.06
C003723,Maya Palla,Standard,Karaikudi,Punjab,India,2024-07-17,Active,7418.16
C003724,Krisha Borra,Standard,Jamnagar,Uttarakhand,India,2025-04-18,Active,3426.09
C003725,Peter Mukherjee,Standard,Miryalaguda,Haryana,India,2023-10-26,Active,11805.12
C003726,Avi Kohli,Standard,Darbhanga,Arunachal Pradesh,India,2024-09-02,Active,9262.81
C003727,Urmi Bhatti,Enterprise,Sambhal,Andhra Pradesh,India,2023-12-14,Active,13268.48
C003728,Rayaan Edwin,Premium,Latur,West Bengal,India,2025-02-03,Active,13920.4
C003729,Reyansh Dhawan,Standard,Muzaffarnagar,West Bengal,India,2024-11-06,Active,11028.32
C003730,Mason Srinivas,Enterprise,Parbhani,Tamil Nadu,India,2024-04-09,Active,10253.3
C003731,Nirja Mammen,Standard,Mathura,Chhattisgarh,India,2024-06-14,Inactive,19700.97
C003732,Kashish Balan,Enterprise,Farrukhabad,Assam,India,2025-08-25,Active,19757.72
C003733,Gunbir Sathe,Enterprise,Shahjahanpur,Arunachal Pradesh,India,2024-08-09,Active,12121.68
C003734,Nakul Raju,Standard,Malegaon,West Bengal,India,2024-12-09,Active,6150.33
C003735,Jeet Dalal,Standard,Sonipat,Punjab,India,2026-02-02,Active,8954.97
C003736,Yoshita Shanker,Standard,Udupi,Himachal Pradesh,India,2025-12-30,Inactive,10259.44
C003737,Kevin Wali,Standard,Narasaraopet,Tamil Nadu,India,2024-10-20,Inactive,3874.13
C003738,Oeshi Bal,Standard,Purnia,Tripura,India,2025-11-01,Active,8486.07
C003739,Urvi Palan,Standard,Kavali,Madhya Pradesh,India,2024-08-07,Active,5278.34
C003740,Fariq Arya,Standard,Bhiwandi,Telangana,India,2025-08-30,Active,3829.55
C003741,Amol Parmar,Standard,Lucknow,Maharashtra,India,2026-05-02,Active,8237.55
C003742,Oviya Varty,Standard,Alwar,Sikkim,India,2025-06-22,Active,2978.82
C003743,Ekaja Biswas,Enterprise,Chittoor,Assam,India,2026-02-20,Active,17528.08
C003744,Unnati Gala,Standard,Katni,Chhattisgarh,India,2025-12-24,Active,18456.01
C003745,Kamala Narayanan,Standard,Vijayanagaram,Mizoram,India,2024-06-30,Active,11120.29
C003746,Teerth Srinivasan,Standard,Nizamabad,Jharkhand,India,2024-06-05,Active,7381.81
C003747,Lajita Arya,Premium,Jaunpur,Chhattisgarh,India,2023-11-02,Active,8905.41
C003748,Damyanti Bhagat,Premium,Bangalore,Uttar Pradesh,India,2025-05-24,Active,11787.26
C003749,Henry Sant,Enterprise,Firozabad,Gujarat,India,2025-07-27,Active,3387.2
C003750,Neelima Acharya,Standard,Erode,Goa,India,2024-07-11,Active,3479.42
C003751,Damyanti Sule,Enterprise,Mysore,Tripura,India,2025-12-19,Active,10981.26
C003752,Zarna Upadhyay,Standard,Singrauli,Rajasthan,India,2023-10-22,Active,11654.43
C003753,Zayan Rau,Standard,Hospet,Tripura,India,2024-12-02,Active,9934.38
C003754,Dipta Purohit,Enterprise,Kota,Bihar,India,2025-10-05,Inactive,1712.77
C003755,Lekha Devan,Enterprise,Ambarnath,Jharkhand,India,2026-06-02,Active,8511.86
C003756,Harsh Roy,Standard,Allahabad,Odisha,India,2024-12-27,Active,6268.97
C003757,Lakshit Sood,Standard,Jorhat,Chhattisgarh,India,2023-10-31,Active,15564.24
C003758,Ubika Comar,Standard,Dhanbad,Meghalaya,India,2023-09-20,Active,8313.8
C003759,Bhavna Deep,Premium,Katihar,Tamil Nadu,India,2025-11-22,Active,11805.97
C003760,Samaksh Pandya,Premium,Muzaffarpur,Odisha,India,2024-10-13,Active,13450.99
C003761,Ishwar Singhal,Enterprise,Bangalore,Himachal Pradesh,India,2024-02-06,Active,9951.07
C003762,Upadhriti Kale,Premium,Allahabad,Bihar,India,2025-03-25,Active,9610.58
C003763,Vincent Sarkar,Standard,Bilaspur,Madhya Pradesh,India,2026-01-05,Active,4075.8
C003764,Jonathan Narasimhan,Enterprise,Gulbarga,Goa,India,2023-07-26,Active,8184.97
C003765,Bhavya Tailor,Standard,Maheshtala,Maharashtra,India,2025-03-25,Active,13646.2
C003766,Kabir Gala,Standard,Saharanpur,Arunachal Pradesh,India,2023-09-17,Active,7780.03
C003767,Nihal Bhalla,Standard,Pimpri-Chinchwad,Tamil Nadu,India,2025-03-24,Active,7363.36
C003768,Janaki Bera,Premium,Fatehpur,Assam,India,2023-10-06,Active,8309.82
C003769,Janani Bhasin,Standard,Mau,Meghalaya,India,2025-12-09,Active,16147.56
C003770,Yauvani Agarwal,Enterprise,Mango,Himachal Pradesh,India,2025-09-30,Active,7885.29
C003771,Ansh Deol,Premium,Amroha,Punjab,India,2025-01-29,Active,3875.54
C003772,Finn Viswanathan,Premium,Tiruchirappalli,Karnataka,India,2023-12-06,Active,24170.1
C003773,Charvi Rattan,Standard,Ranchi,Odisha,India,2026-03-07,Active,11338.7
C003774,Sarthak Gade,Enterprise,Raebareli,Maharashtra,India,2025-06-22,Active,5758.25
C003775,Hredhaan Bhasin,Standard,Uluberia,Bihar,India,2024-12-15,Active,10073.23
C003776,Chakrika Pingle,Standard,Salem,Mizoram,India,2023-10-07,Active,12462.73
C003777,Xalak Master,Standard,Bellary,Uttar Pradesh,India,2023-10-12,Active,12950.15
C003778,Balveer Singhal,Enterprise,Parbhani,Meghalaya,India,2025-09-13,Inactive,13082.07
C003779,Sanaya Shetty,Enterprise,Cuttack,Madhya Pradesh,India,2024-03-03,Active,4891.34
C003780,Amruta Virk,Premium,Kollam,Andhra Pradesh,India,2025-09-01,Active,16680.95
C003781,Jagat Chana,Standard,Varanasi,Uttar Pradesh,India,2023-07-02,Active,11216.74
C003782,Janaki Agarwal,Standard,Mangalore,Uttarakhand,India,2025-04-06,Active,6278.69
C003783,Bishakha Tata,Standard,Saharanpur,Telangana,India,2024-02-09,Active,5241.88
C003784,Nandini Cheema,Standard,Bhavnagar,Goa,India,2024-10-09,Active,14673.33
C003785,Priya Tak,Standard,Loni,Tamil Nadu,India,2025-09-17,Active,27130.32
C003786,Kavya Ganesan,Premium,Mehsana,Meghalaya,India,2025-12-25,Active,9284.35
C003787,Falan Mani,Standard,Katihar,Manipur,India,2025-06-05,Active,8118.46
C003788,Omkaar Golla,Standard,Mira-Bhayandar,Maharashtra,India,2024-02-15,Active,9632.01
C003789,Raagini Mani,Premium,Khandwa,Goa,India,2025-05-17,Inactive,7430.18
C003790,Mohammed Swamy,Standard,Chittoor,Odisha,India,2026-02-18,Active,10274.71
C003791,Gopal Reddy,Enterprise,Pallavaram,Jharkhand,India,2024-01-28,Active,12083.55
C003792,Januja Mukhopadhyay,Standard,Shimla,Andhra Pradesh,India,2025-07-30,Active,6528.72
C003793,Aditya Bhalla,Standard,Sonipat,Rajasthan,India,2023-12-21,Active,10125.4
C003794,Omisha Iyengar,Premium,Visakhapatnam,West Bengal,India,2025-11-20,Active,12597.92
C003795,Anika Prabhakar,Premium,Giridih,Haryana,India,2024-03-15,Active,14437.9
C003796,Warhi Gopal,Standard,Chandrapur,Bihar,India,2023-11-29,Active,6314.3
C003797,Hiral Sabharwal,Enterprise,Vijayawada,Goa,India,2025-01-23,Active,5115.95
C003798,Deepa Behl,Standard,Proddatur,Meghalaya,India,2026-04-15,Active,6586.62
C003799,Samaksh Gopal,Premium,Bhopal,Chhattisgarh,India,2026-06-18,Active,23856.96
C003800,Amrita Seshadri,Standard,Bhubaneswar,Rajasthan,India,2023-09-25,Active,9343.01
C003801,Tanveer Wali,Standard,Rampur,Uttarakhand,India,2024-09-14,Active,5908.97
C003802,Vihaan Merchant,Standard,Kalyan-Dombivli,Tripura,India,2024-12-20,Active,7133.92
C003803,Gautami Bandi,Premium,Jamalpur,Nagaland,India,2025-01-13,Active,9216.97
C003804,Darsh Luthra,Standard,Ghaziabad,Nagaland,India,2025-04-14,Active,3965.17
C003805,Wakeeta Hora,Enterprise,Mathura,Assam,India,2024-11-25,Active,8284.51
C003806,Bhavani Hora,Premium,Korba,Manipur,India,2024-06-23,Active,10633.46
C003807,William Swamy,Premium,Ichalkaranji,Chhattisgarh,India,2026-05-08,Active,10144.35
C003808,Hamsini Dugar,Enterprise,Loni,Odisha,India,2025-02-02,Active,9722.1
C003809,Utkarsh Apte,Standard,Tiruvottiyur,Goa,India,2024-07-06,Active,13727.04
C003810,Bachittar Mahal,Standard,Asansol,Himachal Pradesh,India,2023-12-16,Active,13826.86
C003811,Warhi Gokhale,Standard,Dhule,Chhattisgarh,India,2026-01-26,Active,9830.83
C003812,William Dar,Enterprise,Gorakhpur,Meghalaya,India,2026-01-28,Active,8141.15
C003813,Kamala Gill,Premium,Haridwar,Assam,India,2024-01-24,Active,14717.1
C003814,Wishi Narula,Standard,Panchkula,Andhra Pradesh,India,2026-06-03,Active,7255.28
C003815,Irya Batta,Premium,Delhi,West Bengal,India,2025-04-07,Active,4394.31
C003816,Kritika Baria,Premium,Bilaspur,Karnataka,India,2024-11-14,Active,13464.46
C003817,Waida Buch,Standard,Medininagar,Punjab,India,2023-12-31,Active,8862.24
C003818,Mohammed Kadakia,Enterprise,Amravati,Nagaland,India,2024-05-17,Active,4500.48
C003819,Rayaan Sura,Standard,Farrukhabad,Sikkim,India,2024-01-26,Active,7896.67
C003820,Tanmayi Mannan,Standard,Hajipur,Chhattisgarh,India,2024-04-16,Active,10962.71
C003821,Girik Mital,Standard,Satara,Tamil Nadu,India,2025-04-12,Active,4734.25
C003822,Madhavi Bansal,Standard,Proddatur,Bihar,India,2025-08-22,Active,11246.67
C003823,Jack Kibe,Premium,Satna,Andhra Pradesh,India,2025-10-12,Inactive,17242.74
C003824,Amrita Ratta,Standard,Unnao,Punjab,India,2024-09-03,Active,11071.38
C003825,Rajata Gole,Premium,Haridwar,Odisha,India,2026-06-21,Active,14463.56
C003826,Shaurya Dasgupta,Standard,Ulhasnagar,Kerala,India,2024-10-15,Active,9124.27
C003827,Baljiwan Sankaran,Standard,Fatehpur,Jharkhand,India,2025-01-04,Active,9621.38
C003828,Hemang Kapur,Standard,Jodhpur,Jharkhand,India,2024-11-23,Active,11174.43
C003829,Udyati Jaggi,Premium,Panchkula,Odisha,India,2024-05-05,Active,22316.76
C003830,Arjun Balan,Standard,Jamalpur,Jharkhand,India,2025-06-14,Active,10320.3
C003831,William Som,Standard,Ajmer,Meghalaya,India,2024-09-21,Active,6511.3
C003832,Upma Badal,Standard,Mira-Bhayandar,Arunachal Pradesh,India,2025-12-20,Active,13484.71
C003833,David Mody,Standard,Sirsa,Rajasthan,India,2023-07-27,Active,3811.67
C003834,Mekhala Dash,Standard,Bathinda,Arunachal Pradesh,India,2025-04-26,Active,6489.29
C003835,Omisha Modi,Standard,Mango,Tamil Nadu,India,2024-09-27,Active,8299.96
C003836,Matthew De,Premium,Dibrugarh,Gujarat,India,2025-12-15,Active,13756.78
C003837,Krisha Madan,Premium,South Dumdum,Haryana,India,2024-06-09,Inactive,15823.18
C003838,Hritik Seshadri,Standard,Srinagar,Bihar,India,2026-03-19,Active,13496.68
C003839,Bakhshi Virk,Premium,Ongole,Assam,India,2025-06-29,Active,4298.97
C003840,Meghana Gokhale,Premium,Bahraich,Tamil Nadu,India,2024-07-30,Active,8827.67
C003841,Chandresh Nadig,Standard,Karnal,Jharkhand,India,2023-07-23,Active,7125.56
C003842,Zayyan Dua,Standard,Noida,Punjab,India,2024-05-17,Active,11522.87
C003843,Alka Mody,Standard,Kharagpur,Punjab,India,2026-06-03,Active,8797.81
C003844,Vasatika Dube,Standard,Sangli-Miraj & Kupwad,Bihar,India,2024-07-31,Inactive,6866.77
C003845,Yashica Kalita,Enterprise,Junagadh,Sikkim,India,2024-01-15,Active,3415.18
C003846,Aadi Ram,Standard,Bellary,Haryana,India,2024-10-25,Active,5430.53
C003847,Tara Seth,Standard,Warangal,Nagaland,India,2025-02-12,Active,15359.06
C003848,Xalak Ghose,Standard,Jamshedpur,West Bengal,India,2025-03-01,Active,5171.84
C003849,Girindra Mane,Standard,Chandrapur,Haryana,India,2025-07-02,Active,7627.95
C003850,Indrajit Setty,Standard,Rewa,Assam,India,2025-12-23,Active,8004.97
C003851,Vasana Hegde,Enterprise,Khammam,Sikkim,India,2025-01-07,Active,13587.05
C003852,Samuel Suri,Premium,Patiala,Maharashtra,India,2025-06-04,Active,8993.29
C003853,Zaid Chakraborty,Standard,Korba,Meghalaya,India,2024-02-08,Active,23075.22
C003854,Samarth Goel,Standard,Hapur,Bihar,India,2024-04-19,Active,13895.09
C003855,Leena Bhandari,Standard,Bally,Uttar Pradesh,India,2024-07-15,Active,5510.49
C003856,Anirudh Khurana,Standard,Mysore,Maharashtra,India,2025-10-22,Active,7033.04
C003857,Jeremiah Swaminathan,Standard,Bareilly,Punjab,India,2026-02-24,Active,8949.58
C003858,Omkaar Reddy,Standard,Mira-Bhayandar,Odisha,India,2025-10-22,Active,7223.57
C003859,Sai Grewal,Enterprise,Saharanpur,Mizoram,India,2025-06-29,Active,5505.0
C003860,Simon Batra,Standard,Ongole,Meghalaya,India,2026-01-09,Active,9072.77
C003861,Arjun Varma,Enterprise,Satara,Madhya Pradesh,India,2023-09-09,Active,11912.21
C003862,Reyansh Dani,Standard,Hazaribagh,Odisha,India,2024-01-26,Active,23977.05
C003863,Qasim Singh,Standard,Haridwar,Assam,India,2025-03-09,Active,11951.33
C003864,Kai Nath,Standard,Dehradun,Sikkim,India,2024-07-27,Active,10583.65
C003865,Adya Deshmukh,Enterprise,Morbi,Karnataka,India,2023-07-24,Active,11530.24
C003866,Raksha Dutta,Premium,Raurkela Industrial Township,Chhattisgarh,India,2024-01-23,Active,11224.18
C003867,Zayan Dewan,Standard,Mangalore,Himachal Pradesh,India,2025-08-05,Active,21222.87
C003868,Urvi More,Premium,Indore,Andhra Pradesh,India,2024-11-01,Active,8579.89
C003869,Avni Nazareth,Standard,Bhubaneswar,Himachal Pradesh,India,2024-08-12,Active,7291.24
C003870,Vivaan Sampath,Standard,Karawal Nagar,Tamil Nadu,India,2023-10-01,Active,11501.4
C003871,Ojas Shroff,Standard,Jorhat,Karnataka,India,2025-02-13,Active,4730.87
C003872,Isaiah Vora,Standard,Pudukkottai,Himachal Pradesh,India,2024-02-27,Inactive,10488.86
C003873,Vedant Dewan,Enterprise,Tiruvottiyur,Meghalaya,India,2026-02-17,Active,3817.65
C003874,Akshay Ghose,Standard,North Dumdum,Manipur,India,2026-03-30,Active,2852.89
C003875,Lohit Jhaveri,Standard,Belgaum,Goa,India,2024-09-13,Active,13670.04
C003876,Mohammed Raval,Standard,Mango,Mizoram,India,2025-01-25,Active,14007.34
C003877,Rajata Sarin,Standard,Ratlam,Jharkhand,India,2026-06-23,Active,8393.65
C003878,Fiyaz Hayer,Standard,Pallavaram,Jharkhand,India,2024-09-25,Active,10757.55
C003879,Meera Ghosh,Premium,Saharsa,Madhya Pradesh,India,2024-09-29,Active,4998.72
C003880,Sneha Kohli,Standard,Bhopal,Gujarat,India,2024-07-30,Active,15188.8
C003881,Theodore Kaur,Standard,Ahmedabad,Meghalaya,India,2026-03-14,Active,6997.36
C003882,Pahal Kurian,Standard,Moradabad,Meghalaya,India,2023-07-08,Inactive,8454.79
C003883,Azaan Dewan,Standard,Mango,Mizoram,India,2023-09-14,Active,11677.09
C003884,Dalaja Parmar,Standard,Tiruvottiyur,Meghalaya,India,2025-04-16,Inactive,9328.3
C003885,Tanvi Narain,Premium,Silchar,Arunachal Pradesh,India,2026-03-25,Active,15433.15
C003886,Gaurika Jayaraman,Standard,Loni,Bihar,India,2024-05-28,Active,10945.39
C003887,Ayaan Kata,Premium,Nagpur,Kerala,India,2024-08-17,Active,14190.3
C003888,Sathvik Solanki,Standard,Jamnagar,Mizoram,India,2026-04-06,Active,13457.06
C003889,Ansh Merchant,Standard,Pudukkottai,Uttar Pradesh,India,2025-07-11,Active,3582.42
C003890,Urvashi Rattan,Standard,Fatehpur,Haryana,India,2024-06-18,Inactive,15863.02
C003891,Arjun Wadhwa,Premium,Pimpri-Chinchwad,Andhra Pradesh,India,2023-10-09,Active,5483.03
C003892,Kiaan Balay,Standard,Berhampur,Mizoram,India,2025-12-10,Active,5789.72
C003893,Divya Lata,Standard,Katni,Tamil Nadu,India,2024-05-27,Active,6638.03
C003894,Abhimanyu Patel,Standard,Kulti,Meghalaya,India,2024-09-06,Active,11825.85
C003895,Umang Arora,Standard,Bikaner,Madhya Pradesh,India,2024-09-19,Active,10391.69
C003896,Meghana Mann,Premium,Suryapet,Karnataka,India,2025-01-15,Inactive,4776.37
C003897,Michael Reddy,Standard,Rajahmundry,Chhattisgarh,India,2024-03-13,Active,5709.62
C003898,Shaurya Dube,Enterprise,Ranchi,Nagaland,India,2023-11-18,Inactive,16051.27
C003899,Balveer Bir,Standard,Morena,Bihar,India,2024-01-26,Active,6903.94
C003900,Tripti Tak,Standard,Satara,Odisha,India,2025-10-26,Active,3000.12
C003901,Advay Sandhu,Standard,Dhanbad,Karnataka,India,2025-03-11,Active,9989.42
C003902,Xiti Lalla,Premium,Maheshtala,West Bengal,India,2025-11-19,Active,18087.83
C003903,Thomas Sharaf,Enterprise,Bhilwara,Tamil Nadu,India,2024-05-21,Active,33416.97
C003904,Alka Palan,Standard,Bhind,West Bengal,India,2025-11-22,Active,9304.1
C003905,Dayita Randhawa,Standard,Pimpri-Chinchwad,Goa,India,2023-07-21,Active,9803.83
C003906,Kashish Shenoy,Premium,Panipat,Meghalaya,India,2024-06-16,Active,3686.93
C003907,Veer Sibal,Standard,Jabalpur,Odisha,India,2025-07-21,Active,8601.83
C003908,Pahal Randhawa,Standard,Khora ,Punjab,India,2024-12-28,Active,4000.24
C003909,Jagdish Nadig,Standard,Mirzapur,Kerala,India,2025-04-04,Active,9729.04
C003910,Varsha Salvi,Premium,Belgaum,Kerala,India,2025-09-02,Active,4211.94
C003911,Udant Konda,Standard,Bhalswa Jahangir Pur,Nagaland,India,2024-05-16,Active,16978.01
C003912,Falguni Dada,Standard,Noida,Sikkim,India,2025-10-15,Active,13959.72
C003913,Chasmum Hora,Standard,Kamarhati,Sikkim,India,2026-05-25,Active,4638.67
C003914,Arin Suri,Standard,Imphal,West Bengal,India,2026-06-04,Active,2508.48
C003915,Zaid Badal,Standard,Giridih,Tamil Nadu,India,2024-09-23,Active,6856.02
C003916,Saumya Mittal,Standard,Nizamabad,Arunachal Pradesh,India,2024-11-24,Active,9638.4
C003917,Maya Grewal,Premium,Kozhikode,West Bengal,India,2025-09-21,Active,21223.97
C003918,Jeremiah Lal,Standard,Thanjavur,Arunachal Pradesh,India,2024-07-18,Active,11099.12
C003919,Udyati Mandal,Standard,Jaunpur,Himachal Pradesh,India,2023-09-24,Inactive,7715.35
C003920,Harrison Kamdar,Standard,Parbhani,Punjab,India,2024-01-23,Active,9988.65
C003921,Krishna Sharma,Standard,Madanapalle,Chhattisgarh,India,2025-08-07,Active,7081.57
C003922,Forum Mangat,Standard,Firozabad,Gujarat,India,2025-12-06,Active,8324.31
C003923,Jonathan Pant,Premium,Nagercoil,Rajasthan,India,2025-04-12,Active,5742.78
C003924,Urishilla Pal,Premium,Panchkula,Uttar Pradesh,India,2025-07-08,Active,9270.77
C003925,Omaja Dasgupta,Standard,Varanasi,Bihar,India,2024-03-28,Active,16085.19
C003926,Nihal Ganguly,Premium,Ambala,Jharkhand,India,2025-10-12,Active,10451.35
C003927,Tristan Rajagopal,Premium,Suryapet,Rajasthan,India,2024-02-01,Active,12045.51
C003928,Sanaya Lalla,Standard,Purnia,Haryana,India,2024-07-31,Active,13097.37
C003929,Jason Gill,Standard,Ramagundam,Telangana,India,2025-01-21,Active,9939.47
C003930,Theodore Khanna,Enterprise,Jamshedpur,Punjab,India,2026-03-15,Active,9499.4
C003931,Zaid Ramesh,Standard,Anand,Meghalaya,India,2023-10-06,Active,2828.17
C003932,Zinal Kala,Standard,Dindigul,Meghalaya,India,2024-12-30,Active,6837.56
C003933,Nicholas Divan,Standard,Nellore,Tripura,India,2024-09-07,Active,12620.22
C003934,Rayaan Sankar,Enterprise,Bhusawal,Chhattisgarh,India,2025-01-16,Active,4819.25
C003935,Vyanjana Batra,Standard,Jodhpur,Assam,India,2023-12-29,Active,8507.01
C003936,Lohit Kaul,Standard,Kurnool,Madhya Pradesh,India,2025-04-24,Active,5647.42
C003937,Vinaya Roy,Standard,Tirupati,Nagaland,India,2024-05-03,Active,16752.88
C003938,Madhav Prakash,Standard,Guntur,Punjab,India,2025-07-14,Active,11711.63
C003939,Kabir Oza,Standard,Tinsukia,Bihar,India,2024-07-08,Active,25976.32
C003940,Nidra Krishnamurthy,Premium,Jehanabad,Karnataka,India,2025-07-30,Active,5913.88
C003941,Chatresh Ramanathan,Standard,Mira-Bhayandar,Manipur,India,2025-11-05,Active,7022.28
C003942,Megha Toor,Standard,Karnal,Karnataka,India,2025-03-02,Active,9811.95
C003943,Priya Bhakta,Premium,Parbhani,Uttar Pradesh,India,2024-09-17,Active,11013.55
C003944,Samesh Chada,Standard,Sangli-Miraj & Kupwad,Bihar,India,2025-01-31,Active,5255.0
C003945,Qushi Chaudhuri,Standard,Meerut,Assam,India,2024-05-11,Active,11583.7
C003946,Siya Rao,Premium,Chittoor,Uttar Pradesh,India,2023-12-03,Active,3678.2
C003947,Samarth Roy,Premium,Tumkur,Maharashtra,India,2024-05-17,Active,14781.8
C003948,Suhani Venkataraman,Premium,Kalyan-Dombivli,Uttar Pradesh,India,2024-11-12,Active,9374.18
C003949,Akshay Chanda,Premium,Raipur,Goa,India,2023-07-05,Active,15285.17
C003950,Raagini Raja,Premium,Kadapa,Madhya Pradesh,India,2023-10-13,Active,8131.55
C003951,Jeremiah Sule,Premium,Bidhannagar,Bihar,India,2024-03-31,Active,6479.07
C003952,Riya Bhalla,Enterprise,Dhanbad,Mizoram,India,2025-02-10,Active,7259.12
C003953,Chaitaly Acharya,Enterprise,Navi Mumbai,West Bengal,India,2026-01-25,Active,7029.05
C003954,Brinda Kala,Standard,Aligarh,Rajasthan,India,2024-05-30,Active,11921.98
C003955,Yadavi Bora,Premium,Imphal,Manipur,India,2026-05-06,Active,14367.94
C003956,Dakshesh Kalita,Standard,Medininagar,Uttar Pradesh,India,2024-10-29,Active,11069.6
C003957,Devansh Atwal,Standard,Mangalore,Arunachal Pradesh,India,2024-12-10,Active,9993.04
C003958,Chatresh Bhakta,Premium,Bellary,Bihar,India,2024-05-03,Active,6641.46
C003959,Rachita Barad,Enterprise,Kumbakonam,Meghalaya,India,2024-09-24,Active,16012.47
C003960,Rudra Goda,Standard,Jamnagar,Haryana,India,2023-12-22,Active,8921.95
C003961,Viraj Sarin,Premium,Pudukkottai,Nagaland,India,2026-03-18,Active,5945.8
C003962,Yashoda Nayak,Standard,Dibrugarh,Maharashtra,India,2024-03-12,Active,6037.11
C003963,Madhav Sarna,Standard,Tadipatri,Chhattisgarh,India,2024-10-07,Active,11318.01
C003964,Zaid Loyal,Enterprise,Udaipur,Kerala,India,2025-04-14,Active,2461.49
C003965,Gagan Saxena,Standard,Raebareli,Punjab,India,2025-11-21,Inactive,4982.81
C003966,Aarnav Kaur,Standard,Ranchi,Andhra Pradesh,India,2024-06-16,Active,6492.83
C003967,Adya Mannan,Standard,Bhubaneswar,Chhattisgarh,India,2024-06-18,Active,7903.72
C003968,Lohit Sethi,Standard,Narasaraopet,Uttar Pradesh,India,2025-07-10,Active,6364.14
C003969,Zayan Lad,Standard,Jalgaon,Haryana,India,2025-11-30,Active,15105.3
C003970,Neha Karan,Standard,Surendranagar Dudhrej,Uttar Pradesh,India,2025-09-17,Active,14406.23
C003971,Madhav Khalsa,Standard,Mumbai,Punjab,India,2024-03-28,Active,7248.6
C003972,Chasmum Hayer,Enterprise,Belgaum,Haryana,India,2024-08-22,Active,34447.75
C003973,Brinda Issac,Standard,Anantapuram,Assam,India,2024-08-03,Active,17226.41
C003974,Bhavani Bora,Standard,Mango,Jharkhand,India,2026-06-11,Active,4768.46
C003975,Neha Varty,Premium,Durgapur,Arunachal Pradesh,India,2026-06-17,Active,9560.53
C003976,Rajeshri Suri,Standard,Mangalore,Uttarakhand,India,2024-07-05,Active,13249.04
C003977,Nathaniel Tara,Premium,Kurnool,Haryana,India,2023-08-17,Active,8915.04
C003978,Bhavani Banerjee,Enterprise,Agartala,Sikkim,India,2024-04-16,Active,10471.94
C003979,Bhavini Shenoy,Enterprise,Avadi,Nagaland,India,2023-09-06,Active,17031.1
C003980,Nicholas Sha,Standard,Vasai-Virar,Uttar Pradesh,India,2025-09-10,Active,3559.81
C003981,Brijesh Sani,Premium,Hindupur,Madhya Pradesh,India,2023-09-01,Active,14867.38
C003982,Onveer Loyal,Standard,Gudivada,Tamil Nadu,India,2023-08-11,Active,23434.92
C003983,Rachita Kale,Enterprise,Thanjavur,Gujarat,India,2024-05-20,Active,6489.14
C003984,Isaiah Apte,Standard,Khandwa,Chhattisgarh,India,2025-06-04,Active,12150.41
C003985,Libni Talwar,Standard,Warangal,Karnataka,India,2024-10-16,Inactive,9339.33
C003986,Shaurya Singhal,Enterprise,Rohtak,Odisha,India,2024-03-19,Inactive,5754.55
C003987,Yasti Kari,Premium,Silchar,Karnataka,India,2023-12-26,Active,13304.03
C003988,Indali Sarin,Standard,Jhansi,Maharashtra,India,2026-01-14,Active,9759.11
C003989,Jyoti Nori,Enterprise,Satna,Punjab,India,2026-05-21,Active,8230.36
C003990,Aradhana Wadhwa,Standard,Sikar,Assam,India,2023-07-04,Active,14080.72
C003991,Garima Nadig,Standard,Jamshedpur,West Bengal,India,2024-01-21,Active,8419.66
C003992,Gayathri Patel,Standard,Guntur,Manipur,India,2026-06-15,Active,9898.04
C003993,Dev Taneja,Standard,Bidar,Haryana,India,2025-06-03,Active,3658.4
C003994,Raghav Choudhry,Premium,Pimpri-Chinchwad,Madhya Pradesh,India,2026-02-02,Active,16745.75
C003995,Rachita Dhaliwal,Premium,Ramagundam,Jharkhand,India,2024-11-26,Active,7495.44
C003996,Nitesh Bhatti,Enterprise,Ghaziabad,Andhra Pradesh,India,2025-11-21,Inactive,20612.31
C003997,Nilima Karpe,Standard,Secunderabad,Kerala,India,2025-12-07,Active,12155.43
C003998,Qushi Warrior,Standard,Dewas,Uttarakhand,India,2024-10-26,Active,11436.63
C003999,Eesha Mangat,Premium,Kumbakonam,Sikkim,India,2026-05-29,Active,14210.28
C004000,Janani Badal,Standard,Hazaribagh,Rajasthan,India,2024-09-02,Active,6416.93
C004001,Aahana Bhavsar,Standard,Ichalkaranji,Rajasthan,India,2025-02-20,Active,15581.08
C004002,Eshana Gera,Standard,Jabalpur,Kerala,India,2024-02-12,Active,13494.59
C004003,Yahvi Balasubramanian,Enterprise,Faridabad,Sikkim,India,2025-12-29,Active,10002.76
C004004,Dakshesh Kar,Standard,Cuttack,Haryana,India,2024-10-23,Active,3681.89
C004005,Jai Sarna,Premium,Rourkela,Gujarat,India,2026-03-25,Active,7308.72
C004006,Pahal Ramakrishnan,Standard,Satna,Odisha,India,2024-04-20,Active,12596.54
C004007,Avni Dave,Standard,Gulbarga,Tamil Nadu,India,2026-05-05,Active,11805.15
C004008,Zayyan Banerjee,Premium,Dibrugarh,Tamil Nadu,India,2025-01-03,Active,12346.93
C004009,Yashvi Khurana,Standard,Udupi,Tamil Nadu,India,2026-02-10,Active,5633.55
C004010,Anamika Deshmukh,Premium,Bhatpara,Uttar Pradesh,India,2026-06-08,Active,9676.29
C004011,Tripti Kala,Standard,Loni,Tripura,India,2023-06-29,Active,8491.33
C004012,Tristan Salvi,Premium,Kakinada,West Bengal,India,2026-01-21,Active,17263.71
C004013,Brinda Kadakia,Standard,Hubli–Dharwad,Punjab,India,2024-05-20,Active,6191.34
C004014,Priya Kar,Standard,Satara,Nagaland,India,2023-07-09,Active,10182.73
C004015,Chanakya Palan,Standard,Aurangabad,Tamil Nadu,India,2026-06-07,Active,9354.23
C004016,Om Pal,Standard,Ahmednagar,Himachal Pradesh,India,2024-07-21,Inactive,7017.5
C004017,Hamsini Baria,Standard,Berhampore,Chhattisgarh,India,2025-07-21,Active,5529.73
C004018,Tripti Suresh,Standard,Varanasi,Haryana,India,2023-09-05,Active,9435.56
C004019,Chaitaly Gole,Standard,Kharagpur,Odisha,India,2023-06-25,Active,7149.88
C004020,Om Dewan,Enterprise,Allahabad,Manipur,India,2023-07-04,Active,4089.58
C004021,Qabil Mandal,Standard,Sonipat,Uttarakhand,India,2026-05-12,Active,26953.83
C004022,Utkarsh Singhal,Standard,Chandrapur,Andhra Pradesh,India,2025-01-14,Active,9833.88
C004023,Dayita Mahajan,Premium,Thoothukudi,West Bengal,India,2023-07-24,Active,2870.15
C004024,Anika Ratti,Standard,Kadapa,Maharashtra,India,2025-07-09,Active,5778.22
C004025,Qabil Grover,Standard,Mirzapur,Arunachal Pradesh,India,2026-06-09,Active,6617.21
C004026,Ekapad Mahal,Standard,Motihari,Odisha,India,2024-05-14,Active,17545.71
C004027,Praneel Borra,Standard,Bharatpur,Meghalaya,India,2024-04-21,Active,6031.87
C004028,Udyati Bhagat,Enterprise,Patiala,West Bengal,India,2025-10-18,Active,3001.94
C004029,Nisha Walla,Premium,Belgaum,Odisha,India,2025-01-17,Active,19774.07
C004030,Niharika Sarkar,Premium,Bidhannagar,Manipur,India,2025-04-05,Active,9689.91
C004031,Hamsini Madan,Standard,Khora ,Andhra Pradesh,India,2023-10-11,Active,9272.71
C004032,Chasmum Chada,Premium,Jamnagar,Gujarat,India,2025-07-18,Active,2449.78
C004033,Mugdha Kuruvilla,Standard,Akola,Tripura,India,2024-02-03,Active,11622.28
C004034,Tanveer Mukherjee,Standard,Anantapuram,Arunachal Pradesh,India,2025-06-25,Active,7733.04
C004035,Advik Choudhury,Standard,Ongole,Gujarat,India,2026-04-23,Active,18835.56
C004036,Ekansh Sanghvi,Premium,Satna,Gujarat,India,2025-05-08,Active,2165.02
C004037,Eiravati Khare,Premium,Nizamabad,Rajasthan,India,2023-10-04,Active,20407.4
C004038,Omaja Bedi,Standard,Yamunanagar,Manipur,India,2024-03-06,Active,18741.09
C004039,Rohan Sha,Standard,Serampore,Sikkim,India,2025-10-13,Active,8177.6
C004040,Neha Rattan,Premium,Nizamabad,Andhra Pradesh,India,2024-01-26,Active,13967.89
C004041,Nirja Dhingra,Standard,Mumbai,Gujarat,India,2024-02-02,Active,3211.14
C004042,Janya Kurian,Standard,Gandhinagar,Chhattisgarh,India,2026-04-20,Active,11039.91
C004043,Imaran Srinivasan,Premium,Durgapur,West Bengal,India,2024-10-23,Active,14233.64
C004044,Farhan De,Standard,Junagadh,Bihar,India,2026-01-17,Active,15439.0
C004045,Banjeet Cheema,Standard,Sikar,Gujarat,India,2023-10-30,Active,5663.14
C004046,Hemangini Dhaliwal,Standard,Gaya,Andhra Pradesh,India,2023-09-06,Active,10658.99
C004047,Lekha Kota,Standard,Shimla,Odisha,India,2025-08-22,Active,5400.74
C004048,Gaurika Mangal,Standard,Madurai,Punjab,India,2024-04-11,Active,6021.41
C004049,Meera Maharaj,Enterprise,Bareilly,Mizoram,India,2026-04-10,Active,4608.72
C004050,Maya Shankar,Standard,Bidar,Tripura,India,2024-05-28,Active,12520.01
C004051,Vanya Kurian,Standard,Avadi,Mizoram,India,2026-06-05,Active,7735.77
C004052,Dakshesh Bhatt,Premium,Bharatpur,Tamil Nadu,India,2025-02-13,Active,2117.19
C004053,Naveen Das,Premium,Sasaram,West Bengal,India,2025-06-29,Active,16260.42
C004054,Utkarsh Khosla,Standard,Coimbatore,Mizoram,India,2024-10-30,Active,6332.79
C004055,Jason D’Alia,Standard,Aurangabad,Odisha,India,2025-12-21,Active,10584.0
C004056,Vamakshi Deep,Enterprise,Coimbatore,Maharashtra,India,2023-09-04,Active,11089.13
C004057,Indali Sarraf,Premium,Nagercoil,Meghalaya,India,2024-02-08,Inactive,14977.54
C004058,Zaid Mann,Standard,Ahmednagar,Karnataka,India,2025-04-13,Active,13693.76
C004059,Yutika Mishra,Standard,Sultan Pur Majra,Andhra Pradesh,India,2026-01-25,Active,8824.93
C004060,Azaan Vig,Standard,Panihati,Manipur,India,2025-05-14,Active,5193.32
C004061,Jagrati Dayal,Premium,Mira-Bhayandar,Rajasthan,India,2023-11-15,Active,1845.73
C004062,Neha Mammen,Standard,Nanded,Nagaland,India,2024-03-22,Inactive,12943.92
C004063,Harshil Dasgupta,Standard,Faridabad,West Bengal,India,2024-11-08,Inactive,8229.15
C004064,Jyoti Mannan,Premium,Varanasi,Tamil Nadu,India,2024-11-18,Inactive,8907.08
C004065,Jeevika Mukherjee,Enterprise,Pallavaram,Assam,India,2024-12-02,Inactive,7295.43
C004066,Urmi Pau,Standard,Erode,Madhya Pradesh,India,2023-08-28,Active,9604.5
C004067,Christopher Sandhu,Standard,Eluru,Arunachal Pradesh,India,2023-10-02,Inactive,21609.28
C004068,Anamika Ganguly,Premium,Kolkata,Himachal Pradesh,India,2024-03-04,Active,10897.17
C004069,Jagat Master,Premium,Amravati,Gujarat,India,2025-10-05,Active,5963.82
C004070,Bhavini Char,Premium,Bhavnagar,Tamil Nadu,India,2026-04-20,Active,3001.93
C004071,Leela Trivedi,Standard,Sonipat,Uttarakhand,India,2024-08-17,Active,8525.38
C004072,Rachana Dash,Standard,Gangtok,Telangana,India,2024-08-28,Active,12136.96
C004073,Naksh Bandi,Standard,Bharatpur,Assam,India,2026-03-31,Active,25245.99
C004074,Krishna Pant,Premium,Sagar,Uttarakhand,India,2026-05-31,Inactive,6047.49
C004075,Alka Palla,Standard,Vijayawada,Odisha,India,2023-06-28,Active,1856.74
C004076,Gautami Sarna,Premium,Jammu,Uttarakhand,India,2023-10-25,Active,6852.19
C004077,Chaman Dass,Standard,Aurangabad,Sikkim,India,2024-11-15,Active,14226.0
C004078,Anmol Goyal,Premium,Miryalaguda,Uttarakhand,India,2023-11-14,Active,10212.43
C004079,Onkar Raju,Standard,Jorhat,Assam,India,2025-05-17,Active,9708.71
C004080,Yagnesh Mistry,Standard,Morbi,Maharashtra,India,2024-10-13,Active,3115.25
C004081,Chaitanya Suri,Premium,Munger,Uttarakhand,India,2025-06-18,Active,19045.63
C004082,Gaurika Ranganathan,Standard,Indore,Andhra Pradesh,India,2025-08-28,Active,14546.63
C004083,Avni Halder,Premium,Gandhidham,Himachal Pradesh,India,2025-03-21,Active,9574.74
C004084,Unnati Chowdhury,Enterprise,Mathura,Punjab,India,2025-05-07,Active,5883.76
C004085,Parth Gulati,Enterprise,Mangalore,Sikkim,India,2024-06-13,Active,22912.27
C004086,Frado Devi,Standard,Alappuzha,Telangana,India,2024-02-09,Active,16952.19
C004087,Jacob Ramesh,Standard,Morena,Andhra Pradesh,India,2024-02-18,Active,9279.07
C004088,Wridesh Misra,Standard,Delhi,Punjab,India,2026-02-01,Active,15015.67
C004089,Inaya Gokhale,Enterprise,Rourkela,Uttar Pradesh,India,2024-02-22,Active,8472.95
C004090,Gagan Trivedi,Standard,Ahmednagar,Uttar Pradesh,India,2025-12-27,Active,11665.28
C004091,Dakshesh Mitra,Standard,Guwahati,Manipur,India,2026-05-06,Active,9026.13
C004092,Gavin Sridhar,Standard,Uluberia,Meghalaya,India,2024-09-14,Active,18108.59
C004093,Yashawini Banik,Standard,Raebareli,Tripura,India,2025-11-18,Active,8461.29
C004094,Warinder Mahajan,Premium,Kadapa,Maharashtra,India,2025-02-08,Active,10451.18
C004095,Pavani Mangat,Standard,Jalandhar,Assam,India,2024-12-08,Active,5648.87
C004096,Aayush Kibe,Standard,Suryapet,Tamil Nadu,India,2026-02-08,Active,9709.71
C004097,Om Sastry,Standard,Vellore,Jharkhand,India,2024-02-06,Active,5404.18
C004098,Vasatika Chhabra,Standard,Unnao,Himachal Pradesh,India,2024-02-23,Active,10120.94
C004099,Falak Buch,Premium,Durgapur,Tamil Nadu,India,2025-12-21,Active,1952.5
C004100,Yatin Prashad,Standard,Navi Mumbai,Arunachal Pradesh,India,2026-05-15,Active,9265.59
C004101,Qasim Mistry,Standard,Madhyamgram,Goa,India,2025-11-14,Active,17504.92
C004102,Raagini Sule,Standard,Kavali,Kerala,India,2024-07-06,Active,4119.67
C004103,Girindra Bajaj,Standard,Ramagundam,Madhya Pradesh,India,2025-01-23,Active,8705.34
C004104,Nikita Rai,Standard,Bangalore,Uttar Pradesh,India,2024-01-15,Active,8784.02
C004105,Dayamai Dey,Premium,Madurai,Kerala,India,2025-12-31,Active,8924.96
C004106,Aashi Parmer,Standard,Kalyan-Dombivli,Haryana,India,2025-07-04,Active,8126.0
C004107,Neel Sidhu,Premium,Machilipatnam,Andhra Pradesh,India,2025-01-21,Active,6296.67
C004108,Naksh Thaker,Standard,Kumbakonam,Maharashtra,India,2024-10-08,Active,17067.36
C004109,Guneet Garde,Enterprise,Kollam,Tripura,India,2026-02-12,Active,9616.06
C004110,Anita Balasubramanian,Enterprise,Bally,Uttarakhand,India,2024-04-18,Active,7383.31
C004111,Ishani Reddy,Standard,Bally,Uttarakhand,India,2023-11-04,Active,14202.5
C004112,Ekbal Singh,Standard,Amritsar,Assam,India,2023-09-09,Active,10804.86
C004113,Zayan Chahal,Standard,Giridih,Jharkhand,India,2024-05-13,Active,17062.52
C004114,Mason Chacko,Standard,Gwalior,Rajasthan,India,2024-12-13,Active,8943.23
C004115,Aditya Gaba,Enterprise,Muzaffarnagar,Sikkim,India,2024-03-20,Active,10198.05
C004116,Ucchal Vasa,Enterprise,Mango,Manipur,India,2025-11-05,Active,7387.89
C004117,Girindra Behl,Standard,Bangalore,Jharkhand,India,2025-01-22,Active,12420.52
C004118,Harish Divan,Enterprise,Kavali,Arunachal Pradesh,India,2024-07-23,Active,5501.83
C004119,Falguni Karan,Standard,Tirunelveli,Assam,India,2026-05-12,Active,5612.6
C004120,Agastya Saha,Standard,Kolhapur,Manipur,India,2024-10-26,Active,10941.0
C004121,Vidhi Sandal,Premium,Purnia,Telangana,India,2023-11-18,Active,6469.86
C004122,Darika Warrior,Standard,Pudukkottai,Tamil Nadu,India,2024-07-22,Active,10935.1
C004123,Yutika Bava,Standard,Hazaribagh,Madhya Pradesh,India,2023-08-19,Active,18794.78
C004124,Anvi Venkatesh,Premium,Bhimavaram,Uttarakhand,India,2025-07-04,Active,9358.52
C004125,Prisha Jaggi,Premium,Bhubaneswar,Goa,India,2025-04-18,Active,14808.81
C004126,Zayan Mukherjee,Standard,Ahmednagar,Uttarakhand,India,2025-04-17,Active,13162.08
C004127,Ati Tara,Premium,Mango,Sikkim,India,2024-08-30,Active,10476.45
C004128,Noah Kibe,Enterprise,Meerut,Chhattisgarh,India,2024-07-07,Active,7672.48
C004129,Jhalak Dutta,Standard,Visakhapatnam,Haryana,India,2023-09-29,Active,11232.51
C004130,Anjali Saini,Premium,Tiruvottiyur,Nagaland,India,2025-10-09,Active,8833.48
C004131,Kevin Walia,Premium,Satara,Tripura,India,2026-06-01,Active,9705.07
C004132,Dhriti Kuruvilla,Standard,Machilipatnam,Maharashtra,India,2026-05-05,Active,15558.44
C004133,Pavani Sule,Premium,Darbhanga,Manipur,India,2024-04-11,Active,7813.27
C004134,Tanvi Brahmbhatt,Standard,Vijayanagaram,Telangana,India,2025-02-27,Active,12456.5
C004135,Isaac Setty,Premium,Mira-Bhayandar,Himachal Pradesh,India,2024-02-02,Active,24572.4
C004136,Jeevika Misra,Standard,Loni,Mizoram,India,2024-09-05,Active,13612.4
C004137,Chavvi Swaminathan,Standard,Kochi,Sikkim,India,2023-10-08,Active,6887.84
C004138,Dhriti Bansal,Standard,Aurangabad,Rajasthan,India,2024-12-20,Active,21766.09
C004139,Pooja Singhal,Standard,Belgaum,Madhya Pradesh,India,2024-08-19,Active,7314.65
C004140,Matthew Setty,Standard,Guwahati,Punjab,India,2023-08-27,Active,8543.16
C004141,Riya Ramesh,Standard,Mathura,West Bengal,India,2024-09-27,Active,2904.7
C004142,Sai Bhatt,Standard,Rajpur Sonarpur,Rajasthan,India,2023-09-08,Active,19293.63
C004143,Vasana Kanda,Premium,Alwar,Uttar Pradesh,India,2023-08-11,Active,15625.35
C004144,Damini Lad,Standard,Rampur,Himachal Pradesh,India,2025-02-15,Active,11785.09
C004145,Daniel Ahluwalia,Premium,Kirari Suleman Nagar,Bihar,India,2025-04-06,Active,16367.77
C004146,Faris Parmer,Standard,Ranchi,Chhattisgarh,India,2024-12-31,Active,7450.72
C004147,Charvi Taneja,Enterprise,Satara,Mizoram,India,2024-07-12,Active,16860.04
C004148,Meghana Chanda,Standard,Ramgarh,Bihar,India,2024-05-22,Active,5932.92
C004149,Ikshita Zacharia,Premium,Bulandshahr,Meghalaya,India,2025-03-25,Active,10606.52
C004150,Liam Bath,Standard,Kalyan-Dombivli,Himachal Pradesh,India,2023-06-30,Active,5688.3
C004151,Ijaya Kala,Standard,Guntakal,Jharkhand,India,2024-07-14,Active,23794.47
C004152,Ojasvi Bedi,Standard,Chapra,Bihar,India,2024-03-06,Inactive,5149.16
C004153,Urvashi Rajan,Standard,Kishanganj,Rajasthan,India,2025-04-26,Active,8917.88
C004154,Jairaj Gokhale,Standard,Varanasi,Meghalaya,India,2025-01-29,Active,12232.81
C004155,Adweta Ghose,Enterprise,Anand,Bihar,India,2023-10-04,Active,8643.86
C004156,Gagan Kaur,Premium,Kalyan-Dombivli,Jharkhand,India,2025-07-17,Active,8196.98
C004157,Sanya Dash,Standard,Malegaon,Kerala,India,2025-01-17,Active,6743.33
C004158,Vedika Sampath,Standard,Raipur,West Bengal,India,2024-12-14,Active,12756.49
C004159,Anjali Kanda,Premium,Madurai,Kerala,India,2024-05-13,Active,17433.66
C004160,Aradhana Bhakta,Premium,Karnal,Tripura,India,2025-02-17,Active,4335.67
C004161,Fitan Mannan,Standard,Anantapuram,Arunachal Pradesh,India,2025-02-03,Active,8698.31
C004162,Ekaraj Setty,Standard,Nandyal,Tripura,India,2026-06-07,Active,6476.65
C004163,Harsh Saran,Enterprise,Kolkata,Madhya Pradesh,India,2025-11-10,Active,2225.18
C004164,Lucky Goyal,Standard,Mahbubnagar,Maharashtra,India,2025-01-17,Active,7294.95
C004165,Hamsini Gera,Standard,Alappuzha,Arunachal Pradesh,India,2024-02-18,Active,20923.44
C004166,Xavier Sodhi,Standard,Rajpur Sonarpur,Maharashtra,India,2024-01-01,Inactive,11592.14
C004167,Ekani Kashyap,Standard,Maheshtala,Tripura,India,2025-06-10,Active,8082.77
C004168,Zinal Doctor,Standard,Durgapur,Goa,India,2026-02-01,Active,7015.59
C004169,Aarav Sant,Enterprise,Firozabad,Tamil Nadu,India,2025-04-02,Active,12023.28
C004170,Bina Doshi,Standard,Bhilai,Karnataka,India,2025-12-12,Active,19172.34
C004171,Maanas Dara,Standard,Gorakhpur,Telangana,India,2026-01-22,Active,23732.44
C004172,Abhiram Om,Standard,Bhiwani,Andhra Pradesh,India,2025-06-26,Active,7992.36
C004173,Banjeet Chada,Standard,Loni,Arunachal Pradesh,India,2023-09-18,Active,17334.95
C004174,Amol Pillay,Standard,Raipur,Bihar,India,2025-07-05,Active,5099.58
C004175,Gavin Salvi,Premium,Pune,Manipur,India,2025-03-26,Active,1822.13
C004176,Logan Mallick,Standard,Jehanabad,Sikkim,India,2023-10-18,Active,10929.95
C004177,Yagnesh Bahri,Standard,Junagadh,Arunachal Pradesh,India,2023-12-02,Inactive,4190.72
C004178,Zarna Nanda,Standard,Jodhpur,Madhya Pradesh,India,2023-12-24,Active,2680.89
C004179,Nitara Dey,Standard,Thoothukudi,Madhya Pradesh,India,2025-05-18,Inactive,8324.24
C004180,Abeer Loke,Standard,Karnal,Manipur,India,2024-03-22,Active,8032.63
C004181,Omaja Patla,Premium,Srikakulam,Chhattisgarh,India,2024-05-31,Inactive,21944.44
C004182,Waida Chakraborty,Standard,Bulandshahr,Madhya Pradesh,India,2025-12-06,Active,13199.04
C004183,Eta Manne,Standard,Proddatur,Bihar,India,2025-10-11,Active,9703.57
C004184,Aditya Nori,Premium,Malegaon,Bihar,India,2024-06-19,Active,19433.04
C004185,Rehaan Bawa,Standard,Davanagere,Himachal Pradesh,India,2024-03-22,Active,4260.03
C004186,Kiaan Nanda,Standard,Ballia,Haryana,India,2026-01-03,Active,18074.31
C004187,Harshil Bandi,Standard,Bidhannagar,Meghalaya,India,2024-12-07,Active,3426.45
C004188,Teerth Goswami,Standard,Sangli-Miraj & Kupwad,Bihar,India,2026-04-13,Active,7022.14
C004189,Dayita Vasa,Enterprise,Kota,Goa,India,2026-03-31,Active,11445.34
C004190,Upkaar Mahal,Enterprise,Rajkot,Himachal Pradesh,India,2024-09-08,Active,8340.75
C004191,Victor Tak,Standard,Kadapa,Punjab,India,2024-02-15,Active,17785.21
C004192,Faraj Desai,Standard,Loni,Rajasthan,India,2025-12-12,Active,10091.67
C004193,Andrew Wali,Premium,Singrauli,Goa,India,2024-06-05,Active,9657.54
C004194,Qabil Thakur,Premium,Deoghar,Andhra Pradesh,India,2025-10-02,Active,8297.19
C004195,Chaaya Mitter,Standard,Vadodara,Telangana,India,2024-08-29,Active,4624.52
C004196,Arunima Desai,Premium,Alwar,Madhya Pradesh,India,2025-01-26,Active,8572.1
C004197,Jagdish Bava,Standard,Sonipat,Arunachal Pradesh,India,2025-06-03,Active,13036.85
C004198,Diya Wali,Standard,Karaikudi,Tamil Nadu,India,2024-04-06,Active,7410.11
C004199,Vivaan Maharaj,Standard,Tenali,Nagaland,India,2023-11-19,Active,14333.37
C004200,Manan Contractor,Standard,Madhyamgram,Gujarat,India,2024-02-20,Active,12066.94
C004201,Pranit Ben,Enterprise,Mehsana,Bihar,India,2026-03-19,Active,12064.39
C004202,Chameli Mannan,Premium,Delhi,Jharkhand,India,2024-10-17,Active,8233.51
C004203,Aadhya Chhabra,Standard,Sambhal,Haryana,India,2026-05-07,Active,10942.51
C004204,Alka Solanki,Enterprise,Mehsana,Sikkim,India,2025-10-27,Active,7929.09
C004205,Aahana Parekh,Standard,Jamnagar,Maharashtra,India,2023-12-10,Active,12873.04
C004206,Hemangini Sur,Standard,Orai,Himachal Pradesh,India,2026-06-01,Active,10891.36
C004207,Watika Cheema,Standard,Siliguri,Kerala,India,2023-12-03,Active,5021.55
C004208,Eesha Tiwari,Enterprise,Ballia,Madhya Pradesh,India,2026-06-21,Active,13854.45
C004209,Udant Dhaliwal,Standard,Ambattur,Mizoram,India,2026-03-11,Active,14948.39
C004210,Leela Dhaliwal,Premium,Jammu,Goa,India,2025-07-04,Active,9780.97
C004211,Orinder Om,Standard,Thiruvananthapuram,Uttar Pradesh,India,2025-10-11,Active,10860.04
C004212,Rushil Wason,Standard,Hajipur,Sikkim,India,2025-03-02,Active,7465.62
C004213,Amol Magar,Enterprise,Salem,Karnataka,India,2024-06-19,Active,4012.01
C004214,Nikita Som,Enterprise,Bhilai,Kerala,India,2024-11-26,Active,18447.18
C004215,Gaurangi Yogi,Standard,Tiruchirappalli,Meghalaya,India,2025-11-24,Active,11839.3
C004216,Dayita Bir,Standard,Uluberia,Uttar Pradesh,India,2026-02-03,Inactive,3481.72
C004217,Chakradev Iyer,Standard,Kollam,Jharkhand,India,2024-10-30,Active,17815.1
C004218,Yug Hayre,Standard,Ranchi,Maharashtra,India,2025-11-14,Active,8268.61
C004219,Zarna Ram,Premium,Salem,Assam,India,2023-08-20,Active,16750.1
C004220,Simon Pandit,Enterprise,Raipur,Jharkhand,India,2023-07-14,Active,7603.96
C004221,Ishaan Tata,Standard,Muzaffarnagar,Assam,India,2026-06-16,Active,5575.45
C004222,Zansi Dada,Standard,Sambalpur,Jharkhand,India,2024-01-21,Active,9869.85
C004223,Ryan Contractor,Premium,Serampore,Arunachal Pradesh,India,2023-09-22,Active,6000.16
C004224,Sarthak Mann,Premium,Shimla,Uttarakhand,India,2025-05-01,Active,4660.86
C004225,Balvan Ratta,Premium,Imphal,Maharashtra,India,2026-06-13,Active,7890.44
C004226,Vyanjana Balan,Premium,Suryapet,Tripura,India,2025-03-19,Active,13615.73
C004227,Advaith Agarwal,Standard,Katni,Telangana,India,2024-03-14,Active,8474.32
C004228,Yadavi Vasa,Standard,Delhi,Meghalaya,India,2023-11-29,Active,4784.36
C004229,Yadavi Ganesan,Enterprise,Thoothukudi,West Bengal,India,2024-05-04,Active,7082.94
C004230,Laban Bora,Standard,Thrissur,Tripura,India,2024-04-19,Active,9827.93
C004231,Kamala Mohan,Standard,Bidar,Tamil Nadu,India,2025-01-06,Active,10831.22
C004232,Janani Baria,Standard,Bhiwandi,Goa,India,2024-09-10,Active,8126.86
C004233,Jhalak Menon,Premium,Narasaraopet,Andhra Pradesh,India,2023-11-08,Active,5381.0
C004234,Forum Pingle,Standard,Bihar Sharif,Tamil Nadu,India,2023-10-27,Active,16167.87
C004235,Reva Sama,Standard,Amaravati,West Bengal,India,2023-12-17,Active,6267.19
C004236,Girish More,Premium,Amroha,Haryana,India,2025-01-03,Active,2910.6
C004237,Chakrika Rege,Standard,Deoghar,Sikkim,India,2024-02-09,Active,12098.37
C004238,Pratyush Joshi,Standard,Eluru,Andhra Pradesh,India,2025-08-28,Inactive,12424.78
C004239,Shivansh Lal,Premium,Alwar,Punjab,India,2023-08-17,Active,11646.65
C004240,Hemangini Bora,Premium,Sultan Pur Majra,Kerala,India,2025-09-07,Active,10247.86
C004241,Sai Pillay,Standard,Khandwa,Mizoram,India,2023-07-24,Active,4332.26
C004242,Nicholas Bhatt,Premium,Aurangabad,Himachal Pradesh,India,2024-07-10,Active,16167.75
C004243,Gunbir Kaur,Standard,Karaikudi,Odisha,India,2025-12-23,Active,18010.07
C004244,Nicholas Palla,Premium,Bokaro,Andhra Pradesh,India,2025-03-21,Active,4775.8
C004245,Yahvi Agrawal,Standard,Raebareli,Mizoram,India,2023-12-02,Active,6659.65
C004246,Zashil Kota,Standard,Gandhidham,Madhya Pradesh,India,2025-10-10,Inactive,22005.94
C004247,Gauri Dutt,Premium,Gwalior,Gujarat,India,2025-08-23,Active,19655.04
C004248,Chakrika Peri,Standard,Burhanpur,Meghalaya,India,2024-03-12,Active,12000.75
C004249,Darpan Hegde,Premium,Baranagar,Punjab,India,2024-12-03,Active,4821.48
C004250,Girindra Modi,Premium,Rampur,Assam,India,2024-01-15,Active,16204.7
C004251,Krishna Ben,Standard,Ghaziabad,Punjab,India,2024-05-02,Active,10477.01
C004252,Gavin Loke,Standard,Gandhidham,Chhattisgarh,India,2025-04-20,Active,10396.06
C004253,Teerth Pant,Standard,Bellary,Gujarat,India,2024-02-20,Active,11081.08
C004254,Faqid Bhatnagar,Standard,Giridih,Jharkhand,India,2023-10-21,Active,4301.29
C004255,Bhavika Dash,Standard,Salem,Kerala,India,2025-02-02,Active,7199.27
C004256,Zarna Nayar,Standard,Shimla,Uttar Pradesh,India,2026-04-11,Active,5684.03
C004257,Hema Kapadia,Standard,Adoni,Madhya Pradesh,India,2024-05-16,Active,9834.81
C004258,Netra Anand,Premium,Bhind,West Bengal,India,2024-03-21,Active,5490.38
C004259,Chatresh Hans,Standard,Serampore,Punjab,India,2025-07-28,Active,7216.21
C004260,Advay Tiwari,Standard,Morena,Chhattisgarh,India,2025-06-27,Active,5816.27
C004261,Krisha Ganesh,Premium,Jaipur,Sikkim,India,2025-01-23,Inactive,17983.67
C004262,Barkha Kapoor,Standard,Etawah,Tamil Nadu,India,2025-01-15,Active,10384.97
C004263,Jeevika Sinha,Premium,Bangalore,Chhattisgarh,India,2025-03-16,Active,16589.28
C004264,Jason Dada,Standard,Jhansi,Chhattisgarh,India,2025-10-13,Active,12201.44
C004265,Jagvi Padmanabhan,Premium,Bhiwani,Sikkim,India,2025-01-11,Active,8921.33
C004266,Liam Sachdeva,Standard,Latur,Himachal Pradesh,India,2023-10-11,Active,5591.26
C004267,Jagrati Grewal,Standard,Munger,Haryana,India,2024-11-16,Active,8724.71
C004268,Panini Dada,Standard,Mathura,West Bengal,India,2025-05-12,Active,13571.42
C004269,Nirja Tara,Premium,Haldia,Chhattisgarh,India,2023-06-30,Inactive,11473.86
C004270,Chandani Guha,Premium,Ichalkaranji,Bihar,India,2023-12-22,Active,6430.69
C004271,Thomas Dugar,Standard,Satara,Arunachal Pradesh,India,2024-01-13,Active,20560.07
C004272,Sai Murty,Standard,Dharmavaram,Mizoram,India,2024-10-05,Active,9319.66
C004273,Ekapad Mander,Standard,Tinsukia,Odisha,India,2026-02-19,Active,5645.1
C004274,Peter Chakrabarti,Standard,Kochi,Meghalaya,India,2025-07-08,Active,11728.37
C004275,Vansha Kohli,Standard,Chennai,Nagaland,India,2023-09-20,Active,4602.69
C004276,Ishani Bhattacharyya,Standard,Mumbai,Andhra Pradesh,India,2024-04-21,Active,10957.31
C004277,Gavin Sule,Standard,Howrah,Assam,India,2024-05-25,Active,11522.31
C004278,Matthew Majumdar,Premium,Panchkula,Bihar,India,2023-08-12,Active,8648.25
C004279,Chakradev Kannan,Standard,Jorhat,Himachal Pradesh,India,2023-12-20,Active,12252.74
C004280,Lucky Merchant,Enterprise,Jalna,Tripura,India,2024-07-03,Active,12799.14
C004281,Gaurika Bedi,Enterprise,Kolkata,Mizoram,India,2025-09-17,Active,11996.84
C004282,Lopa Verma,Enterprise,Ramgarh,West Bengal,India,2025-01-21,Active,7709.95
C004283,Ekansh Maharaj,Premium,Guna,Bihar,India,2025-02-12,Active,5878.85
C004284,Bhanumati Brahmbhatt,Premium,Kanpur,Maharashtra,India,2023-07-31,Inactive,7880.53
C004285,Benjamin Shah,Standard,Kalyan-Dombivli,Kerala,India,2025-04-08,Active,17158.49
C004286,Leena Narang,Enterprise,Morena,Haryana,India,2023-08-27,Active,14434.07
C004287,Abhiram Goyal,Standard,Suryapet,Andhra Pradesh,India,2025-07-27,Active,16360.31
C004288,Radhika Panchal,Premium,Hazaribagh,Rajasthan,India,2025-02-08,Inactive,17157.34
C004289,Radha Sampath,Standard,Vasai-Virar,Gujarat,India,2026-03-27,Active,7725.29
C004290,Frado Kapadia,Standard,Nanded,Andhra Pradesh,India,2026-01-24,Active,9243.65
C004291,Dayita Kanda,Premium,Raebareli,Bihar,India,2023-08-06,Active,10396.41
C004292,Rehaan Ghosh,Standard,Siwan,Mizoram,India,2025-04-05,Active,5435.87
C004293,Wakeeta Chana,Standard,Unnao,Uttar Pradesh,India,2025-12-15,Active,9354.12
C004294,Upma Oza,Premium,Aurangabad,Madhya Pradesh,India,2024-04-22,Active,10216.27
C004295,Ikshita Vasa,Standard,Kozhikode,Andhra Pradesh,India,2024-05-29,Active,11889.11
C004296,Brijesh Hayer,Enterprise,Uluberia,Assam,India,2024-03-18,Active,9111.3
C004297,Baghyawati Varma,Premium,Bikaner,Manipur,India,2023-08-05,Active,5782.15
C004298,Manan Din,Standard,Sambhal,Sikkim,India,2025-07-04,Active,9855.89
C004299,Vihaan Babu,Standard,Allahabad,Arunachal Pradesh,India,2026-02-05,Active,5312.58
C004300,Vansha Roy,Standard,Ulhasnagar,Arunachal Pradesh,India,2024-06-27,Active,7695.02
C004301,Yashvi Bali,Standard,Siliguri,Telangana,India,2024-11-25,Active,17057.67
C004302,Kai Shenoy,Standard,Jodhpur,Karnataka,India,2024-10-24,Active,3408.0
C004303,Jagat Konda,Enterprise,Aurangabad,Tripura,India,2025-08-15,Active,6124.38
C004304,Gaurav Batta,Standard,Jorhat,Chhattisgarh,India,2025-10-08,Active,11443.01
C004305,Hemangini Sule,Premium,Ranchi,Tripura,India,2025-11-14,Active,7023.33
C004306,Yutika Soni,Premium,Delhi,Arunachal Pradesh,India,2024-05-19,Active,10068.82
C004307,Yuvraj Tripathi,Standard,Kozhikode,Kerala,India,2023-10-19,Active,10402.39
C004308,Krishna Menon,Premium,Vellore,Odisha,India,2025-05-05,Active,7800.72
C004309,Qabil Ramakrishnan,Standard,Thrissur,Karnataka,India,2024-08-16,Active,4144.27
C004310,Advika Shere,Standard,Baranagar,Andhra Pradesh,India,2025-12-05,Active,6354.83
C004311,Bhavani Merchant,Enterprise,Bareilly,Madhya Pradesh,India,2024-03-16,Active,3398.8
C004312,Sai Lala,Standard,Panchkula,Arunachal Pradesh,India,2023-07-30,Active,11492.43
C004313,Madhavi Aggarwal,Enterprise,Jehanabad,Nagaland,India,2024-10-09,Active,2277.51
C004314,Viraj Peri,Standard,Secunderabad,Assam,India,2024-08-15,Active,23340.26
C004315,Jalsa Rout,Enterprise,Sambhal,Assam,India,2025-06-15,Active,24320.32
C004316,Aditya Radhakrishnan,Enterprise,Arrah,Chhattisgarh,India,2024-08-27,Inactive,9780.22
C004317,Sneha Chandra,Premium,Ballia,Uttar Pradesh,India,2024-03-13,Active,5042.07
C004318,Idika Sinha,Standard,Bulandshahr,Himachal Pradesh,India,2023-11-28,Active,18209.07
C004319,Baljiwan Bali,Standard,Thrissur,Chhattisgarh,India,2025-04-09,Active,8353.08
C004320,Rohan Rai,Standard,Mehsana,Meghalaya,India,2024-01-17,Active,5814.4
C004321,Irya Sem,Standard,Belgaum,Mizoram,India,2025-12-22,Active,6056.37
C004322,Oviya Buch,Standard,Mumbai,Telangana,India,2025-04-29,Active,18678.45
C004323,Simon Parekh,Standard,Solapur,Tripura,India,2025-01-05,Inactive,12511.86
C004324,Jhalak Ranganathan,Premium,Hajipur,Tamil Nadu,India,2023-10-31,Active,7842.89
C004325,Pratyush Pau,Premium,Jamalpur,Jharkhand,India,2023-07-22,Active,2572.06
C004326,Abhiram Chada,Standard,Gorakhpur,Odisha,India,2023-11-22,Active,6895.06
C004327,Bakhshi Pandit,Standard,Gaya,Haryana,India,2024-11-22,Active,26301.28
C004328,Yauvani Narayan,Standard,Amaravati,Tamil Nadu,India,2025-08-09,Active,9018.31
C004329,Ryan Nigam,Enterprise,Warangal,Karnataka,India,2025-07-23,Active,750.33
C004330,Alexander Jha,Enterprise,Madurai,Sikkim,India,2024-07-14,Active,23450.55
C004331,Hemal Lanka,Standard,Nadiad,Uttar Pradesh,India,2023-08-11,Inactive,12472.03
C004332,Abhimanyu Mutti,Standard,Rajkot,Arunachal Pradesh,India,2025-06-07,Active,16261.56
C004333,Ekansh Choudhry,Standard,Suryapet,Meghalaya,India,2025-03-08,Active,9657.41
C004334,Naveen Apte,Standard,Malda,Assam,India,2024-04-25,Active,24041.65
C004335,Arjun Acharya,Premium,Ghaziabad,Uttarakhand,India,2025-01-04,Active,7381.05
C004336,Bina Mane,Standard,Pimpri-Chinchwad,Goa,India,2024-10-29,Active,21524.67
C004337,Upasna Karan,Premium,Adoni,Manipur,India,2024-07-31,Active,6233.51
C004338,Netra Kapur,Standard,Dibrugarh,Telangana,India,2023-12-04,Active,12213.03
C004339,Rishi Buch,Premium,Eluru,Gujarat,India,2025-09-03,Active,16217.27
C004340,Jalsa Dutta,Enterprise,Chandrapur,Madhya Pradesh,India,2025-03-05,Active,6779.52
C004341,Radhika Prasad,Standard,Burhanpur,Haryana,India,2024-02-08,Active,12118.91
C004342,Ekiya Kala,Standard,Belgaum,Gujarat,India,2024-05-12,Active,2566.88
C004343,Ojas Aggarwal,Standard,Morena,Goa,India,2025-01-16,Active,9429.27
C004344,Tanish Sura,Premium,Akola,Uttarakhand,India,2026-03-26,Active,13325.61
C004345,Viraj Agate,Standard,Pudukkottai,Himachal Pradesh,India,2023-07-27,Active,14021.0
C004346,Laksh Sandhu,Premium,Hapur,Andhra Pradesh,India,2024-09-17,Active,9111.2
C004347,Qushi Master,Standard,Belgaum,Assam,India,2025-08-14,Active,8185.72
C004348,Hamsini Ray,Standard,Sagar,Haryana,India,2026-05-06,Active,7857.22
C004349,Luke Gaba,Standard,Silchar,Telangana,India,2024-11-12,Active,11470.17
C004350,Abdul Mammen,Standard,Howrah,Odisha,India,2023-12-29,Active,2966.08
C004351,Nandini Saraf,Enterprise,Bhimavaram,Haryana,India,2025-11-01,Active,1836.63
C004352,Edhitha Pingle,Standard,Jamnagar,Assam,India,2024-05-28,Active,8067.18
C004353,Lekha Bains,Premium,Kolhapur,Goa,India,2024-03-30,Active,4488.44
C004354,Kamya Gade,Standard,Kollam,Gujarat,India,2025-03-28,Active,5725.22
C004355,Ekbal Raman,Standard,Nizamabad,Gujarat,India,2025-01-22,Active,11622.79
C004356,Sudiksha Raman,Enterprise,Noida,Odisha,India,2023-07-25,Active,9660.34
C004357,Dayamai Bawa,Premium,Guntakal,Mizoram,India,2024-05-31,Active,15936.64
C004358,Ijaya Rege,Standard,Tenali,Arunachal Pradesh,India,2025-05-25,Inactive,8480.11
C004359,Diya Bora,Standard,Junagadh,Tamil Nadu,India,2024-04-18,Active,12099.7
C004360,Lajita Chanda,Premium,Ghaziabad,Madhya Pradesh,India,2025-03-31,Active,5799.47
C004361,Aishani Parmar,Standard,Miryalaguda,Gujarat,India,2024-07-15,Active,2225.45
C004362,Faris Gupta,Standard,Surat,Manipur,India,2026-03-16,Active,7025.2
C004363,Omya Gokhale,Standard,Tirunelveli,Assam,India,2024-10-25,Active,7377.19
C004364,Hredhaan Raja,Standard,Surendranagar Dudhrej,Sikkim,India,2024-01-30,Active,13920.26
C004365,Lakshit Dash,Standard,Kozhikode,Himachal Pradesh,India,2023-06-28,Active,8588.94
C004366,Wishi Baria,Standard,Noida,Madhya Pradesh,India,2025-07-17,Inactive,7014.69
C004367,Finn Chahal,Standard,Chittoor,Nagaland,India,2024-09-29,Active,10214.95
C004368,Jeet Raja,Premium,Salem,Punjab,India,2025-07-21,Active,7306.69
C004369,Mohammed Venkataraman,Enterprise,Karaikudi,Mizoram,India,2025-08-10,Active,9258.9
C004370,Waida Shankar,Enterprise,Ranchi,Rajasthan,India,2025-11-17,Active,3652.86
C004371,Gabriel Edwin,Standard,Delhi,Rajasthan,India,2023-09-19,Active,3109.05
C004372,Raagini Dutt,Standard,Sirsa,Haryana,India,2025-06-05,Active,7555.58
C004373,Rehaan Mital,Standard,Vijayawada,Chhattisgarh,India,2023-08-14,Inactive,11852.14
C004374,Ranveer Parmer,Standard,Nagercoil,Mizoram,India,2024-11-13,Active,6350.68
C004375,Chatresh Balasubramanian,Standard,Bally,Tripura,India,2026-03-31,Active,6079.28
C004376,Kashish Venkatesh,Standard,Sirsa,Assam,India,2024-10-27,Active,5488.09
C004377,Andrew Yadav,Standard,Khammam,Haryana,India,2026-03-11,Active,10377.05
C004378,Vedika Khurana,Standard,Latur,Odisha,India,2025-01-19,Active,10805.51
C004379,Devansh Sem,Standard,Pallavaram,Karnataka,India,2024-06-03,Active,11486.14
C004380,Upma Mander,Standard,Nagpur,Meghalaya,India,2023-08-19,Active,18828.22
C004381,Victor Sagar,Standard,Ichalkaranji,Karnataka,India,2025-05-17,Active,4010.77
C004382,Vansha Hayre,Standard,Miryalaguda,Tripura,India,2025-06-16,Active,8595.66
C004383,Chasmum Kohli,Premium,Haldia,West Bengal,India,2026-02-23,Inactive,9020.99
C004384,Yash D’Alia,Standard,Erode,Uttar Pradesh,India,2025-01-14,Active,10284.44
C004385,Advik Memon,Premium,Ghaziabad,Gujarat,India,2023-09-07,Active,12768.8
C004386,Chakrika Shetty,Enterprise,Medininagar,Arunachal Pradesh,India,2024-04-29,Active,10839.71
C004387,Anjali Prabhu,Standard,Ahmednagar,Assam,India,2024-09-06,Active,13158.75
C004388,Irya Mishra,Standard,Chapra,Telangana,India,2026-01-26,Active,6699.04
C004389,Rehaan Lal,Standard,Patna,Himachal Pradesh,India,2025-03-18,Inactive,8390.95
C004390,Madhav Gaba,Premium,Panvel,Tripura,India,2026-03-31,Active,8713.07
C004391,Ishwar Biswas,Premium,Amravati,Arunachal Pradesh,India,2025-07-31,Active,14327.83
C004392,Balvan Ramaswamy,Standard,Haridwar,Manipur,India,2023-10-03,Active,8559.27
C004393,Jacob Chahal,Enterprise,Hubli–Dharwad,Madhya Pradesh,India,2024-06-20,Active,9601.14
C004394,Reyansh Kibe,Enterprise,Unnao,Meghalaya,India,2024-11-08,Active,14733.9
C004395,Triya Ravel,Premium,Varanasi,Gujarat,India,2026-02-19,Active,9984.61
C004396,Zinal Dugal,Enterprise,Hospet,Tripura,India,2024-11-18,Active,14812.16
C004397,Hritik Prabhu,Enterprise,Gaya,Chhattisgarh,India,2024-01-27,Active,8467.34
C004398,Reva Chakraborty,Standard,Muzaffarnagar,Kerala,India,2023-10-15,Active,4796.7
C004399,Ekavir Mani,Standard,Jalna,Bihar,India,2023-07-25,Active,12182.46
C004400,Ati Aggarwal,Premium,Bhavnagar,Tamil Nadu,India,2025-06-25,Active,3389.34
C004401,Saumya Nagy,Premium,Firozabad,Uttar Pradesh,India,2024-03-25,Active,8539.34
C004402,Ojasvi Nadig,Standard,Mirzapur,Arunachal Pradesh,India,2024-03-03,Active,5591.83
C004403,Matthew Nair,Enterprise,Motihari,Uttar Pradesh,India,2025-05-02,Active,6968.82
C004404,Ryan Mammen,Standard,Kurnool,Gujarat,India,2025-08-10,Active,8046.57
C004405,Damyanti Chauhan,Standard,Allahabad,Nagaland,India,2024-08-25,Active,16835.68
C004406,Bachittar Dasgupta,Premium,Nagercoil,Rajasthan,India,2025-01-09,Active,5756.57
C004407,Vasudha Raghavan,Standard,Anantapuram,Kerala,India,2024-08-12,Active,15092.52
C004408,Daksh Sankaran,Standard,Pali,Haryana,India,2024-04-19,Active,4425.17
C004409,Wishi Mital,Standard,Ludhiana,Uttar Pradesh,India,2023-11-25,Active,8986.49
C004410,Aashi Badami,Standard,Jalgaon,Telangana,India,2026-03-13,Active,13685.16
C004411,Vihaan Bava,Standard,Chandigarh,Goa,India,2026-01-21,Active,4145.93
C004412,Megha Bir,Standard,Kavali,Mizoram,India,2026-06-17,Active,15533.6
C004413,Ishani Bhandari,Enterprise,Rajkot,Punjab,India,2025-04-28,Active,6922.07
C004414,Amaira Thaman,Standard,Mahbubnagar,Goa,India,2025-08-06,Active,6030.52
C004415,Abhimanyu Wagle,Standard,Panvel,Madhya Pradesh,India,2025-01-23,Active,4312.84
C004416,Ekansh Khurana,Standard,Loni,Karnataka,India,2023-09-12,Inactive,21332.36
C004417,Neha Bedi,Standard,Burhanpur,Telangana,India,2026-02-26,Active,9147.95
C004418,Bhavani Chowdhury,Premium,Jaunpur,Tripura,India,2026-03-08,Active,6439.01
C004419,Udarsh Kalita,Enterprise,Bardhaman,Goa,India,2024-01-17,Active,10585.85
C004420,Eesha Pau,Premium,Bhiwani,Goa,India,2024-08-19,Active,9252.97
C004421,Devika Anne,Premium,Gulbarga,Nagaland,India,2023-08-28,Active,29098.44
C004422,Anya Pall,Standard,Bokaro,Manipur,India,2023-12-11,Active,16861.28
C004423,Garima Chatterjee,Enterprise,Nashik,Gujarat,India,2025-03-18,Active,7842.28
C004424,Vasana Merchant,Standard,Dhanbad,Mizoram,India,2023-11-14,Active,4556.07
C004425,Vanya Bumb,Premium,Guntur,Manipur,India,2023-11-19,Active,7722.77
C004426,Megha Iyer,Standard,Ballia,Nagaland,India,2024-12-31,Active,15801.37
C004427,Divya Yohannan,Enterprise,Tinsukia,Maharashtra,India,2024-01-09,Active,15076.89
C004428,Lajita Savant,Standard,Narasaraopet,Maharashtra,India,2025-09-04,Active,10221.0
C004429,Zayyan Chaudhuri,Standard,Miryalaguda,West Bengal,India,2024-03-09,Active,10367.27
C004430,Gautami Gour,Enterprise,Junagadh,Nagaland,India,2025-04-12,Active,5552.27
C004431,Parth Nanda,Premium,Srikakulam,Manipur,India,2024-05-30,Active,8450.01
C004432,Chakrika Din,Standard,Guntur,Uttar Pradesh,India,2024-12-11,Active,6034.74
C004433,Vinaya Bala,Standard,Madanapalle,Kerala,India,2026-01-31,Active,5682.69
C004434,Naksh Das,Premium,Ambattur,Uttarakhand,India,2025-10-28,Active,7675.7
C004435,Falak Parsa,Standard,Meerut,Uttarakhand,India,2024-12-12,Active,18807.21
C004436,Hemangini Batra,Standard,Ghaziabad,Haryana,India,2025-01-23,Active,6251.52
C004437,Nidra Anand,Standard,Deoghar,Tripura,India,2023-08-05,Active,8248.42
C004438,Triveni Bora,Standard,Kulti,Sikkim,India,2023-12-29,Active,12847.05
C004439,Kala Chaudhari,Standard,Burhanpur,Uttar Pradesh,India,2024-08-31,Active,9826.15
C004440,Dayamai Bhattacharyya,Premium,Varanasi,Rajasthan,India,2024-10-06,Active,9624.93
C004441,Fiyaz Grover,Standard,Aligarh,Uttarakhand,India,2023-12-02,Active,13187.11
C004442,Chandresh Sama,Standard,Saharanpur,Maharashtra,India,2025-10-29,Active,5177.44
C004443,Anthony Shere,Standard,Khora ,Chhattisgarh,India,2024-11-30,Active,16350.55
C004444,Nirja Tak,Premium,Eluru,Rajasthan,India,2023-08-06,Active,3213.47
C004445,Wriddhish Tata,Premium,Ajmer,Uttar Pradesh,India,2024-03-30,Inactive,5681.4
C004446,Gabriel Bumb,Standard,Bhind,Madhya Pradesh,India,2023-08-16,Inactive,6970.45
C004447,Nicholas Parmar,Enterprise,Bhimavaram,Kerala,India,2023-10-25,Active,10167.49
C004448,Sai Sengupta,Enterprise,Gwalior,Uttar Pradesh,India,2026-05-01,Active,5296.73
C004449,Maya Patla,Standard,Bally,Karnataka,India,2023-11-08,Active,8131.55
C004450,Aarnav Nadig,Standard,Gorakhpur,Uttar Pradesh,India,2024-10-05,Active,19049.02
C004451,Dominic Sha,Standard,Chandigarh,Madhya Pradesh,India,2024-10-13,Inactive,9350.19
C004452,Leena Kanda,Premium,Gaya,Odisha,India,2025-04-10,Active,12730.19
C004453,Azaan Rege,Standard,Mirzapur,Jharkhand,India,2024-04-30,Active,13398.33
C004454,Kabir Narain,Standard,Bilaspur,Odisha,India,2025-02-06,Active,15385.76
C004455,Chameli Dash,Standard,Rajpur Sonarpur,Gujarat,India,2024-07-15,Inactive,19282.81
C004456,Urvashi Din,Standard,Bokaro,Punjab,India,2024-12-07,Active,2976.23
C004457,Chavvi Chada,Premium,Pune,Bihar,India,2024-07-24,Inactive,7630.91
C004458,Lucky Kala,Standard,Shivpuri,Haryana,India,2026-06-06,Active,2099.96
C004459,Adya Sarna,Standard,Vellore,Meghalaya,India,2023-12-10,Active,13137.66
C004460,Bina Buch,Standard,Hospet,Meghalaya,India,2023-12-10,Active,10916.42
C004461,Dipta Aggarwal,Standard,Bhatpara,Andhra Pradesh,India,2025-04-13,Inactive,16063.77
C004462,Zansi Deshmukh,Premium,Surat,Maharashtra,India,2025-04-14,Active,18180.64
C004463,Rushil Roy,Standard,Thanjavur,Madhya Pradesh,India,2025-06-22,Active,3909.99
C004464,Warinder Grewal,Enterprise,North Dumdum,Uttar Pradesh,India,2024-10-12,Active,12356.62
C004465,Jatin Mitra,Premium,Aligarh,Tripura,India,2026-01-31,Active,21280.96
C004466,Ekta Basak,Premium,Akola,Goa,India,2026-02-27,Inactive,20916.81
C004467,Madhavi Kashyap,Standard,Kadapa,Arunachal Pradesh,India,2023-10-23,Inactive,10117.84
C004468,Warhi Sura,Standard,Shimoga,Punjab,India,2023-07-29,Active,7588.34
C004469,Zayyan Basak,Standard,Uluberia,West Bengal,India,2025-02-02,Active,7024.83
C004470,Aradhana Kumer,Standard,Patna,Nagaland,India,2026-05-14,Active,8888.96
C004471,Vamakshi Raval,Standard,Bilaspur,Chhattisgarh,India,2023-07-06,Active,8062.0
C004472,Ekantika Swamy,Premium,Dewas,Nagaland,India,2025-09-01,Active,7104.16
C004473,Ranveer Deshpande,Premium,Tadepalligudem,Andhra Pradesh,India,2025-05-28,Active,4700.57
C004474,Gautam Sarraf,Standard,Alappuzha,Jharkhand,India,2023-11-10,Active,10710.73
C004475,Nidhi Nazareth,Standard,Kirari Suleman Nagar,Uttarakhand,India,2023-08-14,Active,16875.72
C004476,Vedika Wali,Standard,Panihati,Rajasthan,India,2025-02-17,Active,6862.48
C004477,Anita Shan,Premium,Pimpri-Chinchwad,Punjab,India,2026-03-13,Active,5229.06
C004478,Krishna Sethi,Enterprise,Asansol,Kerala,India,2025-08-08,Active,18444.31
C004479,Kritika Pingle,Enterprise,Mysore,Haryana,India,2026-05-15,Active,7346.17
C004480,Wazir Wason,Premium,Sirsa,Telangana,India,2025-12-23,Active,4275.99
C004481,Samesh Sethi,Premium,Dharmavaram,Haryana,India,2025-04-25,Active,13153.45
C004482,Gaurangi Banerjee,Standard,Haridwar,Andhra Pradesh,India,2024-10-11,Active,5705.52
C004483,Vedant Bedi,Standard,Kakinada,Madhya Pradesh,India,2025-04-24,Active,6931.17
C004484,Jasmit Nagy,Standard,Chapra,Assam,India,2025-04-08,Active,13044.54
C004485,Balendra Dyal,Standard,Phusro,Uttar Pradesh,India,2026-06-20,Active,2764.78
C004486,Laban Khare,Enterprise,Morbi,Assam,India,2025-10-28,Inactive,12538.09
C004487,Keya Anne,Enterprise,Eluru,Jharkhand,India,2023-09-29,Active,9782.79
C004488,Kiaan Sarna,Standard,Begusarai,Uttarakhand,India,2025-11-13,Active,11812.19
C004489,Ayush Keer,Premium,Bhatpara,Assam,India,2026-04-06,Active,7885.37
C004490,Vyanjana Radhakrishnan,Enterprise,Madurai,Meghalaya,India,2024-04-05,Active,7981.49
C004491,Krish Vala,Standard,Bharatpur,Gujarat,India,2024-06-09,Active,10485.59
C004492,Geetika Sharaf,Premium,Bahraich,Manipur,India,2024-10-18,Active,9152.57
C004493,Oni Rau,Enterprise,Mango,Mizoram,India,2023-07-17,Active,8657.78
C004494,Aditya Dora,Enterprise,Karaikudi,Arunachal Pradesh,India,2024-11-22,Active,6837.24
C004495,Tripti Pant,Standard,Karawal Nagar,Nagaland,India,2024-01-18,Active,4273.73
C004496,Adweta Rattan,Standard,Kolkata,Goa,India,2025-12-21,Active,12720.9
C004497,Omaja Bahl,Standard,Coimbatore,Meghalaya,India,2023-11-19,Active,29127.67
C004498,Warinder Guha,Standard,Bihar Sharif,Odisha,India,2024-05-24,Active,8806.77
C004499,Amrita Kala,Enterprise,Sirsa,Tamil Nadu,India,2025-01-15,Active,11024.24
C004500,Charvi Kale,Premium,Thoothukudi,Chhattisgarh,India,2026-04-13,Active,19704.47
C004501,Abhiram Bal,Standard,Dehradun,Bihar,India,2023-11-22,Active,6349.92
C004502,Krisha Krish,Enterprise,Amritsar,Odisha,India,2025-02-28,Active,4718.91
C004503,Jhalak Anne,Enterprise,Sultan Pur Majra,Haryana,India,2023-09-23,Inactive,12018.75
C004504,Hredhaan Srinivas,Premium,Nagaon,Kerala,India,2023-07-11,Active,9036.11
C004505,Oviya Natt,Premium,Nanded,Bihar,India,2025-12-12,Active,8228.23
C004506,Turvi Badami,Enterprise,Ghaziabad,Maharashtra,India,2024-03-09,Active,7367.17
C004507,Vanya Kapoor,Standard,Bangalore,Arunachal Pradesh,India,2023-06-26,Inactive,24769.92
C004508,Dayita Lall,Standard,Bally,West Bengal,India,2025-12-21,Active,9957.7
C004509,Gaurav Dhingra,Standard,Bangalore,Nagaland,India,2025-07-05,Active,11977.45
C004510,Hredhaan Rama,Standard,Gaya,Uttarakhand,India,2024-12-11,Active,8357.05
C004511,Eiravati Saraf,Standard,Bhatpara,Gujarat,India,2023-08-14,Active,6113.33
C004512,Simon Chokshi,Standard,Cuttack,Himachal Pradesh,India,2024-09-15,Active,14316.37
C004513,Mitali Varghese,Standard,Tezpur,Jharkhand,India,2025-07-10,Inactive,15287.79
C004514,Vansha Krish,Standard,Indore,Rajasthan,India,2024-03-26,Active,16299.14
C004515,Diya Bhalla,Standard,Imphal,Kerala,India,2025-10-18,Active,5414.29
C004516,Netra Walia,Standard,Tenali,Madhya Pradesh,India,2025-03-12,Active,8286.95
C004517,Darika Bhavsar,Standard,Panchkula,Bihar,India,2024-06-15,Active,9334.05
C004518,Anusha Konda,Standard,Pudukkottai,Haryana,India,2024-06-12,Active,4208.8
C004519,Bhavna Talwar,Standard,Aizawl,Tripura,India,2024-06-12,Active,2176.5
C004520,Gaurika Pau,Enterprise,Coimbatore,Haryana,India,2023-08-05,Active,12787.43
C004521,Wahab Garg,Standard,Bijapur,Goa,India,2026-06-04,Active,13040.81
C004522,Benjamin Din,Standard,Amaravati,Haryana,India,2024-10-12,Active,6097.34
C004523,Warjas Tara,Standard,Hajipur,Tamil Nadu,India,2024-03-03,Active,14101.24
C004524,Gautami Kunda,Standard,Panchkula,Madhya Pradesh,India,2023-07-08,Active,1977.36
C004525,Samesh Chaudhuri,Standard,Cuttack,Madhya Pradesh,India,2024-07-20,Active,10003.92
C004526,Mohini Doctor,Premium,Singrauli,Andhra Pradesh,India,2025-12-11,Active,9517.52
C004527,Anvi Jhaveri,Premium,Latur,Goa,India,2024-08-03,Active,13522.02
C004528,Utkarsh Biswas,Premium,Gangtok,Sikkim,India,2024-03-14,Active,18060.89
C004529,Lakshit Ramanathan,Premium,Pondicherry,Punjab,India,2025-10-20,Active,4770.38
C004530,Darsh Muni,Standard,Nadiad,West Bengal,India,2024-01-11,Active,7224.04
C004531,Sai Thaker,Enterprise,Bangalore,West Bengal,India,2024-06-05,Active,8917.71
C004532,Chakradhar Bal,Premium,Salem,Andhra Pradesh,India,2026-01-09,Active,7412.1
C004533,Yamini Raval,Standard,Phusro,West Bengal,India,2024-05-14,Active,3692.97
C004534,Avni Lall,Standard,Guntakal,Nagaland,India,2023-09-11,Active,2403.43
C004535,Bahadurjit Din,Premium,Salem,Telangana,India,2025-08-12,Active,4681.12
C004536,Kamya Khurana,Standard,Madanapalle,Uttar Pradesh,India,2025-06-12,Active,15867.74
C004537,Pahal Kibe,Standard,Dehri,Maharashtra,India,2026-05-10,Active,6239.46
C004538,Osha Malhotra,Enterprise,Durgapur,Chhattisgarh,India,2025-03-02,Active,3514.06
C004539,Ranbir Karnik,Enterprise,Mumbai,Manipur,India,2025-03-18,Active,3330.35
C004540,Kashish Bansal,Standard,Proddatur,Gujarat,India,2024-05-06,Active,13063.53
C004541,Vihaan Kari,Premium,Loni,Uttarakhand,India,2024-01-01,Active,7350.35
C004542,Ucchal Ahluwalia,Premium,Maheshtala,West Bengal,India,2025-10-15,Active,3410.19
C004543,Baghyawati Swamy,Enterprise,Delhi,Telangana,India,2026-04-04,Active,9503.31
C004544,Owen Kumar,Standard,Gurgaon,Tamil Nadu,India,2024-05-25,Active,20872.28
C004545,Sai Dass,Standard,Ajmer,Uttar Pradesh,India,2023-11-29,Active,5364.24
C004546,Priya Nayar,Standard,Howrah,Goa,India,2025-06-17,Active,10010.08
C004547,Faraj Jani,Standard,Gandhinagar,Jharkhand,India,2026-03-16,Active,9821.61
C004548,Samaksh Solanki,Enterprise,Patna,Arunachal Pradesh,India,2026-04-06,Active,15898.73
C004549,Champak Pradhan,Premium,Jamnagar,Bihar,India,2026-05-26,Active,15843.89
C004550,Xavier Mallick,Enterprise,Chittoor,Bihar,India,2026-02-10,Active,2980.38
C004551,Urishilla Maharaj,Standard,Bally,Tripura,India,2024-03-28,Active,4778.5
C004552,Abha Borah,Enterprise,Dehri,Uttarakhand,India,2025-05-22,Active,6452.29
C004553,Ojas Chandra,Enterprise,Singrauli,Madhya Pradesh,India,2025-11-07,Active,12615.12
C004554,Balvan Morar,Standard,Tadipatri,Himachal Pradesh,India,2024-05-06,Active,5423.35
C004555,Indali Natt,Standard,Vadodara,Sikkim,India,2026-03-23,Active,6149.18
C004556,Hamsini Lanka,Enterprise,Sambhal,Meghalaya,India,2025-12-05,Active,4143.65
C004557,Anamika Devi,Standard,Parbhani,Nagaland,India,2023-12-22,Active,21161.54
C004558,Omkaar Sidhu,Enterprise,Bidar,Bihar,India,2024-03-10,Active,9128.76
C004559,Warda Soman,Premium,Davanagere,Mizoram,India,2023-06-28,Active,13350.77
C004560,Jasmit Buch,Standard,Jammu,Uttar Pradesh,India,2024-06-19,Active,7740.06
C004561,Saksham Korpal,Enterprise,Salem,Sikkim,India,2024-10-17,Active,7574.51
C004562,Fariq Garde,Premium,Phusro,Nagaland,India,2024-12-14,Active,11333.21
C004563,Naveen Tailor,Standard,Bhatpara,Uttar Pradesh,India,2024-09-21,Active,9090.52
C004564,Hritik Mital,Standard,Guwahati,Rajasthan,India,2026-03-25,Active,4551.82
C004565,Azad Nadig,Standard,Aurangabad,Uttarakhand,India,2025-05-01,Active,6346.82
C004566,Luke Yogi,Premium,Berhampur,West Bengal,India,2024-04-27,Active,18686.84
C004567,Girish Deep,Premium,Ozhukarai,Tamil Nadu,India,2024-09-09,Active,11421.92
C004568,Fariq Memon,Standard,Thane,Madhya Pradesh,India,2026-01-31,Active,14416.98
C004569,Rohan Dixit,Premium,Aizawl,Uttarakhand,India,2025-04-22,Active,15470.81
C004570,Robert Deo,Enterprise,Arrah,Maharashtra,India,2024-04-28,Active,8026.8
C004571,Yamini Sengupta,Standard,Meerut,West Bengal,India,2025-01-03,Active,13773.03
C004572,Vaishnavi Balay,Premium,Ramgarh,Rajasthan,India,2024-10-07,Active,6150.21
C004573,Abha Rout,Standard,Aurangabad,Andhra Pradesh,India,2023-12-14,Active,11987.8
C004574,Vrishti Wable,Standard,Rohtak,Goa,India,2023-12-25,Active,14006.72
C004575,Jason Chander,Standard,Kozhikode,Punjab,India,2023-10-09,Active,6556.81
C004576,Chatresh Taneja,Standard,Fatehpur,Punjab,India,2026-03-31,Active,5569.75
C004577,Ganga Gour,Standard,Bhilai,Goa,India,2026-01-05,Active,8306.8
C004578,Tejas Varty,Premium,Patiala,Gujarat,India,2024-11-10,Active,3963.49
C004579,Arya Acharya,Enterprise,Alwar,Chhattisgarh,India,2025-12-29,Active,7034.97
C004580,Aashi Sule,Standard,Dibrugarh,Sikkim,India,2024-02-15,Inactive,4851.28
C004581,Raagini Shroff,Standard,Adoni,Telangana,India,2025-09-20,Active,10472.2
C004582,Yoshita Radhakrishnan,Standard,Nagpur,Arunachal Pradesh,India,2026-05-15,Active,15526.17
C004583,Abhimanyu Narula,Standard,Kozhikode,Nagaland,India,2025-07-17,Inactive,8441.08
C004584,Laksh Date,Premium,Ambala,Goa,India,2025-09-18,Active,19652.93
C004585,Shivani Thaker,Premium,Yamunanagar,Tamil Nadu,India,2024-01-12,Active,16912.41
C004586,Mugdha Mital,Enterprise,Dhanbad,Uttar Pradesh,India,2023-08-21,Active,14854.04
C004587,Jackson Ratti,Standard,Chittoor,Tamil Nadu,India,2023-11-14,Active,19837.31
C004588,Wridesh Goel,Premium,Dehradun,Sikkim,India,2023-07-24,Inactive,7067.66
C004589,Urvashi Sura,Enterprise,Tirunelveli,Odisha,India,2025-10-06,Active,12863.5
C004590,Ojas Sem,Standard,Hapur,Madhya Pradesh,India,2025-04-20,Active,7422.3
C004591,Abha Om,Premium,Khammam,Tripura,India,2024-11-11,Active,15487.7
C004592,Pavani Memon,Standard,Hospet,Odisha,India,2023-10-31,Active,17328.11
C004593,Onveer Sarraf,Standard,Mira-Bhayandar,Maharashtra,India,2023-08-01,Active,15258.04
C004594,Tamanna Dutta,Standard,Delhi,Haryana,India,2023-09-30,Active,8903.11
C004595,Dipta Dey,Standard,Bathinda,Andhra Pradesh,India,2023-07-04,Active,11017.05
C004596,Devika Mitra,Standard,Deoghar,Himachal Pradesh,India,2025-01-11,Active,8541.52
C004597,Chanakya Lata,Premium,Bhopal,West Bengal,India,2025-08-01,Active,9123.25
C004598,Joshua Choudhary,Enterprise,Anand,Arunachal Pradesh,India,2024-06-24,Active,3064.96
C004599,Frado Andra,Standard,Guntur,Andhra Pradesh,India,2024-12-20,Active,10737.73
C004600,Ekta Chand,Premium,Nizamabad,Bihar,India,2026-02-19,Active,13041.82
C004601,Akshay Johal,Standard,Malegaon,Arunachal Pradesh,India,2024-07-19,Active,15887.06
C004602,Geetika Goyal,Standard,New Delhi,Manipur,India,2024-09-11,Active,21813.48
C004603,Aachal Borra,Standard,Mirzapur,Karnataka,India,2024-06-13,Active,10605.17
C004604,Qushi Yohannan,Standard,Karnal,Bihar,India,2025-02-23,Active,10851.47
C004605,Avni Baral,Standard,Muzaffarpur,Andhra Pradesh,India,2024-09-20,Inactive,12699.52
C004606,Jagat Viswanathan,Enterprise,Mirzapur,Tripura,India,2023-11-13,Active,9691.49
C004607,Ronith Dua,Standard,Sangli-Miraj & Kupwad,Bihar,India,2026-01-04,Active,6551.01
C004608,Pranav Choudhury,Standard,Varanasi,Uttar Pradesh,India,2024-08-12,Active,7774.18
C004609,Manya Aggarwal,Standard,Dehri,Uttarakhand,India,2026-06-21,Active,12260.41
C004610,David Doshi,Standard,Bhiwani,Tripura,India,2024-08-06,Active,10053.21
C004611,Jeevika Vala,Standard,Mathura,Arunachal Pradesh,India,2024-07-15,Active,21172.24
C004612,Suhani Tailor,Premium,Pune,Arunachal Pradesh,India,2024-09-05,Active,23725.82
C004613,Kritika Sur,Premium,Thane,Maharashtra,India,2025-12-03,Active,17929.52
C004614,Vyanjana Trivedi,Premium,Raiganj,Sikkim,India,2026-04-13,Active,6142.83
C004615,Indali Devan,Standard,Phusro,Uttar Pradesh,India,2024-01-26,Active,9145.23
C004616,Indali Ganesh,Enterprise,Adoni,Mizoram,India,2025-02-23,Active,27365.59
C004617,Darsh Atwal,Standard,Pallavaram,Tripura,India,2024-09-18,Active,7553.98
C004618,Nakul Grewal,Standard,Darbhanga,Nagaland,India,2025-12-26,Active,7775.9
C004619,Ekavir Bhargava,Standard,Tiruchirappalli,Odisha,India,2023-12-11,Active,12272.77
C004620,Baljiwan Baral,Standard,Miryalaguda,Karnataka,India,2024-02-07,Active,8982.88
C004621,Garima Sandhu,Standard,Yamunanagar,Mizoram,India,2024-07-15,Active,5648.16
C004622,Ijaya Choudhry,Standard,Mau,Andhra Pradesh,India,2024-09-19,Active,4638.39
C004623,Harita Dube,Standard,Vadodara,Karnataka,India,2023-12-22,Inactive,5489.78
C004624,Aadi Ramachandran,Standard,Nagercoil,Kerala,India,2024-01-19,Active,7048.0
C004625,Abha Mallick,Enterprise,Katihar,Andhra Pradesh,India,2023-12-31,Active,11799.06
C004626,Chandresh Rout,Premium,Karnal,Rajasthan,India,2023-10-10,Active,11140.47
C004627,Sneha Keer,Premium,Visakhapatnam,Jharkhand,India,2024-02-20,Active,3953.52
C004628,Varsha Lanka,Standard,Dharmavaram,Mizoram,India,2025-07-11,Active,6646.64
C004629,Harrison Narang,Premium,Panihati,Madhya Pradesh,India,2024-02-04,Active,10241.63
C004630,Warinder Borra,Enterprise,Barasat,Assam,India,2024-03-03,Active,9736.08
C004631,Jhalak Chada,Standard,Berhampore,Chhattisgarh,India,2024-05-24,Active,16153.88
C004632,Hemangini Gola,Premium,Jodhpur,Mizoram,India,2023-11-04,Active,18594.26
C004633,Odika Dave,Standard,Nanded,Rajasthan,India,2025-11-07,Active,7570.72
C004634,Aahana Rajagopal,Premium,Alappuzha,Nagaland,India,2024-08-23,Inactive,5299.84
C004635,Vritti Reddy,Standard,Suryapet,Maharashtra,India,2025-11-29,Active,12832.4
C004636,Anamika Nagar,Standard,Parbhani,Jharkhand,India,2025-06-13,Active,25935.98
C004637,Upma Kanda,Premium,Bellary,Jharkhand,India,2025-05-05,Active,6506.44
C004638,Xiti Sarna,Standard,Nashik,Tamil Nadu,India,2024-12-11,Active,10646.01
C004639,Adweta Dara,Enterprise,Ahmedabad,Bihar,India,2023-07-29,Active,7857.73
C004640,Jason Vyas,Premium,Ranchi,West Bengal,India,2026-03-07,Active,8212.1
C004641,Zarna Sarkar,Standard,Chandrapur,Tripura,India,2025-02-06,Active,10775.65
C004642,Adweta Sani,Premium,Nangloi Jat,Nagaland,India,2024-06-19,Active,11292.86
C004643,Sudiksha Choudhury,Premium,Asansol,Rajasthan,India,2024-08-28,Active,4724.44
C004644,Samuel Krishnan,Enterprise,Jamshedpur,Mizoram,India,2026-05-04,Active,6379.17
C004645,Gautam Krishnamurthy,Standard,Bhatpara,West Bengal,India,2024-04-13,Active,9854.81
C004646,Matthew Kulkarni,Standard,Bally,Andhra Pradesh,India,2025-05-16,Active,6369.1
C004647,Omkaar Vala,Standard,Davanagere,Kerala,India,2026-04-26,Active,13514.98
C004648,Mason Rau,Premium,Tumkur,Haryana,India,2025-04-24,Active,5592.12
C004649,Ria Kapur,Standard,Dhule,Nagaland,India,2023-06-27,Active,9938.46
C004650,Jeet Bawa,Standard,Navi Mumbai,Jharkhand,India,2023-11-02,Active,5672.49
C004651,Vincent Shah,Standard,Thanjavur,Mizoram,India,2025-07-02,Active,1180.08
C004652,Vrinda Anand,Enterprise,Mehsana,Meghalaya,India,2024-12-09,Active,3975.66
C004653,Kiaan Krishnan,Premium,Anantapur,Meghalaya,India,2024-08-22,Inactive,11399.92
C004654,Ranbir Gour,Standard,Shimoga,Manipur,India,2026-02-03,Active,10749.43
C004655,Jacob Sastry,Standard,Hazaribagh,Mizoram,India,2023-10-27,Active,5523.69
C004656,Zayyan Mall,Standard,Amravati,Andhra Pradesh,India,2024-09-07,Active,14426.26
C004657,Dhruv Parekh,Standard,Surendranagar Dudhrej,Nagaland,India,2025-01-30,Active,11840.1
C004658,Gabriel Mall,Premium,Maheshtala,Tamil Nadu,India,2024-01-27,Active,11029.68
C004659,Laban Amble,Enterprise,Mango,Jharkhand,India,2026-06-20,Active,7211.52
C004660,Tanveer Gill,Enterprise,Saharsa,Mizoram,India,2026-03-29,Active,14142.77
C004661,Farhan Shenoy,Premium,Mango,Tripura,India,2024-11-09,Inactive,18458.35
C004662,Vincent Bose,Standard,Pallavaram,Odisha,India,2026-04-05,Active,11405.9
C004663,Dayamai Deep,Premium,Tezpur,Uttar Pradesh,India,2023-09-12,Active,4366.12
C004664,Zayan Verma,Premium,Nellore,Madhya Pradesh,India,2024-09-08,Active,8163.88
C004665,Vasudha Sachdeva,Standard,South Dumdum,Kerala,India,2025-02-15,Active,5246.51
C004666,Lipika Ramesh,Premium,Buxar,Mizoram,India,2025-06-10,Active,13293.67
C004667,Jyoti Sastry,Standard,Bettiah,Maharashtra,India,2024-05-31,Active,3865.81
C004668,Ryan Sarraf,Standard,Bhavnagar,Gujarat,India,2026-01-19,Active,12065.81
C004669,Gopal Cherian,Standard,Agra,Manipur,India,2025-07-24,Active,7787.62
C004670,Lopa Ganesan,Premium,Sri Ganganagar,Haryana,India,2026-05-01,Active,8163.7
C004671,Inaya Wable,Premium,Hosur,Kerala,India,2025-03-03,Active,3760.24
C004672,Samuel Uppal,Premium,Jhansi,Sikkim,India,2025-10-28,Active,11465.53
C004673,Warhi Goyal,Standard,Belgaum,Maharashtra,India,2023-08-09,Active,5194.41
C004674,Aarna Iyer,Enterprise,Hyderabad,Tripura,India,2024-07-11,Active,6558.39
C004675,Chatresh Sanghvi,Standard,Bhiwandi,Maharashtra,India,2023-08-12,Active,6856.33
C004676,Saksham Datta,Standard,Srikakulam,Assam,India,2024-02-24,Active,7370.63
C004677,Saanvi Bhardwaj,Standard,Serampore,Madhya Pradesh,India,2023-07-19,Active,8525.59
C004678,George Gala,Standard,Vijayawada,Himachal Pradesh,India,2024-04-24,Active,13475.55
C004679,Mason Balakrishnan,Standard,Srinagar,Jharkhand,India,2025-01-16,Active,21814.35
C004680,Thomas Shanker,Standard,Coimbatore,Manipur,India,2023-10-17,Active,7768.77
C004681,Aarush Nadkarni,Standard,Durgapur,Jharkhand,India,2024-11-08,Active,9510.11
C004682,Baljiwan Sinha,Standard,Asansol,Gujarat,India,2024-05-16,Active,21863.17
C004683,Irya Bali,Premium,Katihar,Haryana,India,2024-12-26,Active,6324.68
C004684,Dhriti Bhandari,Standard,Vijayawada,Goa,India,2023-08-07,Active,51672.33
C004685,Rudra Korpal,Standard,Kanpur,Bihar,India,2025-10-22,Active,21040.15
C004686,Kamya Hayre,Premium,Nangloi Jat,Kerala,India,2024-07-31,Active,3752.69
C004687,Ethan Rajagopal,Standard,Bikaner,Arunachal Pradesh,India,2024-08-24,Active,5349.74
C004688,Anamika Luthra,Standard,Varanasi,Assam,India,2026-03-04,Active,10803.9
C004689,Anita Dash,Enterprise,Amroha,Haryana,India,2024-12-25,Active,21641.92
C004690,Abhiram Singhal,Standard,Phagwara,Punjab,India,2025-09-27,Active,9135.77
C004691,Jagrati Johal,Premium,Raiganj,Sikkim,India,2024-01-22,Active,10191.2
C004692,Bahadurjit Karnik,Standard,Sirsa,Himachal Pradesh,India,2025-10-14,Active,9600.48
C004693,Meghana Panchal,Standard,Jamnagar,Punjab,India,2026-03-21,Active,14556.21
C004694,Upadhriti Badal,Premium,Ghaziabad,Goa,India,2025-04-26,Active,4465.84
C004695,Parth Maharaj,Premium,Begusarai,Manipur,India,2024-01-04,Active,6132.46
C004696,Warinder Singh,Standard,Surendranagar Dudhrej,Jharkhand,India,2026-06-16,Active,6756.66
C004697,Idika Acharya,Standard,Bijapur,Tamil Nadu,India,2024-09-15,Active,15587.32
C004698,Aadi Goel,Premium,Guntakal,Assam,India,2024-04-09,Active,19721.28
C004699,Ishwar Chahal,Premium,Vellore,Manipur,India,2025-05-10,Active,12596.91
C004700,Elijah Mangal,Premium,Orai,Telangana,India,2025-11-21,Active,4281.76
C004701,Rudra Subramanian,Premium,Etawah,Kerala,India,2023-08-07,Active,12116.2
C004702,Falan Kalita,Standard,Nashik,Rajasthan,India,2024-11-03,Active,9866.51
C004703,Yashvi Ahuja,Standard,Bhimavaram,Sikkim,India,2025-08-05,Active,16108.13
C004704,Vedika Dayal,Premium,Gudivada,Mizoram,India,2024-11-23,Active,8468.63
C004705,Mugdha Sood,Standard,Nashik,Assam,India,2024-03-16,Active,5269.55
C004706,Parth Prashad,Standard,Ambala,West Bengal,India,2025-12-30,Active,6717.08
C004707,Vasana Nagarajan,Standard,Ambala,Gujarat,India,2023-09-09,Active,6635.46
C004708,Bhavini Upadhyay,Premium,Nagercoil,Nagaland,India,2023-10-06,Active,6399.8
C004709,Tejas Kala,Standard,Kochi,Odisha,India,2024-10-07,Active,16067.99
C004710,Hardik Ben,Premium,Darbhanga,Haryana,India,2024-03-22,Active,6995.72
C004711,Kiaan Loke,Premium,Bangalore,Tamil Nadu,India,2025-01-24,Active,4611.64
C004712,Damini Vora,Standard,Rajahmundry,Arunachal Pradesh,India,2026-05-14,Active,8969.35
C004713,Lajita Sidhu,Standard,Ghaziabad,Rajasthan,India,2023-11-13,Active,6106.58
C004714,Girish Kuruvilla,Standard,Kavali,West Bengal,India,2026-05-06,Active,4477.66
C004715,Reva Buch,Standard,Kadapa,Jharkhand,India,2024-06-23,Inactive,12053.27
C004716,Alexander Tak,Standard,Bidar,Uttar Pradesh,India,2024-04-26,Active,7406.57
C004717,Jacob Ravi,Premium,Siliguri,Bihar,India,2025-07-30,Active,10465.78
C004718,Jeet Patla,Standard,Dibrugarh,Assam,India,2024-06-18,Active,9256.94
C004719,Qasim Murthy,Standard,Bhusawal,Maharashtra,India,2024-05-18,Active,6945.38
C004720,Anmol Rege,Standard,Karimnagar,Odisha,India,2025-02-10,Inactive,13767.45
C004721,Anusha Patel,Standard,Patiala,Meghalaya,India,2026-03-31,Active,3509.36
C004722,Radhika Kalla,Standard,Ahmedabad,Andhra Pradesh,India,2024-08-23,Active,9913.81
C004723,Kai Issac,Standard,Tinsukia,Punjab,India,2026-03-07,Active,22990.23
C004724,Samesh Pathak,Enterprise,Salem,West Bengal,India,2024-07-27,Active,4945.47
C004725,Anjali Wali,Standard,Jammu,Tamil Nadu,India,2024-06-28,Active,13483.13
C004726,Rohan Nayar,Premium,Berhampur,Karnataka,India,2026-05-23,Active,9364.74
C004727,Akshay Dar,Standard,Shahjahanpur,Karnataka,India,2023-12-27,Active,16246.79
C004728,Triya Menon,Enterprise,Korba,Sikkim,India,2025-09-03,Active,7563.59
C004729,Dipta Bala,Standard,Bikaner,Sikkim,India,2025-08-21,Active,10544.6
C004730,Jai Chada,Premium,Rajahmundry,Mizoram,India,2023-12-17,Active,8318.58
C004731,Quincy Khalsa,Enterprise,Bharatpur,Mizoram,India,2026-04-02,Active,16127.45
C004732,Yashica Ahluwalia,Standard,Udupi,Jharkhand,India,2025-08-11,Active,7878.45
C004733,Daksha Mand,Standard,Mumbai,Tripura,India,2024-07-15,Active,10907.86
C004734,Isaiah Sachdev,Premium,Haldia,Sikkim,India,2023-10-18,Active,20918.35
C004735,Harrison Bora,Standard,Bhopal,Andhra Pradesh,India,2023-12-01,Active,18503.04
C004736,Fitan Wason,Premium,Sirsa,Manipur,India,2025-03-05,Active,13333.81
C004737,Barkha Bandi,Standard,Chittoor,Chhattisgarh,India,2026-02-25,Active,12963.64
C004738,Jasmit Sami,Enterprise,Durgapur,Punjab,India,2026-05-13,Active,14798.64
C004739,Isha Kalla,Standard,Kurnool,Odisha,India,2024-01-28,Active,5790.01
C004740,Pavani Reddy,Standard,Bhilai,Uttar Pradesh,India,2024-08-27,Active,5246.96
C004741,Ishwar Badami,Premium,Gulbarga,Nagaland,India,2024-01-18,Active,6310.54
C004742,Nihal Lata,Standard,Eluru,Uttarakhand,India,2025-04-21,Active,16587.44
C004743,Arya Sachar,Standard,Firozabad,Himachal Pradesh,India,2025-12-10,Inactive,6196.97
C004744,Triveni Lalla,Standard,Avadi,Himachal Pradesh,India,2026-06-07,Active,8722.87
C004745,Naksh Narang,Enterprise,Ozhukarai,Bihar,India,2025-03-29,Active,5469.23
C004746,Panini Mahajan,Standard,Jalandhar,Chhattisgarh,India,2025-03-01,Inactive,4198.18
C004747,Chakrika Pai,Standard,Aligarh,Tripura,India,2024-04-24,Active,7053.8
C004748,Aditya Kant,Standard,Jammu,Arunachal Pradesh,India,2023-12-30,Inactive,11104.0
C004749,Shravya Chand,Standard,Chennai,Meghalaya,India,2024-01-31,Active,6845.72
C004750,Hredhaan Dutta,Premium,Bardhaman,Haryana,India,2026-06-02,Active,7808.59
C004751,Garima Mani,Standard,Singrauli,Arunachal Pradesh,India,2024-10-15,Active,17744.79
C004752,Upkaar Choudhary,Standard,Thoothukudi,Arunachal Pradesh,India,2025-08-01,Active,3040.03
C004753,Widisha Minhas,Standard,Mathura,Himachal Pradesh,India,2025-09-11,Active,12259.04
C004754,Brijesh Ravel,Enterprise,Thoothukudi,Manipur,India,2024-04-14,Active,12757.16
C004755,Matthew Balan,Standard,Bhilwara,Sikkim,India,2023-09-20,Active,7295.65
C004756,Gaurangi Cheema,Standard,Akola,Odisha,India,2023-09-08,Active,5786.81
C004757,Tanish Buch,Standard,Aligarh,Gujarat,India,2026-01-13,Active,16770.03
C004758,Caleb Edwin,Enterprise,Ujjain,Meghalaya,India,2026-06-04,Active,6313.67
C004759,Zayyan Nadig,Standard,Ozhukarai,Telangana,India,2025-05-25,Active,19711.23
C004760,Nilima Sibal,Standard,Loni,Uttarakhand,India,2023-10-11,Active,7706.82
C004761,Ronith Bajaj,Standard,Vijayanagaram,Arunachal Pradesh,India,2025-12-22,Active,12984.17
C004762,Pahal Zachariah,Enterprise,Bellary,Manipur,India,2024-10-02,Active,6620.71
C004763,Januja Hayre,Premium,Siliguri,Uttarakhand,India,2023-08-19,Active,9259.17
C004764,Victor Dar,Standard,Nagercoil,Mizoram,India,2023-09-27,Active,18642.75
C004765,Lakshit Oommen,Standard,Giridih,Uttarakhand,India,2025-05-10,Active,18615.29
C004766,Maya Ranganathan,Premium,Suryapet,Himachal Pradesh,India,2025-11-23,Active,14502.57
C004767,Zilmil Pandit,Standard,Kalyan-Dombivli,West Bengal,India,2026-04-25,Active,4503.38
C004768,Banjeet Sabharwal,Standard,Kumbakonam,Bihar,India,2025-12-08,Inactive,17147.83
C004769,Manthan Kannan,Standard,Solapur,Odisha,India,2025-06-12,Active,15788.64
C004770,Gautam Sur,Standard,Rewa,Manipur,India,2024-11-08,Active,4896.09
C004771,Omisha Modi,Premium,Bihar Sharif,Assam,India,2023-11-01,Inactive,9500.1
C004772,Vedika Kalla,Standard,Rohtak,Andhra Pradesh,India,2024-10-30,Active,4776.8
C004773,Qasim Kumer,Premium,Fatehpur,Punjab,India,2025-05-18,Active,8914.18
C004774,Farhan Gaba,Standard,Gandhidham,Goa,India,2025-03-20,Active,20526.63
C004775,Rudra Ratta,Standard,Ambala,Jharkhand,India,2025-04-09,Active,17869.97
C004776,Finn Bedi,Enterprise,Chandrapur,Andhra Pradesh,India,2024-06-25,Active,7014.6
C004777,Jeremiah Amble,Standard,Fatehpur,Mizoram,India,2024-08-05,Active,14237.22
C004778,Michael Bhargava,Enterprise,Madurai,Manipur,India,2026-03-02,Active,9912.97
C004779,Ekavir Palla,Enterprise,Saharsa,Uttar Pradesh,India,2025-02-24,Active,6259.02
C004780,Jasmit Parikh,Standard,Siwan,Goa,India,2023-11-17,Active,7060.75
C004781,Liam Purohit,Standard,Gulbarga,Assam,India,2025-01-30,Active,1255.13
C004782,Anya Gour,Standard,Bhubaneswar,Maharashtra,India,2025-01-13,Active,6354.58
C004783,Utkarsh Loyal,Standard,Bhalswa Jahangir Pur,Rajasthan,India,2023-09-11,Inactive,5918.7
C004784,Inaya Dua,Standard,Bidhannagar,Nagaland,India,2024-09-26,Active,12230.06
C004785,Krishna Sastry,Standard,Delhi,Gujarat,India,2025-01-27,Active,7959.14
C004786,Yashodhara Sodhi,Premium,Udupi,Kerala,India,2025-11-06,Active,8291.42
C004787,Chandani Chaudhry,Enterprise,Raipur,Telangana,India,2023-08-27,Inactive,9957.64
C004788,Barkha Padmanabhan,Premium,Shimla,Haryana,India,2023-08-19,Active,4081.93
C004789,Ijaya Wagle,Standard,Khora ,Jharkhand,India,2024-03-17,Active,7508.25
C004790,Sarthak Shan,Premium,Patiala,Haryana,India,2025-10-30,Active,6761.96
C004791,Nihal Tiwari,Premium,Rohtak,Tripura,India,2025-05-04,Active,10046.67
C004792,Gaurangi Lalla,Standard,Bijapur,Chhattisgarh,India,2024-12-11,Active,5833.02
C004793,Urvashi Deo,Standard,Kollam,Odisha,India,2024-12-15,Active,29672.82
C004794,Baghyawati Misra,Standard,Mahbubnagar,Rajasthan,India,2025-06-25,Active,17857.98
C004795,Kamya Gokhale,Standard,Pallavaram,Punjab,India,2025-09-05,Active,10163.19
C004796,Vedhika Shenoy,Standard,Kollam,Andhra Pradesh,India,2025-11-28,Active,5833.45
C004797,Samuel Wadhwa,Standard,Mangalore,Tamil Nadu,India,2025-05-05,Inactive,11795.2
C004798,Farhan Amble,Standard,Etawah,Andhra Pradesh,India,2023-10-03,Active,20931.39
C004799,Forum Bava,Premium,Bhopal,Mizoram,India,2024-01-08,Active,9064.78
C004800,Ira Chada,Standard,Amritsar,Uttarakhand,India,2026-03-15,Active,4514.05
C004801,Megha Khare,Standard,Gulbarga,Chhattisgarh,India,2023-10-31,Active,3724.48
C004802,Zehaan Nazareth,Standard,Bhopal,Rajasthan,India,2024-04-16,Active,8519.2
C004803,Akshay Joshi,Enterprise,Ratlam,Punjab,India,2025-06-18,Active,1550.76
C004804,Jeevika Bhargava,Enterprise,Parbhani,Punjab,India,2025-07-02,Active,18876.85
C004805,Unni Shukla,Premium,Proddatur,Punjab,India,2026-01-20,Active,5738.96
C004806,Logan Chaudhary,Standard,Raipur,Mizoram,India,2025-10-31,Active,10402.17
C004807,Oscar Varughese,Premium,Mirzapur,Telangana,India,2026-06-09,Active,13316.23
C004808,Girindra Uppal,Standard,Sultan Pur Majra,Manipur,India,2025-07-10,Active,15014.4
C004809,Nidra Vasa,Standard,Raichur,Madhya Pradesh,India,2025-04-15,Active,9148.73
C004810,Qabil Kannan,Enterprise,Patiala,Bihar,India,2025-08-26,Inactive,12152.94
C004811,Fariq Contractor,Standard,Berhampore,Maharashtra,India,2025-10-12,Active,14618.03
C004812,Luke Kara,Enterprise,Raiganj,Madhya Pradesh,India,2025-06-17,Active,4533.95
C004813,Zayyan Goswami,Premium,Gangtok,Himachal Pradesh,India,2024-11-29,Active,4141.12
C004814,Farhan Joshi,Premium,Katni,Mizoram,India,2025-02-12,Active,18542.86
C004815,Jatin Vala,Premium,Anantapur,Telangana,India,2023-11-13,Active,16630.72
C004816,Saanvi Thaker,Premium,Bihar Sharif,Tamil Nadu,India,2025-01-19,Active,6272.1
C004817,Adweta Shanker,Standard,Bidhannagar,Mizoram,India,2024-08-18,Active,6908.7
C004818,Ekaraj Sheth,Enterprise,Phagwara,Jharkhand,India,2025-08-04,Active,8656.61
C004819,Udyati Chhabra,Standard,Dehradun,Andhra Pradesh,India,2024-12-13,Active,15045.92
C004820,Suhani Varkey,Standard,Bijapur,Gujarat,India,2026-05-31,Active,8371.42
C004821,Chatura Bail,Premium,Mehsana,Madhya Pradesh,India,2026-05-13,Active,10008.38
C004822,Jairaj Palan,Standard,Khora ,Punjab,India,2025-04-12,Active,29414.52
C004823,Balhaar Dhingra,Standard,Jamalpur,Punjab,India,2025-09-18,Active,4066.37
C004824,Ekbal Kumar,Standard,Hyderabad,Manipur,India,2024-12-25,Active,11215.47
C004825,Chameli Kapur,Enterprise,Jamnagar,Punjab,India,2024-10-07,Active,8468.04
C004826,Ekbal Rattan,Standard,Sultan Pur Majra,Nagaland,India,2024-04-09,Active,9349.61
C004827,Radha Kaur,Standard,Mysore,Mizoram,India,2024-06-29,Active,9873.7
C004828,Omya Mody,Standard,Nellore,Maharashtra,India,2025-07-22,Inactive,7886.78
C004829,Bhavna Sandhu,Enterprise,Suryapet,Goa,India,2025-05-04,Active,18377.64
C004830,Saksham Choudhry,Standard,Berhampur,Manipur,India,2024-12-29,Active,10426.04
C004831,Jonathan Walia,Standard,Bhimavaram,Karnataka,India,2023-08-11,Active,7313.1
C004832,Amara Tata,Standard,Nellore,Karnataka,India,2026-05-29,Active,5823.11
C004833,Amrita Venkataraman,Standard,Proddatur,Chhattisgarh,India,2025-06-19,Inactive,13299.82
C004834,Odika Wadhwa,Standard,Dewas,Tamil Nadu,India,2024-09-03,Active,11311.76
C004835,Akshay Divan,Premium,Barasat,West Bengal,India,2026-01-14,Active,2451.36
C004836,Eta Pant,Enterprise,Nangloi Jat,Nagaland,India,2024-05-17,Active,5301.39
C004837,Daksha Mahal,Standard,Thanjavur,Rajasthan,India,2024-12-15,Active,6680.17
C004838,Nikita Saraf,Standard,Jehanabad,Nagaland,India,2026-01-08,Active,4385.41
C004839,Shivansh Bali,Enterprise,Ambala,Nagaland,India,2025-09-21,Active,9270.48
C004840,Raksha Nazareth,Standard,Unnao,Punjab,India,2023-12-15,Active,19429.55
C004841,Vedant Jani,Premium,Amaravati,Goa,India,2025-12-28,Inactive,8256.42
C004842,Warhi Pall,Standard,Indore,Odisha,India,2025-02-17,Active,5511.8
C004843,Sai Chopra,Enterprise,Kalyan-Dombivli,Maharashtra,India,2025-01-08,Active,10526.32
C004844,Rachita Golla,Standard,Jhansi,Haryana,India,2026-06-24,Inactive,11875.35
C004845,Ekalinga Solanki,Premium,Sri Ganganagar,Andhra Pradesh,India,2025-03-01,Active,6307.67
C004846,Rachit Karnik,Premium,Parbhani,Haryana,India,2026-05-09,Active,3584.9
C004847,Kiaan Nath,Standard,Singrauli,Maharashtra,India,2024-03-14,Inactive,14621.6
C004848,Andrew Dugar,Standard,Chinsurah,Punjab,India,2024-01-23,Active,14759.9
C004849,Sathvik Mammen,Standard,Kozhikode,Uttar Pradesh,India,2026-05-10,Active,9475.59
C004850,Bimala Thaman,Enterprise,Vellore,Haryana,India,2025-12-28,Active,17295.45
C004851,Charita Prabhu,Standard,Avadi,Telangana,India,2023-08-09,Active,8718.67
C004852,Vidhi Dara,Premium,Ambattur,Himachal Pradesh,India,2024-07-01,Active,2732.32
C004853,Diya Mane,Premium,Phusro,Odisha,India,2025-11-22,Inactive,8234.28
C004854,Vedhika Desai,Enterprise,Kadapa,Gujarat,India,2024-12-03,Active,3677.98
C004855,Jack Bhardwaj,Standard,Sri Ganganagar,Rajasthan,India,2025-11-13,Active,14239.5
C004856,Faqid Gara,Enterprise,Tirupati,Meghalaya,India,2024-01-08,Active,7251.26
C004857,Patrick Sinha,Standard,Bongaigaon,Arunachal Pradesh,India,2026-03-24,Active,4153.76
C004858,Harrison Ganguly,Premium,Parbhani,Meghalaya,India,2025-09-28,Active,6719.42
C004859,Warda Sur,Premium,Jamalpur,Arunachal Pradesh,India,2024-10-11,Active,12520.31
C004860,Faras Barman,Premium,Bathinda,Uttarakhand,India,2026-02-02,Inactive,8224.88
C004861,Eiravati Banik,Standard,Ghaziabad,Assam,India,2025-05-10,Active,13038.72
C004862,Ojasvi Patla,Standard,Adoni,Maharashtra,India,2024-08-12,Active,11968.35
C004863,Waida Mistry,Premium,Mysore,Madhya Pradesh,India,2024-08-01,Active,8776.95
C004864,Daksha Chatterjee,Enterprise,Erode,Maharashtra,India,2025-06-11,Active,13320.12
C004865,Samaksh Chawla,Standard,Fatehpur,West Bengal,India,2025-11-23,Active,21782.76
C004866,Saanvi Gopal,Enterprise,Bhimavaram,Meghalaya,India,2025-07-26,Active,14940.37
C004867,Ekantika Reddy,Standard,Thrissur,Nagaland,India,2026-03-28,Active,3784.59
C004868,Damyanti Doshi,Enterprise,Mirzapur,Gujarat,India,2026-06-24,Active,8064.17
C004869,Gaurang Wable,Standard,Kottayam,Madhya Pradesh,India,2026-02-20,Active,14384.89
C004870,Jeevika Sur,Premium,Patna,Punjab,India,2025-08-22,Active,9264.05
C004871,Anika Bhat,Premium,Saharsa,Odisha,India,2024-04-09,Active,3614.19
C004872,Atharv Kibe,Enterprise,Jalandhar,Maharashtra,India,2023-08-24,Inactive,12497.3
C004873,Isaac Chopra,Premium,Bikaner,Sikkim,India,2023-11-28,Active,15947.53
C004874,Eesha Sunder,Standard,Ballia,Tripura,India,2025-02-08,Active,26369.55
C004875,Ekapad Khosla,Standard,Jorhat,Punjab,India,2023-12-12,Active,8793.09
C004876,Agastya Khanna,Enterprise,Ghaziabad,Tamil Nadu,India,2025-08-29,Active,6009.8
C004877,Ethan Raman,Enterprise,Tinsukia,Tripura,India,2024-08-26,Active,4792.04
C004878,Jai Pathak,Premium,Vadodara,Uttarakhand,India,2025-07-09,Active,16089.96
C004879,Saanvi Karpe,Standard,Suryapet,Uttar Pradesh,India,2025-10-17,Active,20908.78
C004880,Zehaan Gara,Standard,Nellore,Haryana,India,2023-08-28,Active,10208.78
C004881,Neha Arora,Standard,Bhubaneswar,Arunachal Pradesh,India,2023-10-06,Active,6460.18
C004882,Xalak Bains,Standard,Mumbai,Kerala,India,2026-03-16,Active,6223.51
C004883,Nachiket Biswas,Enterprise,Amroha,Uttarakhand,India,2023-08-21,Active,5359.8
C004884,Radha Saxena,Standard,Shimoga,Mizoram,India,2024-08-19,Inactive,10733.02
C004885,Tristan Sinha,Standard,Uluberia,Uttarakhand,India,2023-10-26,Active,9835.39
C004886,Reyansh Pandit,Enterprise,Chinsurah,Maharashtra,India,2024-06-04,Active,8173.36
C004887,Hitesh Raju,Standard,Kishanganj,Bihar,India,2026-05-20,Active,12134.47
C004888,Yatin Atwal,Enterprise,Mangalore,Kerala,India,2025-01-04,Active,10957.16
C004889,Faraj Mahajan,Standard,Patna,Nagaland,India,2024-03-03,Active,8181.34
C004890,Nathan Kannan,Standard,Silchar,Sikkim,India,2026-02-03,Active,11189.6
C004891,Oeshi Aurora,Premium,Khora ,Sikkim,India,2024-08-14,Active,6871.51
C004892,Eta Prabhakar,Standard,Bahraich,Manipur,India,2025-02-23,Active,4611.4
C004893,Pallavi Rattan,Standard,Miryalaguda,Odisha,India,2025-12-13,Active,8464.53
C004894,Qabil Chopra,Standard,Dehradun,Tamil Nadu,India,2026-01-17,Active,10290.86
C004895,Chaaya Lad,Premium,Gwalior,Uttarakhand,India,2025-07-11,Active,4099.48
C004896,Azaan Thaman,Standard,Agra,Himachal Pradesh,India,2023-07-09,Active,6503.13
C004897,Reva Thaman,Standard,Katni,Uttarakhand,India,2024-09-24,Active,5353.01
C004898,Lucky Tank,Standard,Barasat,Gujarat,India,2023-07-23,Active,3632.54
C004899,Balhaar Tata,Standard,Aurangabad,Uttar Pradesh,India,2026-02-22,Active,9819.04
C004900,Upadhriti Mallick,Standard,Bikaner,Mizoram,India,2024-08-04,Active,13903.72
C004901,Nicholas Bala,Premium,Katni,Haryana,India,2024-04-17,Active,7075.79
C004902,Harsh Varma,Standard,Orai,Kerala,India,2024-10-17,Active,5942.99
C004903,Quincy Gaba,Standard,Srikakulam,Maharashtra,India,2024-10-05,Inactive,11034.53
C004904,Jackson Kumer,Standard,Amravati,Uttarakhand,India,2026-01-25,Inactive,11891.97
C004905,Aadi Sani,Standard,Jabalpur,Tamil Nadu,India,2025-02-13,Active,3903.67
C004906,Lakshit Menon,Standard,Ichalkaranji,Chhattisgarh,India,2024-03-22,Inactive,26646.73
C004907,Sanya Varghese,Standard,Anantapur,Bihar,India,2026-05-27,Active,4492.14
C004908,Nihal Nagi,Standard,Sagar,Haryana,India,2025-10-16,Active,1586.68
C004909,Simon Chanda,Standard,Ajmer,Tamil Nadu,India,2025-10-19,Active,14516.99
C004910,Girik Munshi,Standard,Munger,Punjab,India,2026-03-16,Active,3518.38
C004911,Aarav Swaminathan,Premium,Bellary,Rajasthan,India,2024-04-15,Active,13233.91
C004912,Aarini Borra,Standard,Tiruchirappalli,Jharkhand,India,2024-12-24,Active,4452.87
C004913,Andrew Buch,Standard,Satna,Uttarakhand,India,2023-10-27,Inactive,6835.7
C004914,Raagini Lanka,Enterprise,Berhampur,Nagaland,India,2026-06-09,Active,8183.03
C004915,Isha Korpal,Standard,Siliguri,Uttar Pradesh,India,2023-07-29,Active,8496.62
C004916,Dev Aggarwal,Premium,Aurangabad,Assam,India,2023-08-04,Active,3923.76
C004917,Nilima Nanda,Standard,Thiruvananthapuram,Kerala,India,2025-12-05,Active,7474.13
C004918,Amruta Vasa,Standard,Vadodara,West Bengal,India,2026-04-02,Active,9953.31
C004919,Zehaan Saini,Standard,Bhiwandi,Odisha,India,2025-04-02,Active,9796.82
C004920,Vansha Dutta,Premium,Thiruvananthapuram,Chhattisgarh,India,2024-08-15,Active,4433.51
C004921,Chakradev Kari,Premium,Amravati,Andhra Pradesh,India,2023-12-12,Active,17127.24
C004922,Mitesh Ganesh,Standard,Jaunpur,Chhattisgarh,India,2025-01-04,Active,7636.29
C004923,Adweta Sane,Standard,Gorakhpur,Rajasthan,India,2025-04-22,Active,10625.2
C004924,Aradhana Mukherjee,Standard,Bilaspur,Tripura,India,2025-06-29,Active,10563.35
C004925,Tamanna Chauhan,Enterprise,Shimoga,Himachal Pradesh,India,2024-12-25,Active,22315.88
C004926,Warda Divan,Premium,Hyderabad,Mizoram,India,2026-01-23,Inactive,5844.15
C004927,Dipta Chahal,Premium,Nagaon,Haryana,India,2023-10-01,Active,10298.48
C004928,Finn Oza,Standard,Chandrapur,Tripura,India,2026-06-07,Active,4874.92
C004929,Gautam Purohit,Enterprise,Dindigul,Karnataka,India,2025-10-08,Active,11308.69
C004930,Caleb Hari,Standard,Surendranagar Dudhrej,Meghalaya,India,2024-04-03,Active,10144.33
C004931,Mekhala Thaker,Standard,Mirzapur,Manipur,India,2025-07-11,Active,6551.6
C004932,Rohan Parsa,Standard,Kulti,Andhra Pradesh,India,2026-01-18,Active,11253.82
C004933,Hardik Ratti,Enterprise,Hosur,Maharashtra,India,2025-11-22,Active,9686.23
C004934,Maanas Jaggi,Premium,Ghaziabad,Uttar Pradesh,India,2025-02-16,Inactive,12554.68
C004935,Anita Venkataraman,Premium,Gudivada,Mizoram,India,2024-10-04,Active,3231.28
C004936,Yauvani Thaker,Standard,Nanded,Kerala,India,2023-07-20,Active,5958.6
C004937,Vasudha Panchal,Standard,Durgapur,Haryana,India,2025-01-16,Active,7774.88
C004938,Sudiksha Sathe,Enterprise,Chandigarh,Nagaland,India,2024-07-30,Active,9191.31
C004939,Yochana Korpal,Standard,Bidhannagar,Andhra Pradesh,India,2026-02-22,Active,6901.34
C004940,Anya Sridhar,Standard,South Dumdum,Madhya Pradesh,India,2023-07-01,Active,11871.04
C004941,Baghyawati Viswanathan,Premium,Hapur,Uttar Pradesh,India,2024-08-01,Active,10392.38
C004942,Shaurya Sachar,Premium,Raebareli,Bihar,India,2025-10-12,Active,15203.85
C004943,Robert Dua,Premium,Karawal Nagar,Tripura,India,2025-08-14,Active,19032.05
C004944,Qarin Balan,Standard,Kolhapur,Tripura,India,2024-02-16,Active,3067.71
C004945,Maanas Sami,Standard,Sonipat,Gujarat,India,2024-05-13,Inactive,15175.4
C004946,Adya Gola,Standard,Ballia,Uttarakhand,India,2025-05-23,Active,5742.73
C004947,Anamika Gera,Standard,Chandigarh,Manipur,India,2024-01-25,Active,10684.25
C004948,Wahab Pathak,Premium,Pudukkottai,Nagaland,India,2025-09-29,Active,5859.26
C004949,Pushti Mitter,Standard,Karnal,Himachal Pradesh,India,2026-01-20,Active,5718.99
C004950,Bakhshi Ahluwalia,Standard,Medininagar,Manipur,India,2026-05-30,Active,3417.24
C004951,Amruta Grover,Standard,Orai,Mizoram,India,2024-04-22,Inactive,7313.05
C004952,Lajita Kar,Premium,Amaravati,Sikkim,India,2024-04-28,Active,7424.55
C004953,Frado Pillai,Premium,Pudukkottai,Jharkhand,India,2024-10-23,Active,4100.8
C004954,Anmol Grover,Enterprise,Junagadh,Karnataka,India,2024-04-25,Active,5710.23
C004955,Shaurya Desai,Enterprise,Serampore,Himachal Pradesh,India,2024-02-22,Active,18976.89
C004956,Jagdish Shan,Standard,Ballia,Kerala,India,2024-12-31,Inactive,5711.87
C004957,Faras Deshmukh,Standard,Phusro,Goa,India,2024-11-13,Active,16130.01
C004958,Nidhi Bhasin,Premium,Nangloi Jat,Tripura,India,2025-05-26,Active,20449.25
C004959,Reyansh Dhingra,Premium,Aizawl,Arunachal Pradesh,India,2023-07-02,Active,14550.61
C004960,Rajeshri Apte,Standard,Fatehpur,Meghalaya,India,2025-07-09,Active,5128.55
C004961,Ranveer Ratta,Standard,Amaravati,Uttarakhand,India,2025-10-10,Active,8035.51
C004962,Bhavini Prasad,Standard,Gulbarga,West Bengal,India,2025-11-06,Active,7336.83
C004963,Shaurya Sem,Standard,Naihati,Rajasthan,India,2024-05-31,Active,5545.92
C004964,Adweta Golla,Standard,Kota,Uttar Pradesh,India,2024-01-20,Active,3068.78
C004965,Chatresh Madan,Standard,Sirsa,Kerala,India,2024-11-21,Active,9438.27
C004966,Banjeet De,Premium,Kulti,West Bengal,India,2025-12-21,Inactive,8813.32
C004967,Saumya Agrawal,Standard,Meerut,Andhra Pradesh,India,2025-01-30,Active,17627.99
C004968,Faqid Sidhu,Premium,Jalandhar,West Bengal,India,2026-03-10,Active,12471.43
C004969,Lipika Badami,Premium,Jehanabad,Uttar Pradesh,India,2026-04-10,Active,10784.28
C004970,Brinda Arya,Standard,Kochi,Uttar Pradesh,India,2026-04-18,Inactive,8709.34
C004971,Harita Gandhi,Standard,Saharsa,Himachal Pradesh,India,2026-04-21,Active,3942.3
C004972,Aradhana Apte,Standard,Bidar,Maharashtra,India,2024-08-29,Active,6975.54
C004973,Laksh Bhavsar,Standard,Silchar,Himachal Pradesh,India,2024-07-17,Active,9402.5
C004974,Harrison Murty,Standard,Mira-Bhayandar,Himachal Pradesh,India,2025-08-21,Active,6331.37
C004975,Kiaan Narula,Standard,Kumbakonam,Chhattisgarh,India,2024-11-24,Active,10185.59
C004976,Damini Cheema,Standard,Sri Ganganagar,Manipur,India,2025-03-16,Inactive,16258.44
C004977,Agastya Uppal,Standard,Faridabad,Andhra Pradesh,India,2026-02-13,Active,6570.75
C004978,Pavani Pandit,Enterprise,Katihar,Odisha,India,2024-07-28,Active,18605.55
C004979,Upasna Dua,Standard,Gorakhpur,Andhra Pradesh,India,2025-04-01,Active,2519.14
C004980,Lipika Chauhan,Standard,Bidar,Uttarakhand,India,2024-11-05,Active,6781.48
C004981,Vrinda Das,Standard,Baranagar,Chhattisgarh,India,2025-09-03,Active,22764.81
C004982,Pavani Lad,Standard,Ozhukarai,West Bengal,India,2026-05-29,Active,13688.89
C004983,Xalak Seth,Premium,Anantapur,Arunachal Pradesh,India,2025-11-24,Active,9793.67
C004984,Laban Contractor,Standard,Bettiah,Uttarakhand,India,2024-06-28,Active,5785.94
C004985,Bina Setty,Standard,Jamalpur,Uttar Pradesh,India,2023-11-21,Active,10854.99
C004986,Eta Kannan,Premium,Jodhpur,Himachal Pradesh,India,2023-10-01,Active,10820.52
C004987,Laban Parmar,Standard,Mehsana,Assam,India,2026-04-06,Active,20220.77
C004988,Mahika Brar,Standard,Mira-Bhayandar,West Bengal,India,2026-05-16,Active,10334.11
C004989,Ria Sankar,Enterprise,Amravati,Rajasthan,India,2024-07-15,Active,8276.56
C004990,Charan Balasubramanian,Standard,Purnia,Chhattisgarh,India,2024-12-13,Active,12028.78
C004991,Hema Kakar,Premium,Etawah,Jharkhand,India,2025-10-10,Active,9742.46
C004992,Bimala Luthra,Premium,Bhubaneswar,Punjab,India,2026-01-08,Active,5035.09
C004993,Jalsa Rana,Premium,Asansol,Nagaland,India,2026-05-09,Active,5249.99
C004994,Amrita Merchant,Standard,Nangloi Jat,Manipur,India,2024-06-28,Inactive,6295.26
C004995,Ranveer Rege,Standard,Akola,Haryana,India,2025-04-21,Active,4604.39
C004996,Jasmit Agrawal,Standard,Gangtok,Nagaland,India,2024-01-02,Active,5551.35
C004997,Isaac Bose,Standard,Moradabad,Bihar,India,2024-06-10,Active,10019.48
C004998,Viraj Vyas,Standard,Tezpur,Haryana,India,2024-08-10,Active,21564.73
C004999,Samaksh Kothari,Enterprise,Kadapa,Meghalaya,India,2025-09-17,Active,10972.3
C005000,Hemani Bose,Standard,Siwan,Assam,India,2023-08-20,Active,12293.2
C005001,Chakradhar Lall,Premium,Warangal,Rajasthan,India,2024-11-08,Active,16273.73
C005002,Yahvi Minhas,Standard,Motihari,Haryana,India,2023-11-05,Active,13545.18
C005003,Nisha Gupta,Standard,Nangloi Jat,Goa,India,2023-08-28,Active,9135.09
C005004,Michael Murthy,Standard,Kakinada,Haryana,India,2026-01-27,Active,9053.0
C005005,Yauvani Chada,Standard,Kottayam,Madhya Pradesh,India,2026-01-28,Inactive,11153.85
C005006,Jagrati Majumdar,Standard,South Dumdum,Mizoram,India,2024-05-23,Active,32110.7
C005007,Wazir Guha,Standard,Jorhat,Himachal Pradesh,India,2026-03-08,Active,10392.95
C005008,Vrishti Balakrishnan,Enterprise,Kadapa,Karnataka,India,2023-08-19,Active,7114.67
C005009,Manthan Kothari,Standard,Purnia,Kerala,India,2024-12-14,Active,15602.15
C005010,Siddharth Handa,Enterprise,Kishanganj,Arunachal Pradesh,India,2025-01-08,Active,12804.68
C005011,Chaman Biswas,Standard,Noida,Madhya Pradesh,India,2024-01-08,Inactive,5944.5
C005012,Rushil Kala,Premium,Tiruppur,Arunachal Pradesh,India,2024-01-02,Active,7418.67
C005013,Ekansh Sankar,Enterprise,Bhiwani,West Bengal,India,2025-12-21,Active,4658.42
C005014,Darpan Basak,Standard,Gandhinagar,Meghalaya,India,2024-12-01,Active,17870.82
C005015,Arunima Sawhney,Standard,Ozhukarai,Tamil Nadu,India,2024-01-02,Active,7433.07
C005016,Leela Madan,Enterprise,Gulbarga,Manipur,India,2025-08-14,Active,7696.8
C005017,Zehaan Mitra,Premium,Pondicherry,Tamil Nadu,India,2023-07-13,Active,5911.48
C005018,Dalaja Bhavsar,Enterprise,Kadapa,Mizoram,India,2023-07-02,Active,9869.48
C005019,Anjali Dutt,Standard,Raebareli,Odisha,India,2025-02-22,Active,6771.8
C005020,Maanas Hari,Standard,Kolkata,Rajasthan,India,2024-05-02,Active,9422.44
C005021,Nathan Sandal,Enterprise,Tadepalligudem,Gujarat,India,2025-11-03,Active,14033.49
C005022,Nilima Karan,Standard,Jalandhar,Tripura,India,2025-12-26,Active,12198.66
C005023,Victor Kala,Standard,Dharmavaram,West Bengal,India,2025-11-20,Active,3166.8
C005024,Ojas Seth,Standard,Surat,Haryana,India,2023-10-18,Active,7108.47
C005025,Balvan Oak,Standard,North Dumdum,Haryana,India,2026-04-13,Active,5277.5
C005026,Brinda Kanda,Standard,Anand,Uttarakhand,India,2026-03-05,Active,8289.1
C005027,Aryan Goyal,Standard,Firozabad,Bihar,India,2026-05-19,Active,7147.1
C005028,William Madan,Standard,Anantapuram,Arunachal Pradesh,India,2024-04-30,Active,9932.28
C005029,Omkaar Mangal,Standard,Aurangabad,Maharashtra,India,2023-09-03,Active,10085.59
C005030,Abeer Setty,Standard,Ranchi,Tripura,India,2025-12-31,Active,12561.87
C005031,Yashoda Jha,Standard,Jalna,Tripura,India,2024-10-25,Active,4366.41
C005032,Rajeshri Kamdar,Premium,Bidar,Maharashtra,India,2023-09-16,Active,10853.4
C005033,Ikshita Sura,Standard,Amaravati,Himachal Pradesh,India,2025-02-01,Active,7634.23
C005034,Dayamai Sane,Standard,Navi Mumbai,Himachal Pradesh,India,2024-09-07,Active,10066.51
C005035,Balendra Naik,Standard,Durg,Odisha,India,2024-04-25,Active,11848.57
C005036,Vasatika Pingle,Enterprise,Bathinda,Rajasthan,India,2023-10-07,Active,10402.16
C005037,Upadhriti Sahni,Standard,Phagwara,Manipur,India,2025-07-16,Active,9087.12
C005038,Udyati Bedi,Premium,Guntakal,Tamil Nadu,India,2024-06-23,Active,7587.16
C005039,Ranveer Buch,Standard,Hapur,Haryana,India,2023-12-21,Active,10015.76
C005040,Anmol Varkey,Enterprise,Tadepalligudem,Goa,India,2024-04-24,Active,9922.63
C005041,Harshil Borde,Standard,Kishanganj,Chhattisgarh,India,2025-07-21,Active,8017.76
C005042,Pavani Walla,Premium,Mahbubnagar,Rajasthan,India,2025-05-30,Active,8546.06
C005043,Maanas Chakraborty,Enterprise,Madurai,Tripura,India,2025-09-07,Active,9083.06
C005044,Oeshi Babu,Enterprise,Sambalpur,West Bengal,India,2026-03-09,Active,3432.26
C005045,Oliver Date,Enterprise,Rampur,Nagaland,India,2023-08-14,Active,10377.74
C005046,Saumya Wali,Premium,North Dumdum,Nagaland,India,2025-12-31,Active,6608.05
C005047,Xiti Bajwa,Standard,Ichalkaranji,Andhra Pradesh,India,2024-02-25,Active,7179.71
C005048,Tamanna Karnik,Standard,Karimnagar,Bihar,India,2024-08-09,Active,5269.44
C005049,Pushti Sodhi,Enterprise,Jalgaon,Karnataka,India,2026-06-04,Active,6634.7
C005050,Omkaar D’Alia,Standard,Dehri,Jharkhand,India,2025-07-06,Active,4526.92
C005051,Laksh Tailor,Standard,Dehradun,Uttarakhand,India,2026-02-27,Active,8849.11
C005052,Mohammed Sachdev,Premium,Kanpur,Jharkhand,India,2026-01-04,Active,5730.65
C005053,Divya Sachar,Standard,Sri Ganganagar,Maharashtra,India,2025-05-02,Active,6917.99
C005054,Unnati Viswanathan,Enterprise,Sagar,Uttarakhand,India,2025-01-19,Active,5028.01
C005055,Aarush Choudhury,Enterprise,Pune,Madhya Pradesh,India,2025-12-25,Active,5764.52
C005056,Nitesh Bali,Enterprise,Thrissur,Chhattisgarh,India,2026-03-30,Active,3793.97
C005057,Qabil More,Standard,Surendranagar Dudhrej,Maharashtra,India,2024-06-16,Active,8079.08
C005058,Abha Vaidya,Standard,Aligarh,Punjab,India,2025-06-22,Active,13022.87
C005059,Leela Jain,Standard,Bihar Sharif,Rajasthan,India,2025-12-30,Active,6921.71
C005060,Peter Keer,Premium,Mau,Gujarat,India,2025-04-24,Active,17214.12
C005061,Deepa Dhar,Standard,Jamalpur,Bihar,India,2023-09-19,Active,15700.35
C005062,Kamala Bajaj,Standard,Yamunanagar,West Bengal,India,2024-02-01,Active,1288.31
C005063,Janaki Srivastava,Standard,Imphal,Madhya Pradesh,India,2025-11-28,Active,12984.65
C005064,Qushi Sani,Premium,Faridabad,Tamil Nadu,India,2025-09-21,Active,10414.86
C005065,Ekansh Char,Standard,Phusro,Bihar,India,2025-05-20,Inactive,2803.78
C005066,Girish Zachariah,Standard,Morbi,Nagaland,India,2025-07-12,Active,24213.01
C005067,Warjas Bhalla,Premium,Bihar Sharif,Arunachal Pradesh,India,2025-08-12,Active,15361.91
C005068,Nitara Nigam,Enterprise,Vijayawada,Andhra Pradesh,India,2023-09-03,Active,2228.51
C005069,Victor Bava,Premium,Giridih,Nagaland,India,2024-03-23,Active,9553.49
C005070,Yashodhara Boase,Premium,Ghaziabad,Chhattisgarh,India,2025-01-18,Active,6565.24
C005071,Advay Batta,Standard,Jabalpur,Uttarakhand,India,2026-04-30,Active,8345.63
C005072,Dominic Char,Standard,Nanded,Karnataka,India,2023-11-01,Active,6693.04
C005073,Janaki Dalal,Standard,Loni,Odisha,India,2026-03-17,Inactive,8470.3
C005074,Advaith Chandran,Enterprise,Pune,Telangana,India,2026-01-27,Active,1552.69
C005075,Mohini Virk,Premium,Noida,Maharashtra,India,2025-03-25,Active,9247.84
C005076,Meera Bakshi,Premium,Bokaro,Arunachal Pradesh,India,2023-12-10,Active,10972.06
C005077,Gaurang Sengupta,Enterprise,Eluru,Chhattisgarh,India,2024-03-07,Inactive,11354.99
C005078,Madhav Chacko,Standard,Bangalore,Meghalaya,India,2026-01-25,Active,19763.57
C005079,Gagan Singhal,Standard,North Dumdum,Chhattisgarh,India,2025-11-25,Active,13139.24
C005080,Mitali Bala,Standard,Jamalpur,Karnataka,India,2024-04-09,Active,6932.47
C005081,Mason Buch,Standard,Guwahati,Odisha,India,2025-09-25,Active,4007.65
C005082,Darika Sura,Enterprise,Tenali,Tripura,India,2024-08-17,Active,21940.46
C005083,Damyanti Nair,Premium,Udupi,Sikkim,India,2024-01-24,Active,7371.0
C005084,Nicholas Balan,Premium,Bikaner,Jharkhand,India,2024-02-27,Active,6947.38
C005085,Simon Devan,Standard,Udupi,Nagaland,India,2023-12-07,Active,10154.64
C005086,Rachit Joshi,Enterprise,Malegaon,Himachal Pradesh,India,2025-05-09,Active,5685.19
C005087,Zarna Viswanathan,Standard,Bhiwani,Jharkhand,India,2024-02-19,Active,5066.77
C005088,Ati Sanghvi,Standard,Ranchi,Meghalaya,India,2025-04-22,Active,4601.93
C005089,Bakhshi Khurana,Standard,Panchkula,Jharkhand,India,2026-02-12,Active,5834.75
C005090,Faraj Sharaf,Standard,Munger,Manipur,India,2024-06-14,Active,19587.23
C005091,Lajita Rau,Standard,Kota,Arunachal Pradesh,India,2025-03-11,Active,11893.83
C005092,Vedant Bali,Standard,Hospet,Uttarakhand,India,2025-12-25,Active,11240.14
C005093,Meera Kara,Premium,Jalandhar,Telangana,India,2024-04-11,Active,3588.59
C005094,Naveen Bajaj,Enterprise,Nandyal,Assam,India,2024-02-07,Active,14092.85
C005095,Pratyush Chahal,Standard,Ambarnath,Bihar,India,2024-09-17,Active,15924.93
C005096,Kevin Kunda,Enterprise,Morbi,Haryana,India,2024-05-06,Active,5080.25
C005097,Vinaya Sethi,Premium,Ramagundam,Manipur,India,2026-05-29,Active,9285.16
C005098,Patrick Tank,Standard,Davanagere,Bihar,India,2023-08-29,Active,5724.46
C005099,Eesha Chanda,Standard,Guwahati,Rajasthan,India,2026-01-21,Inactive,8870.65
C005100,Eesha Trivedi,Standard,Udaipur,Assam,India,2025-11-05,Active,10178.33
C005101,Leela Saran,Standard,Pimpri-Chinchwad,Chhattisgarh,India,2025-02-18,Active,12805.4
C005102,Aarush Misra,Enterprise,Hajipur,Arunachal Pradesh,India,2025-12-23,Active,16482.89
C005103,Samarth Solanki,Premium,Hyderabad,Uttar Pradesh,India,2025-05-15,Active,13844.51
C005104,Dhruv Bhatnagar,Standard,Phagwara,West Bengal,India,2026-01-20,Active,8387.38
C005105,Vasatika Som,Standard,Satna,Mizoram,India,2024-02-01,Active,15593.73
C005106,Ansh Pandit,Standard,Bhusawal,Manipur,India,2025-02-12,Active,3642.03
C005107,Praneel Patel,Premium,Mehsana,Manipur,India,2025-10-09,Active,11959.97
C005108,Dhriti Bedi,Standard,Parbhani,Maharashtra,India,2025-09-03,Inactive,7510.23
C005109,Hemani Wagle,Standard,Khammam,West Bengal,India,2024-03-02,Active,19085.85
C005110,Radhika Goyal,Standard,Malegaon,Tamil Nadu,India,2025-08-01,Active,2949.03
C005111,Reva Sunder,Enterprise,Vadodara,Jharkhand,India,2026-01-09,Active,8514.88
C005112,Jagvi Sahni,Standard,Tirupati,Himachal Pradesh,India,2024-07-21,Active,5545.66
C005113,Urvi Bal,Standard,Sambhal,Madhya Pradesh,India,2023-12-13,Active,9059.93
C005114,Kala Vohra,Standard,Patiala,Maharashtra,India,2025-08-30,Active,9587.98
C005115,Panini Prasad,Standard,Pudukkottai,Punjab,India,2026-01-24,Active,13203.36
C005116,Vaishnavi Sethi,Standard,Pallavaram,Bihar,India,2023-11-10,Active,4510.67
C005117,Hitesh Sastry,Standard,Dehri,Tamil Nadu,India,2023-09-25,Active,10693.66
C005118,Edhitha Prabhakar,Premium,Lucknow,Uttar Pradesh,India,2025-04-03,Active,12682.3
C005119,Aayush Swamy,Enterprise,Varanasi,Gujarat,India,2023-10-25,Active,4207.57
C005120,Raksha Sodhi,Enterprise,Siliguri,Haryana,India,2025-08-08,Active,12295.1
C005121,Radha Kanda,Enterprise,Bhiwandi,Bihar,India,2025-01-21,Active,3940.78
C005122,Advay Kant,Premium,Motihari,Himachal Pradesh,India,2023-09-11,Active,7658.7
C005123,Sarthak Krish,Standard,Morena,Meghalaya,India,2024-03-17,Active,4249.09
C005124,Panini Edwin,Enterprise,Morbi,Jharkhand,India,2026-06-23,Active,20419.23
C005125,Orinder Bassi,Standard,Hindupur,Gujarat,India,2025-05-03,Active,6698.25
C005126,Ishwar Kala,Premium,Katni,West Bengal,India,2024-10-07,Active,15587.92
C005127,Raagini Dhar,Standard,Nellore,Andhra Pradesh,India,2025-07-03,Active,13911.12
C005128,Anjali Soman,Standard,Bidar,Sikkim,India,2023-11-04,Active,7174.08
C005129,Veda Majumdar,Enterprise,Bathinda,Chhattisgarh,India,2024-08-07,Active,24796.4
C005130,Kalpit Gill,Enterprise,Khora ,Bihar,India,2026-06-13,Active,6952.99
C005131,Ekani Nori,Standard,Raurkela Industrial Township,Goa,India,2025-08-14,Active,9555.78
C005132,Samuel Mukhopadhyay,Enterprise,Junagadh,Maharashtra,India,2024-03-13,Active,6928.14
C005133,Qushi De,Standard,Malda,Goa,India,2024-02-28,Active,18738.86
C005134,Jackson Vohra,Standard,Hindupur,Kerala,India,2024-02-09,Active,9780.13
C005135,Hiral Borde,Enterprise,Haridwar,Haryana,India,2024-01-10,Inactive,6552.69
C005136,Jeevika Hari,Standard,Katihar,Assam,India,2025-08-02,Active,17066.31
C005137,Aishani Das,Standard,Noida,Madhya Pradesh,India,2023-12-20,Active,2969.27
C005138,Shravya Nori,Standard,Vijayawada,Bihar,India,2023-08-07,Active,7775.13
C005139,Yatan Kamdar,Premium,Rohtak,Andhra Pradesh,India,2025-12-28,Active,7774.17
C005140,Ekaraj Wagle,Standard,Jaunpur,Tripura,India,2025-12-05,Active,4075.95
C005141,Pushti Hari,Enterprise,Thrissur,West Bengal,India,2023-12-19,Active,11235.32
C005142,Timothy Tella,Standard,Rourkela,Kerala,India,2025-11-23,Active,13005.49
C005143,Ishani Nadig,Standard,Ozhukarai,West Bengal,India,2024-02-17,Active,4984.29
C005144,Rohan Mannan,Enterprise,Malda,Mizoram,India,2026-05-02,Active,13439.41
C005145,Oeshi Pall,Premium,Ambarnath,Haryana,India,2025-06-14,Active,7278.15
C005146,Aayush Anand,Standard,Bidar,Nagaland,India,2025-03-31,Active,7244.99
C005147,Sanya Rajan,Standard,Vijayawada,West Bengal,India,2024-12-01,Active,14383.99
C005148,Warinder Lala,Premium,Dindigul,Punjab,India,2024-07-16,Active,13943.72
C005149,Ansh Narayan,Standard,Bongaigaon,Jharkhand,India,2026-03-15,Active,8643.11
C005150,Amruta Master,Standard,Saharanpur,West Bengal,India,2026-04-25,Active,10560.19
C005151,Neelima Koshy,Standard,Madanapalle,Uttar Pradesh,India,2023-10-12,Active,15084.1
C005152,Yasti Saini,Premium,Belgaum,Kerala,India,2026-05-11,Active,11170.28
C005153,Wakeeta Shere,Standard,Suryapet,Maharashtra,India,2026-04-12,Active,6376.52
C005154,Yatin Agate,Standard,Kadapa,Uttar Pradesh,India,2023-09-27,Active,12517.92
C005155,Rehaan Sant,Standard,Jammu,Assam,India,2025-10-20,Inactive,8297.62
C005156,Rachit Gandhi,Enterprise,Thanjavur,Meghalaya,India,2025-04-17,Active,8547.23
C005157,Tristan Kakar,Enterprise,Chandigarh,Rajasthan,India,2024-12-05,Active,9578.63
C005158,Baljiwan Saxena,Standard,Moradabad,Jharkhand,India,2025-09-12,Active,2906.85
C005159,Kalpit Wable,Standard,Panvel,Bihar,India,2023-08-06,Active,4476.07
C005160,Maanas Kuruvilla,Standard,Karnal,Mizoram,India,2025-11-30,Active,2745.47
C005161,Manthan Ganguly,Standard,Satna,Gujarat,India,2024-11-04,Inactive,9571.22
C005162,Harita Prabhu,Standard,Bilaspur,Tamil Nadu,India,2025-09-06,Active,8046.13
C005163,Urmi Kapadia,Standard,Noida,Odisha,India,2026-01-18,Inactive,18449.11
C005164,Jason Wadhwa,Enterprise,Serampore,Uttarakhand,India,2025-10-03,Active,11984.15
C005165,Ikshita Nanda,Standard,Sikar,Madhya Pradesh,India,2024-09-21,Active,19588.19
C005166,Upadhriti Kunda,Standard,Kirari Suleman Nagar,Bihar,India,2025-10-29,Active,7093.6
C005167,Luke Bakshi,Standard,Bharatpur,West Bengal,India,2025-07-29,Active,3930.68
C005168,Bakhshi Chaudhari,Premium,Bijapur,Haryana,India,2025-12-12,Active,12452.57
C005169,Logan Gopal,Premium,Tirupati,Odisha,India,2024-07-29,Active,16351.62
C005170,Aradhana Parikh,Enterprise,Nadiad,Assam,India,2025-05-11,Active,16427.03
C005171,Jason Mukherjee,Standard,Kharagpur,Sikkim,India,2024-07-07,Active,5795.77
C005172,Warda Brahmbhatt,Enterprise,Kottayam,West Bengal,India,2026-02-18,Active,6125.46
C005173,Kiaan Chauhan,Standard,Delhi,Nagaland,India,2024-05-09,Active,6666.25
C005174,Aahana Khurana,Premium,Hajipur,Tripura,India,2023-09-13,Active,3815.85
C005175,Eta Pradhan,Premium,Surat,Sikkim,India,2026-05-09,Active,13995.2
C005176,Upasna Bumb,Standard,Singrauli,Uttarakhand,India,2023-08-09,Active,3676.7
C005177,Bhavya Mangal,Standard,Madanapalle,Madhya Pradesh,India,2026-03-17,Active,6053.88
C005178,Charles Pillay,Premium,Machilipatnam,Uttarakhand,India,2025-10-30,Active,13864.5
C005179,Matthew Sidhu,Standard,Tenali,Manipur,India,2024-01-01,Active,5612.04
C005180,Hemangini Devi,Enterprise,Vellore,Bihar,India,2025-12-27,Active,5073.49
C005181,Vritti Zachariah,Standard,Panchkula,Gujarat,India,2024-12-02,Active,9499.74
C005182,Jeremiah Bala,Premium,Danapur,Bihar,India,2024-07-31,Active,6799.05
C005183,Zashil Deep,Standard,Uluberia,Jharkhand,India,2024-09-02,Inactive,11735.55
C005184,Anirudh Mani,Standard,Gangtok,Kerala,India,2023-11-05,Active,16483.08
C005185,Yug Varkey,Premium,Gandhidham,Tamil Nadu,India,2024-06-20,Inactive,10784.52
C005186,Tanay Chahal,Standard,Ambattur,Uttarakhand,India,2024-09-13,Active,6882.23
C005187,Kabir Gill,Standard,Unnao,Gujarat,India,2026-04-03,Active,16855.23
C005188,Oeshi Sankaran,Premium,Karnal,Rajasthan,India,2024-03-17,Active,11522.14
C005189,Warda Nayar,Standard,Suryapet,West Bengal,India,2024-01-20,Active,20950.97
C005190,Osha Kala,Enterprise,Bhiwani,Uttarakhand,India,2023-12-23,Active,12568.68
C005191,Joshua Vora,Standard,Adoni,Manipur,India,2026-02-11,Active,10002.47
C005192,Anvi Vohra,Standard,Tirunelveli,Rajasthan,India,2024-05-11,Active,2444.15
C005193,Abeer Dar,Standard,Nagercoil,Goa,India,2024-03-08,Active,18048.16
C005194,Vrinda Goyal,Standard,Indore,Chhattisgarh,India,2024-03-21,Active,7680.9
C005195,Neel Karpe,Standard,Chandigarh,Tamil Nadu,India,2026-05-26,Active,15066.31
C005196,Janani Gola,Premium,Coimbatore,Chhattisgarh,India,2026-04-01,Active,13779.19
C005197,Nandini Magar,Standard,Solapur,Uttar Pradesh,India,2026-01-28,Active,14802.64
C005198,Patrick Ratti,Standard,Ulhasnagar,Nagaland,India,2024-11-24,Active,3595.17
C005199,Nisha Munshi,Premium,Gopalpur,Assam,India,2025-01-18,Inactive,4554.49
C005200,Faris Parmar,Standard,Miryalaguda,Bihar,India,2024-09-25,Active,9356.88
C005201,Isha Nair,Premium,Muzaffarnagar,Madhya Pradesh,India,2026-06-07,Active,4972.89
C005202,Ojasvi Sharaf,Standard,Nadiad,Sikkim,India,2023-11-27,Active,11179.15
C005203,Victor Choudhury,Standard,Anand,Madhya Pradesh,India,2024-04-15,Active,9051.44
C005204,Sara Barad,Standard,Kishanganj,Odisha,India,2025-09-02,Active,7386.08
C005205,Faras Dave,Standard,Hubli–Dharwad,Karnataka,India,2025-06-15,Inactive,11220.32
C005206,Netra Bains,Enterprise,Kottayam,Sikkim,India,2024-06-25,Active,4016.06
C005207,Triveni Sahota,Standard,Coimbatore,Chhattisgarh,India,2023-08-31,Active,3413.41
C005208,Jagvi Agrawal,Premium,Bidhannagar,Madhya Pradesh,India,2024-07-09,Active,14497.19
C005209,Ekta Pingle,Enterprise,Mahbubnagar,Andhra Pradesh,India,2025-06-24,Active,5911.18
C005210,Kamya Sarraf,Standard,Rampur,Punjab,India,2025-08-19,Active,4958.18
C005211,Andrew Krishnan,Standard,Raebareli,Haryana,India,2023-08-05,Active,8338.07
C005212,Qushi Bhalla,Enterprise,Hazaribagh,West Bengal,India,2025-08-13,Active,7427.16
C005213,Bhanumati Ray,Premium,Tumkur,Manipur,India,2026-04-08,Active,22427.65
C005214,Amruta Sha,Premium,Saharanpur,Jharkhand,India,2025-04-13,Active,15526.79
C005215,Watika Dutta,Standard,Kumbakonam,Karnataka,India,2026-05-26,Active,9014.24
C005216,Hamsini Tiwari,Enterprise,Thiruvananthapuram,Gujarat,India,2023-06-26,Active,2024.59
C005217,Urvashi Sarin,Enterprise,Gaya,Uttarakhand,India,2024-02-09,Active,3470.03
C005218,Chatura Chopra,Standard,Thanjavur,Chhattisgarh,India,2025-10-18,Active,9176.81
C005219,Rudra Handa,Premium,Bhatpara,Bihar,India,2025-03-22,Active,8176.83
C005220,Jagat Mutti,Enterprise,Gudivada,Meghalaya,India,2025-05-27,Active,9472.47
C005221,Samar Natt,Premium,Deoghar,Goa,India,2025-03-19,Active,10374.2
C005222,Ekalinga Nayak,Standard,Phusro,Manipur,India,2025-03-29,Active,13050.92
C005223,Udyati Ahluwalia,Standard,Vasai-Virar,Madhya Pradesh,India,2025-08-05,Active,22584.13
C005224,Aishani Lanka,Enterprise,Gandhidham,Goa,India,2023-12-28,Active,12472.41
C005225,Manya Gulati,Enterprise,Ballia,Manipur,India,2024-02-04,Active,29566.97
C005226,Udyati Thakkar,Premium,Unnao,Uttar Pradesh,India,2025-01-31,Active,18760.53
C005227,Tanveer Ratti,Standard,Nadiad,Himachal Pradesh,India,2025-12-23,Active,18280.39
C005228,Darpan Sagar,Premium,Bijapur,Rajasthan,India,2023-10-15,Active,12965.46
C005229,Upma Majumdar,Standard,Tumkur,Assam,India,2024-02-16,Active,7516.02
C005230,Forum Borra,Enterprise,Bhiwandi,Tripura,India,2026-06-12,Active,12024.16
C005231,Lekha Butala,Standard,Navi Mumbai,Haryana,India,2024-11-02,Active,5499.29
C005232,Janani Nagy,Standard,Solapur,Meghalaya,India,2024-06-08,Active,11585.13
C005233,Mohini Dugal,Enterprise,Danapur,Manipur,India,2023-09-26,Active,17800.01
C005234,Waida Lalla,Standard,Anantapur,Karnataka,India,2024-01-22,Active,6799.72
C005235,Tara Lad,Premium,Vijayanagaram,Gujarat,India,2023-07-10,Active,15153.49
C005236,Max Babu,Standard,Madurai,Maharashtra,India,2024-01-02,Active,18636.3
C005237,Nathan Mittal,Standard,Etawah,West Bengal,India,2025-02-27,Active,11025.78
C005238,Liam Hayre,Premium,Jamnagar,Manipur,India,2025-05-02,Active,5171.84
C005239,Niharika Kaul,Standard,Amritsar,Bihar,India,2024-01-11,Active,12157.82
C005240,Oeshi Gour,Standard,Raiganj,Mizoram,India,2025-08-24,Active,9777.07
C005241,Vritti Ganesan,Enterprise,Nangloi Jat,Chhattisgarh,India,2025-11-25,Active,10457.32
C005242,Samesh Varty,Enterprise,Raipur,Tamil Nadu,India,2023-08-14,Active,19856.88
C005243,Kavya Saxena,Enterprise,Panvel,Goa,India,2024-01-27,Inactive,6561.07
C005244,Advay Zacharia,Standard,Singrauli,Himachal Pradesh,India,2023-10-18,Active,11734.78
C005245,Hardik Jha,Standard,Ambattur,Madhya Pradesh,India,2026-03-13,Active,7695.41
C005246,Shivansh Jha,Premium,Fatehpur,Tamil Nadu,India,2025-08-26,Active,5862.66
C005247,Ishani Chander,Standard,Adoni,Haryana,India,2024-04-18,Active,15937.18
C005248,Ekiya Subramanian,Standard,Sangli-Miraj & Kupwad,Tripura,India,2026-04-28,Active,6507.94
C005249,Daksh Viswanathan,Standard,Durg,Gujarat,India,2024-08-14,Active,8321.31
C005250,Niharika Borde,Standard,Berhampur,West Bengal,India,2025-04-14,Active,9685.69
C005251,Aradhana Patil,Premium,Shimla,Haryana,India,2026-03-30,Active,9903.01
C005252,Hema Nigam,Standard,Katni,Goa,India,2024-05-09,Active,12330.68
C005253,Rachana Prabhakar,Enterprise,Madhyamgram,Maharashtra,India,2023-11-10,Active,7691.17
C005254,Ekiya Sundaram,Enterprise,Sasaram,Karnataka,India,2025-02-23,Active,11379.47
C005255,Chaaya Chada,Enterprise,Kamarhati,Rajasthan,India,2025-04-09,Active,4764.28
C005256,Yashica Sule,Standard,Munger,Chhattisgarh,India,2024-09-13,Active,19215.48
C005257,Yauvani Parikh,Standard,Mau,Chhattisgarh,India,2023-08-24,Active,9366.22
C005258,Diya Rastogi,Standard,Avadi,Gujarat,India,2023-07-01,Active,8456.39
C005259,Wridesh Modi,Enterprise,Bahraich,Goa,India,2024-11-09,Active,19030.35
C005260,Nachiket Sengupta,Premium,Arrah,Meghalaya,India,2024-08-17,Active,10832.31
C005261,Nandini Zacharia,Premium,Machilipatnam,Jharkhand,India,2023-08-16,Inactive,22654.93
C005262,Gaurangi Srivastava,Standard,Pune,Meghalaya,India,2025-06-29,Active,11925.43
C005263,Amara Bir,Standard,Chapra,Andhra Pradesh,India,2025-12-31,Active,17802.52
C005264,Sara Karnik,Standard,Jabalpur,Himachal Pradesh,India,2024-07-19,Active,11700.64
C005265,Ucchal Bail,Standard,Khandwa,Uttarakhand,India,2025-11-15,Active,10041.88
C005266,Adweta Viswanathan,Premium,Asansol,Chhattisgarh,India,2023-06-27,Active,9161.54
C005267,Viraj Sarkar,Enterprise,Aurangabad,Odisha,India,2024-01-23,Active,13099.4
C005268,Utkarsh Guha,Enterprise,Nizamabad,Kerala,India,2024-11-21,Active,18329.36
C005269,Eta Desai,Standard,Coimbatore,Tripura,India,2025-05-15,Inactive,4154.08
C005270,Bhanumati Sundaram,Standard,Gudivada,West Bengal,India,2023-07-28,Active,11208.27
C005271,Kashish Gopal,Standard,Kalyan-Dombivli,Punjab,India,2023-07-12,Active,4497.59
C005272,Dakshesh Talwar,Enterprise,Nagaon,Odisha,India,2026-05-08,Active,13953.52
C005273,Guneet Mahajan,Premium,Madanapalle,Nagaland,India,2023-10-22,Active,3998.95
C005274,Bhavika Kara,Premium,Moradabad,Karnataka,India,2024-10-11,Active,15769.7
C005275,Amol Basak,Enterprise,Muzaffarpur,Sikkim,India,2026-03-04,Inactive,4617.44
C005276,Abhiram Bassi,Premium,Barasat,Kerala,India,2024-03-15,Active,3256.98
C005277,Raagini Reddy,Standard,Bally,Himachal Pradesh,India,2023-10-24,Active,6006.47
C005278,Darsh Lanka,Standard,Jorhat,Karnataka,India,2025-01-28,Active,21573.45
C005279,Ridhi Ravi,Standard,Buxar,Arunachal Pradesh,India,2024-10-22,Active,6363.35
C005280,Kabir Kala,Standard,Malegaon,Jharkhand,India,2025-03-19,Inactive,5107.6
C005281,Ubika Menon,Standard,Panchkula,Madhya Pradesh,India,2024-07-06,Active,7358.31
C005282,Irya Thaman,Enterprise,Latur,Maharashtra,India,2025-11-20,Active,11771.3
C005283,Rajeshri Bhatnagar,Enterprise,Sirsa,Chhattisgarh,India,2024-10-16,Active,11785.94
C005284,Azad Badami,Standard,Kulti,Nagaland,India,2024-11-24,Active,3183.04
C005285,Tara Apte,Standard,Jalgaon,Nagaland,India,2024-05-20,Active,6762.39
C005286,Zilmil Grewal,Enterprise,Sambhal,Maharashtra,India,2026-04-14,Active,13120.34
C005287,Megha Chand,Premium,Phusro,Uttar Pradesh,India,2025-08-25,Active,11038.43
C005288,Alka Bhalla,Enterprise,Miryalaguda,Arunachal Pradesh,India,2025-06-23,Active,10572.47
C005289,Aradhana Kulkarni,Standard,Gwalior,Odisha,India,2025-12-27,Inactive,10166.97
C005290,Tanish Kalita,Enterprise,Nadiad,Punjab,India,2025-04-16,Active,7391.42
C005291,Lekha Barad,Standard,Dhanbad,Telangana,India,2025-08-07,Active,6505.39
C005292,Upasna Thaker,Standard,Muzaffarpur,Rajasthan,India,2023-08-20,Active,6024.53
C005293,Yachana Yohannan,Premium,Tiruppur,Madhya Pradesh,India,2024-04-08,Active,5788.89
C005294,Chasmum Taneja,Standard,Bally,Goa,India,2025-06-26,Active,5672.98
C005295,Hredhaan Hari,Standard,Mango,Goa,India,2026-05-21,Active,13922.24
C005296,Chanakya Biswas,Premium,Panihati,Odisha,India,2026-06-07,Active,12019.45
C005297,Anmol Din,Standard,Ambattur,Sikkim,India,2024-03-21,Active,3690.45
C005298,Anya Acharya,Premium,Malegaon,Chhattisgarh,India,2024-05-25,Active,8241.59
C005299,Viraj Dewan,Premium,Agartala,Maharashtra,India,2026-03-18,Active,6283.7
C005300,Ekansh Gopal,Standard,Faridabad,Manipur,India,2023-11-11,Active,10629.26
C005301,Vasana Pillay,Enterprise,Narasaraopet,Goa,India,2025-07-18,Active,3318.56
C005302,Janaki Bhattacharyya,Enterprise,Satara,Odisha,India,2026-06-03,Active,5223.21
C005303,Krisha Palan,Enterprise,Moradabad,Uttar Pradesh,India,2023-11-06,Active,10884.98
C005304,Vrishti Shroff,Standard,Sonipat,Goa,India,2023-10-02,Inactive,10125.32
C005305,Aradhana Swamy,Premium,Amroha,Karnataka,India,2024-12-07,Active,2082.54
C005306,Yochana Karnik,Standard,Thane,Odisha,India,2025-11-27,Active,18725.17
C005307,Girindra Date,Enterprise,Orai,Andhra Pradesh,India,2026-02-12,Active,9032.69
C005308,Ronith Dutt,Standard,Kadapa,Maharashtra,India,2024-04-20,Active,6522.14
C005309,Tanveer Dixit,Standard,Dharmavaram,Tripura,India,2026-01-04,Active,7412.45
C005310,Shivani Saha,Standard,Bijapur,Tripura,India,2025-01-31,Inactive,12968.74
C005311,Caleb Palla,Standard,Loni,Punjab,India,2025-09-09,Active,14046.26
C005312,Riya Batta,Standard,Raiganj,Punjab,India,2025-11-09,Active,6318.49
C005313,Mohammed Chopra,Standard,Gudivada,Mizoram,India,2026-05-31,Active,14262.49
C005314,Saanvi Mohanty,Enterprise,Shivpuri,Himachal Pradesh,India,2024-09-03,Active,2821.67
C005315,Kai Narain,Standard,Jamnagar,Assam,India,2026-03-01,Active,9303.63
C005316,Eiravati Sharaf,Premium,Chandrapur,Tamil Nadu,India,2025-11-08,Active,23308.22
C005317,Girik Hayer,Premium,Ambattur,Maharashtra,India,2024-12-01,Active,7060.74
C005318,Deepa Saran,Premium,Haldia,Odisha,India,2025-08-11,Active,18291.99
C005319,Waida Dash,Enterprise,Karaikudi,Rajasthan,India,2023-09-05,Active,12127.16
C005320,Aahana Choudhury,Premium,Amritsar,Tamil Nadu,India,2025-10-21,Active,7009.72
C005321,Tristan Muni,Standard,Purnia,West Bengal,India,2024-12-25,Active,17241.34
C005322,Nikita Bandi,Premium,Davanagere,Haryana,India,2025-06-12,Active,6218.38
C005323,Ayushman Thakur,Enterprise,Chapra,Mizoram,India,2026-03-17,Active,10598.96
C005324,Ishaan Rai,Enterprise,Sambhal,Meghalaya,India,2026-05-04,Active,7549.14
C005325,Ayaan Sangha,Standard,Pondicherry,Uttar Pradesh,India,2026-06-02,Active,11284.43
C005326,Wishi Bahl,Standard,Munger,Uttarakhand,India,2025-10-05,Active,16393.78
C005327,Indrajit Sinha,Premium,Jamshedpur,Odisha,India,2024-09-16,Active,6442.81
C005328,Onkar Mitra,Standard,Yamunanagar,Karnataka,India,2026-06-21,Active,4526.31
C005329,Zarna Raj,Standard,Anand,Uttar Pradesh,India,2023-07-17,Active,4966.36
C005330,Raghav Oommen,Standard,Ranchi,Tamil Nadu,India,2025-02-22,Active,22618.93
C005331,Geetika Bahl,Standard,Nellore,Chhattisgarh,India,2024-08-19,Active,4575.8
C005332,Jeevika Char,Premium,Delhi,Arunachal Pradesh,India,2025-06-05,Active,15468.36
C005333,Zaid Rout,Enterprise,Bulandshahr,Jharkhand,India,2024-12-03,Inactive,15729.48
C005334,Manthan Dutta,Standard,Mirzapur,Meghalaya,India,2025-08-03,Active,14457.53
C005335,Wahab Batta,Premium,Jalandhar,Manipur,India,2024-08-09,Active,14996.77
C005336,Hritik Mann,Standard,Kumbakonam,Karnataka,India,2026-03-02,Active,4692.13
C005337,Anthony Garg,Standard,Bhalswa Jahangir Pur,Mizoram,India,2026-02-05,Active,15043.77
C005338,Samuel Sunder,Enterprise,Shivpuri,Bihar,India,2024-11-26,Inactive,12890.57
C005339,Nachiket Sahni,Enterprise,Thanjavur,Andhra Pradesh,India,2026-02-27,Active,6621.01
C005340,Vasatika Balan,Standard,Ambattur,Mizoram,India,2024-04-21,Active,7256.74
C005341,Yauvani Apte,Standard,Nashik,Maharashtra,India,2023-07-14,Inactive,17400.17
C005342,Zaid Tara,Standard,Panchkula,Himachal Pradesh,India,2023-10-18,Active,8293.64
C005343,Chaitaly Acharya,Standard,Hazaribagh,Kerala,India,2025-10-24,Active,7335.41
C005344,Aarna Golla,Standard,Cuttack,Madhya Pradesh,India,2024-11-17,Active,6938.17
C005345,Deepa Kota,Enterprise,Allahabad,Sikkim,India,2025-06-07,Active,10131.05
C005346,Vasana Karpe,Premium,Amravati,Mizoram,India,2024-03-04,Active,8100.84
C005347,Anthony Palan,Standard,Ramagundam,Meghalaya,India,2023-08-06,Active,5296.2
C005348,Amruta Dar,Standard,Bhind,Arunachal Pradesh,India,2024-08-23,Active,4443.74
C005349,Hemangini Sathe,Standard,Medininagar,Punjab,India,2024-12-26,Active,12228.9
C005350,Meghana Shroff,Standard,Fatehpur,Uttar Pradesh,India,2026-03-02,Active,8137.08
C005351,Yashica Pandya,Standard,Gangtok,Goa,India,2024-01-09,Active,2829.6
C005352,Niharika Agate,Standard,Bongaigaon,Madhya Pradesh,India,2025-11-02,Inactive,17338.23
C005353,Harinakshi Chaudhary,Premium,Jaunpur,Karnataka,India,2023-08-31,Active,11352.94
C005354,Mahika Seshadri,Premium,Pallavaram,Mizoram,India,2024-04-29,Active,16243.6
C005355,Chasmum Sanghvi,Standard,Udupi,Uttar Pradesh,India,2024-04-06,Active,9832.46
C005356,Lakshit Kibe,Standard,Gorakhpur,Uttar Pradesh,India,2024-12-16,Active,14734.47
C005357,Nachiket Nagarajan,Standard,Malda,Uttarakhand,India,2025-07-23,Active,13454.2
C005358,Farhan Kibe,Premium,Panipat,Kerala,India,2024-04-29,Active,16267.12
C005359,Jackson Basu,Standard,Anantapuram,Uttar Pradesh,India,2025-02-15,Active,7491.48
C005360,Oscar Dani,Standard,Tezpur,Tamil Nadu,India,2023-07-17,Active,5831.58
C005361,Yochana Rout,Premium,Ahmednagar,Punjab,India,2025-04-07,Active,13541.12
C005362,Eiravati Gill,Standard,Berhampur,Sikkim,India,2025-07-29,Active,11376.03
C005363,Chakradev Bora,Enterprise,Ambala,Meghalaya,India,2024-08-24,Inactive,8222.99
C005364,Nitesh Radhakrishnan,Standard,Srikakulam,Bihar,India,2025-02-19,Active,7028.1
C005365,Wridesh Buch,Standard,Bellary,Maharashtra,India,2024-07-11,Active,6322.95
C005366,Ojas Gokhale,Standard,Bhopal,Andhra Pradesh,India,2024-07-09,Active,5475.87
C005367,Vedhika Sarma,Standard,Saharsa,Manipur,India,2024-10-09,Active,6114.34
C005368,Chatresh Aggarwal,Premium,Anand,Bihar,India,2024-11-16,Active,6084.71
C005369,Zaid Sama,Standard,Tumkur,Punjab,India,2025-09-02,Active,5532.24
C005370,Anvi Dhaliwal,Standard,Chittoor,Sikkim,India,2026-03-12,Active,13663.4
C005371,Sai Bahl,Standard,Nellore,West Bengal,India,2024-01-02,Active,11713.85
C005372,Kiaan Mani,Standard,Rohtak,Jharkhand,India,2024-04-09,Inactive,5670.7
C005373,Ishita Date,Standard,Aurangabad,Chhattisgarh,India,2024-01-16,Active,13561.48
C005374,Agastya Chawla,Enterprise,Amravati,Andhra Pradesh,India,2023-09-21,Active,7435.83
C005375,Charan Lala,Standard,Saharanpur,Maharashtra,India,2023-07-09,Active,7845.65
C005376,Jackson Sem,Premium,Hindupur,Goa,India,2025-07-18,Active,6180.92
C005377,Amara Hayre,Premium,Nandyal,Mizoram,India,2026-01-29,Active,9528.85
C005378,Inaya Oza,Standard,Alappuzha,Bihar,India,2025-12-04,Active,20633.01
C005379,Naveen Gera,Standard,Dhule,Himachal Pradesh,India,2023-08-02,Active,9146.33
C005380,Sara Iyer,Standard,Gandhidham,Gujarat,India,2025-06-14,Active,8507.47
C005381,Onveer Kapur,Premium,Bidhannagar,Jharkhand,India,2023-10-22,Active,11854.74
C005382,Rachit Walla,Standard,Sikar,Maharashtra,India,2024-07-19,Active,14351.25
C005383,Gopal Lalla,Premium,Dewas,Telangana,India,2024-06-28,Active,8780.11
C005384,Meghana Dhingra,Standard,Kozhikode,Gujarat,India,2026-05-13,Active,4595.13
C005385,Anvi Kanda,Premium,Panvel,Kerala,India,2024-10-04,Active,13658.02
C005386,Lavanya Johal,Standard,Motihari,Gujarat,India,2026-03-06,Active,5632.75
C005387,Kashvi Kale,Premium,Anantapuram,Nagaland,India,2025-01-04,Active,17297.79
C005388,Tanay Bath,Enterprise,Shimoga,Assam,India,2024-09-02,Active,23446.29
C005389,Anvi Shere,Standard,Munger,Punjab,India,2023-10-28,Active,11903.87
C005390,Praneel Iyer,Premium,Surat,Karnataka,India,2023-09-28,Active,7925.25
C005391,Jack Munshi,Enterprise,Asansol,Nagaland,India,2023-11-15,Active,6499.59
C005392,Meghana Aggarwal,Premium,Jodhpur,Kerala,India,2026-03-28,Active,9401.7
C005393,Victor Agarwal,Standard,Jammu,Haryana,India,2026-03-10,Active,11569.12
C005394,Chandresh Dhillon,Standard,Bhubaneswar,Sikkim,India,2026-03-23,Active,14724.76
C005395,Abhiram Narasimhan,Standard,Thiruvananthapuram,Himachal Pradesh,India,2025-10-05,Active,9226.11
C005396,Yug Thakkar,Enterprise,Pallavaram,Rajasthan,India,2023-08-29,Active,7965.07
C005397,Oni Kumer,Standard,Bidar,Himachal Pradesh,India,2023-09-06,Active,18186.34
C005398,Bakhshi Kalla,Standard,Hindupur,Arunachal Pradesh,India,2023-11-27,Active,5078.67
C005399,Gaurika Anand,Standard,Korba,Kerala,India,2025-09-14,Active,6944.74
C005400,Naveen Dash,Standard,Ghaziabad,Punjab,India,2024-07-30,Inactive,13653.21
C005401,Shaurya Gera,Standard,Haridwar,Assam,India,2024-02-06,Active,10431.56
C005402,Lopa Yogi,Standard,Udupi,Chhattisgarh,India,2025-09-23,Active,6918.02
C005403,Zaitra Bajaj,Standard,Raiganj,Chhattisgarh,India,2024-09-23,Active,14252.64
C005404,Fiyaz Saraf,Standard,Madanapalle,Goa,India,2023-12-21,Active,7542.88
C005405,Chameli Sani,Standard,Chinsurah,Sikkim,India,2024-12-17,Active,7467.41
C005406,Tamanna Sane,Premium,Haridwar,Bihar,India,2024-11-12,Active,6203.49
C005407,Gauri Varty,Premium,Pimpri-Chinchwad,Chhattisgarh,India,2024-10-18,Active,11700.59
C005408,Laban Radhakrishnan,Standard,Orai,Bihar,India,2024-12-20,Active,6091.37
C005409,Amara Mohan,Standard,Maheshtala,Telangana,India,2023-12-19,Inactive,10126.69
C005410,Udarsh Sibal,Standard,Gandhidham,Kerala,India,2026-05-06,Active,10329.41
C005411,Oliver Bail,Standard,Proddatur,Tripura,India,2024-11-27,Active,8416.76
C005412,Reyansh Thakkar,Standard,Tirunelveli,Tripura,India,2025-06-12,Active,1894.67
C005413,Idika Dhingra,Standard,Bathinda,Telangana,India,2025-09-14,Active,9139.3
C005414,Chakrika Brar,Standard,Kottayam,Gujarat,India,2024-01-30,Active,8530.47
C005415,Falak Divan,Enterprise,Gulbarga,Karnataka,India,2026-01-20,Active,8253.21
C005416,Lekha Dara,Premium,Yamunanagar,Bihar,India,2025-09-04,Active,4362.42
C005417,Atharv Gaba,Standard,South Dumdum,Madhya Pradesh,India,2025-04-21,Active,10985.12
C005418,Xalak Contractor,Standard,Sagar,Meghalaya,India,2024-12-18,Active,17566.09
C005419,Rachita Dutt,Standard,Chennai,Odisha,India,2026-01-17,Active,7735.12
C005420,Rajata De,Standard,Begusarai,Uttar Pradesh,India,2024-08-28,Active,8839.28
C005421,Kamya Shah,Standard,Singrauli,Odisha,India,2024-10-19,Inactive,4170.19
C005422,Triya Purohit,Enterprise,Kota,Maharashtra,India,2023-10-27,Active,11128.67
C005423,Rushil Merchant,Premium,Pune,Gujarat,India,2024-09-19,Active,5572.77
C005424,Tanay Rai,Standard,Latur,Tripura,India,2024-10-07,Active,6140.7
C005425,Jyoti Singhal,Enterprise,Kamarhati,Andhra Pradesh,India,2025-07-20,Active,6525.02
C005426,Damyanti Raman,Standard,Solapur,Himachal Pradesh,India,2024-06-02,Active,12308.28
C005427,Mason Pathak,Standard,Madhyamgram,Telangana,India,2024-07-31,Active,6016.58
C005428,Lipika Dey,Enterprise,Shimla,Tripura,India,2023-08-08,Active,10032.95
C005429,Ikbal Sahni,Standard,Vijayawada,Madhya Pradesh,India,2025-06-11,Inactive,14029.04
C005430,Rehaan Srinivasan,Enterprise,Nellore,Rajasthan,India,2026-01-05,Active,15949.15
C005431,Umang Ratti,Standard,Mysore,Nagaland,India,2025-11-25,Active,10365.45
C005432,Abhiram Behl,Standard,Karnal,Rajasthan,India,2026-04-10,Active,7948.85
C005433,Anay Misra,Enterprise,Bongaigaon,Bihar,India,2024-11-23,Active,7007.84
C005434,Samar Shukla,Enterprise,Ambattur,Chhattisgarh,India,2026-06-14,Active,23991.06
C005435,Amruta Jhaveri,Standard,Dewas,Nagaland,India,2025-04-29,Active,7575.55
C005436,Rachita Tandon,Premium,Katihar,Bihar,India,2024-12-22,Inactive,15556.23
C005437,Zinal Bal,Standard,Amravati,Haryana,India,2025-08-15,Active,16945.19
C005438,Inaya Kalla,Premium,Jabalpur,Bihar,India,2024-09-22,Active,8059.28
C005439,Nirja Shan,Standard,Junagadh,Chhattisgarh,India,2024-04-12,Active,7851.72
C005440,Rachit Walla,Standard,Pallavaram,Chhattisgarh,India,2025-04-11,Active,9519.61
C005441,Kai Varkey,Enterprise,Bhilai,Gujarat,India,2026-05-17,Active,20037.72
C005442,Avni Keer,Standard,Jalgaon,Uttarakhand,India,2024-10-02,Active,9679.35
C005443,Ekaraj Chaudhary,Standard,Bhatpara,Telangana,India,2024-09-01,Active,6459.39
C005444,Anmol Sandhu,Standard,Mathura,Kerala,India,2026-04-23,Active,13296.68
C005445,Amaira Krish,Standard,Munger,West Bengal,India,2025-12-05,Active,3070.85
C005446,Xavier Swamy,Premium,Jorhat,Bihar,India,2024-06-29,Active,10609.64
C005447,Bina Saha,Premium,Aurangabad,Arunachal Pradesh,India,2025-10-16,Active,17087.04
C005448,Indali Palla,Premium,Ambattur,Telangana,India,2024-02-22,Inactive,12230.54
C005449,Rohan Palla,Standard,Faridabad,West Bengal,India,2024-08-24,Active,5597.67
C005450,Yoshita Memon,Standard,Bikaner,Telangana,India,2024-01-24,Active,9946.81
C005451,Naksh Minhas,Enterprise,Junagadh,Arunachal Pradesh,India,2026-05-08,Inactive,16023.67
C005452,Urvashi Ratti,Premium,Aurangabad,West Bengal,India,2025-05-25,Inactive,3428.5
C005453,Chaitanya Nagar,Standard,Rajpur Sonarpur,Nagaland,India,2025-07-14,Active,8807.41
C005454,Mugdha Mohanty,Standard,Nagaon,Punjab,India,2023-07-28,Active,3619.58
C005455,Mitali Badami,Premium,Rampur,Madhya Pradesh,India,2024-05-12,Active,3116.24
C005456,Peter Mani,Standard,Raebareli,Arunachal Pradesh,India,2024-02-20,Active,3523.45
C005457,Amol Sridhar,Standard,Jalandhar,Punjab,India,2024-03-30,Active,9658.46
C005458,Meera Peri,Premium,Bahraich,Tripura,India,2023-08-04,Active,20092.37
C005459,Madhavi Ghose,Enterprise,Alappuzha,Telangana,India,2024-11-06,Active,12580.68
C005460,Samar Manda,Standard,Ulhasnagar,Odisha,India,2023-09-23,Active,17474.9
C005461,Vincent Menon,Enterprise,Thoothukudi,Assam,India,2025-11-15,Active,7523.33
C005462,Kala Jani,Premium,Patna,Arunachal Pradesh,India,2025-03-11,Active,9130.5
C005463,Darpan Dani,Premium,Gurgaon,Assam,India,2023-07-10,Active,14465.88
C005464,Tanvi Sarkar,Premium,Hajipur,Punjab,India,2026-04-04,Active,10091.84
C005465,Chaman Jani,Standard,Indore,Uttarakhand,India,2026-05-23,Inactive,6823.49
C005466,Qabil Narang,Enterprise,Hospet,Chhattisgarh,India,2025-10-21,Active,1612.48
C005467,Rehaan Roy,Premium,Rourkela,Andhra Pradesh,India,2026-03-20,Active,11728.17
C005468,Anita Apte,Premium,Maheshtala,Mizoram,India,2026-01-04,Inactive,5510.02
C005469,Gautam Badami,Standard,Sambalpur,Uttarakhand,India,2024-09-25,Active,16168.64
C005470,Banjeet Patil,Standard,Purnia,Sikkim,India,2024-08-05,Active,5960.74
C005471,Darsh Oza,Standard,Shimla,Haryana,India,2024-12-17,Active,17974.76
C005472,Krish Seshadri,Enterprise,Tiruvottiyur,Madhya Pradesh,India,2025-06-12,Active,14516.29
C005473,Lila Bhattacharyya,Premium,Tinsukia,Kerala,India,2026-02-06,Active,7685.22
C005474,Kritika Vaidya,Premium,South Dumdum,West Bengal,India,2024-06-04,Active,12976.04
C005475,Garima Wagle,Standard,Gurgaon,Uttarakhand,India,2024-01-15,Active,9931.52
C005476,Rayaan Narang,Standard,Raebareli,Jharkhand,India,2024-03-05,Active,12855.77
C005477,Aadi Chacko,Standard,Ahmedabad,Madhya Pradesh,India,2024-07-01,Inactive,12086.36
C005478,Vasana Muni,Standard,Delhi,Sikkim,India,2025-06-28,Active,8703.43
C005479,Dayamai Aggarwal,Enterprise,Nadiad,Sikkim,India,2025-08-16,Active,17216.02
C005480,Gaurang Vyas,Premium,Tadepalligudem,Mizoram,India,2026-02-14,Active,2515.59
C005481,Abhiram Tailor,Standard,Kumbakonam,Tamil Nadu,India,2024-02-04,Active,14373.11
C005482,Pallavi Hari,Premium,Faridabad,Sikkim,India,2024-05-28,Active,3768.04
C005483,Chakrika Mangal,Enterprise,Warangal,Tripura,India,2025-09-12,Active,11699.08
C005484,Yashoda Thakur,Enterprise,Kadapa,Kerala,India,2023-10-04,Active,8908.93
C005485,Jalsa Chaudhry,Standard,Khandwa,Tamil Nadu,India,2024-04-23,Active,5440.22
C005486,Ucchal Mitter,Premium,Guntur,Maharashtra,India,2024-03-25,Inactive,9932.67
C005487,Gaurav Kumar,Premium,Aurangabad,Odisha,India,2026-05-28,Active,8696.02
C005488,Barkha Rai,Premium,Vadodara,Mizoram,India,2024-06-10,Active,11115.67
C005489,Samar Samra,Enterprise,Mehsana,Odisha,India,2024-07-28,Active,13667.71
C005490,Nikita Palla,Standard,Loni,Arunachal Pradesh,India,2023-08-21,Inactive,8995.87
C005491,Krisha Sahni,Standard,Avadi,Himachal Pradesh,India,2024-11-09,Active,10920.86
C005492,Baghyawati Talwar,Premium,Chinsurah,Sikkim,India,2023-11-12,Active,3510.22
C005493,Jagat Dar,Standard,Jammu,Chhattisgarh,India,2025-03-07,Inactive,9471.96
C005494,Jeremiah Rana,Standard,Patna,Sikkim,India,2026-03-27,Active,16800.25
C005495,Chameli Dhar,Standard,Pune,Mizoram,India,2025-12-02,Active,4524.14
C005496,Ronith Bains,Standard,Kamarhati,Rajasthan,India,2024-07-15,Active,8987.18
C005497,Ganga Chaudry,Enterprise,Arrah,Tripura,India,2026-06-09,Active,11141.21
C005498,Zaitra Pandya,Standard,Imphal,Chhattisgarh,India,2025-10-28,Active,7436.12
C005499,Madhav Padmanabhan,Premium,Karnal,Gujarat,India,2024-01-18,Active,18917.79
C005500,Wahab Kulkarni,Enterprise,Tadepalligudem,Goa,India,2025-10-29,Active,21529.87
C005501,Andrew Kannan,Premium,Guntur,Assam,India,2026-02-15,Active,10682.22
C005502,Jagrati Peri,Premium,Raipur,Rajasthan,India,2024-03-31,Active,6605.41
C005503,Reyansh Grover,Standard,Visakhapatnam,Telangana,India,2025-03-30,Active,4705.12
C005504,Barkha Chaudhari,Premium,Nadiad,Himachal Pradesh,India,2023-08-29,Active,9817.85
C005505,Chaitaly Kunda,Standard,Surat,Meghalaya,India,2026-03-23,Active,11670.25
C005506,Tripti Rajagopal,Standard,Kadapa,Odisha,India,2024-10-29,Active,13856.9
C005507,Madhav Chand,Standard,Meerut,Jharkhand,India,2025-02-16,Active,8801.63
C005508,Qasim Chanda,Standard,Thane,Punjab,India,2026-03-18,Active,6475.89
C005509,Nakul Varty,Standard,Bettiah,Haryana,India,2025-03-14,Active,8253.21
C005510,Vamakshi Kaul,Standard,Gopalpur,Chhattisgarh,India,2025-02-26,Active,4600.19
C005511,Deepa Bhatnagar,Standard,Sonipat,Maharashtra,India,2026-06-10,Inactive,9814.75
C005512,Unni Bhagat,Enterprise,Chinsurah,Uttarakhand,India,2023-07-08,Active,6141.09
C005513,Widisha Kulkarni,Standard,Srikakulam,Tamil Nadu,India,2025-08-05,Active,6585.01
C005514,Henry Rau,Enterprise,Ranchi,Maharashtra,India,2025-04-24,Active,7095.59
C005515,Anusha Sankar,Standard,Jalandhar,Assam,India,2025-08-19,Active,10788.17
C005516,Rachita Nanda,Standard,Durgapur,Uttar Pradesh,India,2025-11-06,Active,16800.35
C005517,Orinder Cheema,Standard,Vijayawada,Uttarakhand,India,2023-12-17,Active,9430.81
C005518,Charan Sharma,Standard,Ambarnath,Tamil Nadu,India,2024-02-15,Active,14904.03
C005519,Tejas Varkey,Premium,Sagar,Gujarat,India,2024-02-05,Active,10897.2
C005520,Aarnav Mani,Standard,Pondicherry,Uttarakhand,India,2024-10-27,Active,1309.6
C005521,Balendra Deshmukh,Standard,Darbhanga,Andhra Pradesh,India,2025-04-08,Active,11153.53
C005522,Anirudh Chaudhry,Enterprise,Thiruvananthapuram,Kerala,India,2025-11-16,Inactive,3248.9
C005523,Anusha Saxena,Standard,Akola,Tamil Nadu,India,2024-04-20,Active,14671.83
C005524,Krishna Rajan,Premium,Danapur,Bihar,India,2024-05-18,Active,4538.56
C005525,Anvi Shere,Enterprise,Kavali,Uttar Pradesh,India,2023-12-23,Active,6930.8
C005526,Zayyan Gandhi,Standard,Dehri,Mizoram,India,2025-11-17,Active,8394.89
C005527,Baljiwan Gokhale,Standard,Hapur,Andhra Pradesh,India,2023-12-11,Inactive,10261.43
C005528,Aachal Aggarwal,Enterprise,Visakhapatnam,Uttarakhand,India,2025-08-29,Inactive,9957.23
C005529,Wakeeta Jaggi,Standard,Tiruppur,Telangana,India,2025-07-04,Active,9079.97
C005530,Kamya Mann,Standard,Ludhiana,Karnataka,India,2025-07-12,Active,6602.51
C005531,Zayan Ghosh,Premium,Vasai-Virar,Punjab,India,2024-08-18,Active,7841.23
C005532,Upkaar Kulkarni,Standard,Gaya,Haryana,India,2025-05-07,Active,6182.15
C005533,Jacob Mohanty,Standard,Tenali,Bihar,India,2024-07-25,Active,8376.79
C005534,Rohan Ratta,Standard,Tumkur,Chhattisgarh,India,2026-06-17,Active,13143.74
C005535,Fiyaz Dutt,Standard,Mahbubnagar,Meghalaya,India,2026-05-12,Active,12564.01
C005536,Osha Garg,Standard,Panchkula,Tripura,India,2025-05-30,Active,5119.6
C005537,Falan Chacko,Premium,Bahraich,Assam,India,2024-10-24,Active,6121.05
C005538,Vinaya Mannan,Enterprise,Mira-Bhayandar,Sikkim,India,2024-07-01,Active,7516.55
C005539,Pallavi Trivedi,Standard,Sagar,Uttar Pradesh,India,2025-04-09,Active,11194.4
C005540,Manthan Ahluwalia,Standard,Hosur,Chhattisgarh,India,2025-09-13,Active,7488.64
C005541,Vanya Contractor,Standard,Mau,Tripura,India,2026-03-26,Inactive,8411.69
C005542,Krishna Sarin,Premium,Jalgaon,Bihar,India,2024-10-14,Active,7722.3
C005543,Oeshi Nayak,Standard,Alwar,Punjab,India,2025-11-03,Active,14936.97
C005544,Daniel Joshi,Standard,Arrah,Manipur,India,2025-08-17,Active,4730.32
C005545,Rachana Pandey,Standard,Gwalior,Mizoram,India,2025-09-14,Active,13228.96
C005546,Krishna Dash,Standard,Bidhannagar,Bihar,India,2025-09-08,Active,11848.55
C005547,Jason Gara,Enterprise,Imphal,Meghalaya,India,2025-08-23,Active,13411.58
C005548,Tristan Batra,Premium,Bhusawal,Himachal Pradesh,India,2024-07-22,Active,8007.43
C005549,Orinder Deo,Standard,Jodhpur,Himachal Pradesh,India,2025-06-16,Active,4527.87
C005550,Bhavini Kumar,Standard,Phagwara,Jharkhand,India,2024-04-23,Active,12338.74
C005551,Arunima Varkey,Standard,Shivpuri,Maharashtra,India,2024-06-10,Active,16898.62
C005552,Dhriti Chad,Standard,Bhilai,Uttar Pradesh,India,2023-11-27,Active,4834.49
C005553,Anika Palla,Premium,Kolkata,Arunachal Pradesh,India,2024-10-09,Active,10408.28
C005554,Sai Narula,Standard,Kamarhati,Goa,India,2024-03-10,Active,4265.68
C005555,Om Sami,Standard,Mathura,Punjab,India,2024-05-01,Active,5108.4
C005556,Benjamin Loke,Enterprise,Fatehpur,Bihar,India,2023-10-21,Active,12914.09
C005557,Upasna Ganguly,Enterprise,Agartala,Andhra Pradesh,India,2023-10-16,Active,15691.35
C005558,Qarin Balakrishnan,Standard,Jodhpur,Tamil Nadu,India,2025-02-10,Active,12933.14
C005559,Eshana Wable,Standard,Gorakhpur,Bihar,India,2025-11-03,Active,3309.62
C005560,Nidhi Pal,Enterprise,Dehradun,Meghalaya,India,2024-04-15,Active,10828.26
C005561,Ekansh Khosla,Standard,Bhagalpur,Meghalaya,India,2023-11-16,Active,10890.0
C005562,Jonathan Sane,Standard,Ahmedabad,Kerala,India,2023-12-19,Active,5003.22
C005563,Charvi Narasimhan,Enterprise,Jodhpur,Jharkhand,India,2023-07-14,Active,10516.88
C005564,Tripti Chawla,Standard,Tinsukia,Odisha,India,2024-12-31,Inactive,6902.09
C005565,Vritti Narasimhan,Standard,Siliguri,Maharashtra,India,2025-11-19,Active,6661.59
C005566,Theodore Kapur,Standard,Bettiah,Maharashtra,India,2025-06-24,Active,8133.16
C005567,Tanay Yadav,Standard,Muzaffarpur,Uttar Pradesh,India,2026-05-30,Active,4975.98
C005568,Upadhriti Chaudhari,Standard,Pimpri-Chinchwad,Punjab,India,2025-04-17,Active,11821.44
C005569,Dhruv Nori,Standard,Loni,Jharkhand,India,2025-06-22,Active,19652.36
C005570,Arya Narang,Standard,Bhiwandi,Punjab,India,2023-08-16,Active,14622.21
C005571,Kevin D’Alia,Enterprise,Khammam,Jharkhand,India,2024-12-19,Active,7792.78
C005572,Oni Raju,Standard,Nizamabad,Nagaland,India,2024-06-09,Active,7876.28
C005573,Xiti Dixit,Standard,Jaunpur,Meghalaya,India,2024-07-21,Active,16842.18
C005574,Omya Khurana,Standard,Sagar,Himachal Pradesh,India,2023-08-04,Active,10218.39
C005575,Meera Das,Enterprise,Tirupati,Sikkim,India,2023-09-22,Active,9330.09
C005576,Laksh Agate,Standard,Karnal,Nagaland,India,2024-11-06,Active,22121.06
C005577,Vihaan De,Standard,Raurkela Industrial Township,Odisha,India,2024-03-07,Inactive,28831.62
C005578,Benjamin Ganesh,Premium,Kishanganj,Meghalaya,India,2024-12-28,Active,6089.01
C005579,Finn Barad,Standard,Hospet,Nagaland,India,2023-10-19,Active,6765.0
C005580,Odika Ramanathan,Standard,Siwan,Jharkhand,India,2024-10-19,Active,14140.91
C005581,Jai Memon,Standard,New Delhi,West Bengal,India,2023-10-09,Active,8071.17
C005582,Vaishnavi Vig,Premium,Bhilwara,Kerala,India,2025-09-09,Active,8019.42
C005583,Balvan Brar,Standard,Shahjahanpur,Andhra Pradesh,India,2024-05-05,Active,6982.08
C005584,Orinder Chaudry,Standard,Munger,Gujarat,India,2025-01-22,Active,5218.98
C005585,Pushti Krishnan,Enterprise,Haridwar,Uttar Pradesh,India,2024-08-10,Active,5321.52
C005586,Vasudha Naik,Premium,Proddatur,Maharashtra,India,2024-01-03,Active,18075.02
C005587,Shivansh Nair,Enterprise,Hubli–Dharwad,Karnataka,India,2026-02-18,Active,10517.87
C005588,Lavanya Gokhale,Standard,Raipur,Haryana,India,2026-05-18,Active,15932.2
C005589,Libni Bedi,Premium,Suryapet,Goa,India,2025-07-11,Active,43953.57
C005590,Jalsa Deo,Standard,Udupi,Uttarakhand,India,2024-01-24,Active,3945.61
C005591,Bhavika Raghavan,Standard,Dhanbad,Goa,India,2024-12-26,Active,7724.65
C005592,Amol Sridhar,Standard,Alappuzha,Andhra Pradesh,India,2025-10-21,Active,9256.85
C005593,Aashi Jaggi,Standard,Giridih,Kerala,India,2026-06-13,Active,10535.56
C005594,Qabil Sinha,Standard,Udupi,Arunachal Pradesh,India,2025-10-16,Inactive,15477.18
C005595,Fariq Sagar,Standard,Suryapet,Meghalaya,India,2026-01-21,Active,10863.32
C005596,Yashawini Munshi,Premium,Khora ,Tamil Nadu,India,2025-04-11,Active,12907.73
C005597,Vanya Bhandari,Standard,Sagar,Gujarat,India,2024-08-03,Active,3833.92
C005598,Neel Wable,Premium,Guwahati,Chhattisgarh,India,2025-08-22,Inactive,2665.42
C005599,Theodore Dasgupta,Standard,Kozhikode,Tamil Nadu,India,2023-12-02,Active,4734.72
C005600,Harinakshi Parmer,Premium,Udaipur,Kerala,India,2026-03-03,Active,8933.27
C005601,Ijaya Korpal,Standard,Saharanpur,Tripura,India,2026-03-01,Active,10906.13
C005602,Aarna Rajan,Standard,Amaravati,Tamil Nadu,India,2024-06-19,Active,9397.83
C005603,Naksh Som,Premium,Pondicherry,Mizoram,India,2025-09-07,Active,7883.23
C005604,Chakrika Malhotra,Standard,Bhagalpur,Punjab,India,2024-11-28,Active,3961.89
C005605,Januja Jaggi,Standard,Dharmavaram,Assam,India,2023-12-20,Active,3466.42
C005606,Libni Sundaram,Enterprise,Kottayam,Punjab,India,2023-10-19,Active,8042.84
C005607,Alexander Comar,Standard,Rajkot,Karnataka,India,2025-09-03,Active,4838.25
C005608,Ria Hayer,Standard,Mehsana,Himachal Pradesh,India,2023-08-30,Inactive,5272.74
C005609,Advay Jain,Standard,Satara,Assam,India,2025-03-25,Active,9438.57
C005610,Ijaya Bajwa,Standard,Naihati,Assam,India,2025-05-17,Active,3955.29
C005611,Arin Mohan,Standard,Karawal Nagar,Himachal Pradesh,India,2023-10-20,Active,6133.28
C005612,Shravya Raj,Premium,Bhimavaram,Uttar Pradesh,India,2023-10-21,Active,9509.29
C005613,Ekantika Barad,Standard,Tiruppur,Madhya Pradesh,India,2026-05-20,Active,10356.76
C005614,Edhitha Kaur,Standard,Bijapur,Rajasthan,India,2026-05-01,Inactive,7244.39
C005615,Bhavna Loke,Enterprise,Mysore,Andhra Pradesh,India,2024-08-19,Active,6113.15
C005616,Tanay Trivedi,Premium,Bathinda,Gujarat,India,2025-07-31,Active,8989.65
C005617,Nimrat Jain,Standard,Bidar,Telangana,India,2025-04-09,Active,8711.27
C005618,Kalpit Solanki,Premium,North Dumdum,Tripura,India,2024-05-05,Active,7264.91
C005619,Varsha Anand,Standard,Chandrapur,Jharkhand,India,2025-09-19,Active,8300.42
C005620,Gopal Borde,Standard,Ghaziabad,Punjab,India,2025-10-11,Active,3952.29
C005621,Gaurika Vala,Standard,Srikakulam,Maharashtra,India,2024-07-05,Inactive,5566.81
C005622,Vrinda Naidu,Standard,Singrauli,Haryana,India,2024-03-20,Active,5844.33
C005623,Prisha Shetty,Standard,Junagadh,Assam,India,2024-03-24,Active,10306.42
C005624,Frederick Sahni,Standard,Hosur,Odisha,India,2026-01-28,Active,17281.32
C005625,Nilima Wali,Standard,Ghaziabad,Meghalaya,India,2025-09-23,Inactive,5185.98
C005626,Dayamai Sethi,Standard,Gandhidham,West Bengal,India,2023-08-31,Inactive,6117.64
C005627,Chaaya Dave,Standard,Proddatur,Assam,India,2025-06-29,Active,17021.75
C005628,Umang Naik,Standard,South Dumdum,Tripura,India,2025-08-28,Active,19913.45
C005629,Lakshmi Agarwal,Standard,Ulhasnagar,Rajasthan,India,2024-12-24,Inactive,10579.6
C005630,Vincent Prasad,Standard,Saharanpur,Rajasthan,India,2023-12-29,Active,8739.08
C005631,Oeshi Krish,Standard,Dhule,Jharkhand,India,2023-09-10,Active,12090.17
C005632,Amruta Konda,Enterprise,Saharsa,Himachal Pradesh,India,2024-09-29,Active,17087.37
C005633,Aahana Uppal,Premium,Ghaziabad,Chhattisgarh,India,2025-04-08,Active,3734.05
C005634,Rushil Rau,Standard,Nandyal,Meghalaya,India,2023-09-05,Active,11733.48
C005635,Reva Deo,Standard,Gopalpur,Assam,India,2024-01-11,Active,8287.85
C005636,Michael Pandey,Enterprise,Sambhal,Kerala,India,2024-12-04,Active,11810.65
C005637,Rayaan Sangha,Standard,Singrauli,Haryana,India,2024-04-06,Active,9998.32
C005638,Qasim Kara,Standard,Kadapa,West Bengal,India,2023-09-19,Active,10313.32
C005639,Jagdish Rattan,Standard,Patiala,Assam,India,2025-06-15,Active,12323.11
C005640,Neel Sharma,Enterprise,Bidar,West Bengal,India,2025-05-06,Active,10087.5
C005641,Banjeet Tandon,Standard,Thrissur,Goa,India,2024-08-31,Active,5786.84
C005642,Bhavika Sem,Enterprise,Karimnagar,Madhya Pradesh,India,2025-09-14,Active,8670.41
C005643,Eshana Sahni,Standard,Gulbarga,Telangana,India,2025-07-07,Active,20133.83
C005644,Onveer Maharaj,Premium,Baranagar,Punjab,India,2025-03-20,Inactive,12226.67
C005645,Tara Arya,Standard,Jammu,Uttarakhand,India,2023-08-16,Active,7130.08
C005646,Theodore Tella,Standard,Giridih,Tamil Nadu,India,2024-03-18,Active,11134.63
C005647,Urmi Bobal,Premium,Solapur,Uttar Pradesh,India,2026-01-02,Active,9565.27
C005648,Aishani Prashad,Enterprise,Gudivada,Telangana,India,2023-08-14,Active,5915.98
C005649,Ishani Ganesan,Enterprise,Danapur,Rajasthan,India,2024-04-29,Active,4697.16
C005650,Falak Grewal,Enterprise,Fatehpur,Himachal Pradesh,India,2023-10-07,Active,11048.06
C005651,Chakradhar Devi,Standard,Dindigul,Andhra Pradesh,India,2025-04-16,Active,4364.06
C005652,Idika Dutt,Standard,Sultan Pur Majra,West Bengal,India,2025-09-16,Active,8968.93
C005653,Irya Gill,Premium,Guwahati,Haryana,India,2025-12-30,Active,7253.6
C005654,Kala Edwin,Enterprise,Madurai,Maharashtra,India,2023-10-07,Active,7101.92
C005655,Dhriti Sidhu,Enterprise,Bongaigaon,Arunachal Pradesh,India,2025-04-20,Active,3140.38
C005656,Aachal Boase,Premium,Bareilly,Uttarakhand,India,2025-05-13,Active,1769.99
C005657,Tanish Gara,Standard,Gudivada,Uttar Pradesh,India,2026-05-30,Active,17342.3
C005658,Yamini Shukla,Enterprise,Jodhpur,Goa,India,2025-08-12,Active,5545.9
C005659,Turvi Raghavan,Standard,Bally,Madhya Pradesh,India,2025-03-07,Active,6389.4
C005660,Gaurika Iyer,Premium,Ujjain,Arunachal Pradesh,India,2024-12-27,Active,10375.91
C005661,Umang Venkataraman,Standard,Ujjain,Nagaland,India,2024-06-30,Active,8736.13
C005662,Rehaan Sathe,Standard,Amravati,Manipur,India,2025-04-16,Active,14060.7
C005663,Warda Sarkar,Standard,Raurkela Industrial Township,Andhra Pradesh,India,2023-08-18,Active,4594.38
C005664,Darsh Natarajan,Standard,Erode,Tripura,India,2025-07-17,Active,8854.23
C005665,Siya Bora,Standard,Shahjahanpur,Chhattisgarh,India,2023-09-04,Active,9849.16
C005666,Deepa Krishnamurthy,Premium,Sultan Pur Majra,Tamil Nadu,India,2023-09-21,Active,6169.54
C005667,Faqid Wadhwa,Standard,Alappuzha,Madhya Pradesh,India,2024-06-29,Active,5241.04
C005668,Zinal Apte,Premium,Surat,Gujarat,India,2025-01-26,Active,2968.18
C005669,Ekbal Talwar,Standard,Yamunanagar,Bihar,India,2026-06-07,Active,4547.38
C005670,Jagvi Hora,Standard,Jaipur,Meghalaya,India,2025-05-09,Inactive,29187.94
C005671,Qadim Mitra,Enterprise,Berhampore,Chhattisgarh,India,2024-07-29,Active,3744.82
C005672,Nachiket Talwar,Standard,Bhind,Madhya Pradesh,India,2025-05-11,Active,9939.17
C005673,Udant Prabhu,Standard,Dhule,Odisha,India,2025-03-30,Active,3103.74
C005674,Chandran Sundaram,Standard,Ludhiana,Uttar Pradesh,India,2024-07-09,Active,6887.46
C005675,Tanvi Chakrabarti,Premium,Raipur,Meghalaya,India,2025-05-28,Active,2103.15
C005676,Balhaar Sathe,Standard,Vadodara,Maharashtra,India,2026-01-23,Active,18216.25
C005677,Gavin Guha,Standard,Ambala,Tamil Nadu,India,2023-12-13,Active,4674.62
C005678,Sanaya Kumar,Premium,Sambhal,Gujarat,India,2026-02-23,Active,13306.91
C005679,Netra Rajagopal,Standard,Dewas,Telangana,India,2023-06-27,Active,7701.16
C005680,Nidhi Dhar,Standard,Gaya,Rajasthan,India,2024-07-30,Active,3591.56
C005681,Urmi Shenoy,Standard,Raurkela Industrial Township,Uttarakhand,India,2023-11-06,Active,6916.24
C005682,Aahana Tailor,Premium,Chandrapur,Arunachal Pradesh,India,2024-11-20,Active,22275.87
C005683,Osha Bora,Premium,Nanded,Uttarakhand,India,2024-01-12,Active,7120.84
C005684,Tanvi Shah,Enterprise,Hubli–Dharwad,Tamil Nadu,India,2024-11-02,Active,11245.52
C005685,Anvi Koshy,Standard,Kulti,West Bengal,India,2025-11-01,Active,11673.31
C005686,Kritika Chada,Premium,Ulhasnagar,Tripura,India,2024-04-20,Active,13088.29
C005687,Rehaan Sharaf,Premium,Raebareli,Odisha,India,2026-03-17,Active,9471.31
C005688,Ayush Grover,Standard,Bokaro,Arunachal Pradesh,India,2024-06-15,Active,7484.89
C005689,Azaan Handa,Enterprise,Durg,Rajasthan,India,2024-05-06,Active,3810.48
C005690,Chaman Pingle,Standard,Nagpur,Manipur,India,2024-01-12,Active,11346.92
C005691,Banjeet Gera,Standard,Bhimavaram,West Bengal,India,2024-02-28,Active,13457.57
C005692,Divya Gulati,Enterprise,Kharagpur,Karnataka,India,2024-06-04,Inactive,13019.88
C005693,Zehaan Salvi,Standard,Berhampur,Punjab,India,2024-04-19,Active,6112.34
C005694,Yoshita Raj,Premium,Guntur,Tripura,India,2024-12-31,Active,10674.85
C005695,Avni Chauhan,Premium,Maheshtala,Tamil Nadu,India,2024-09-19,Active,13046.3
C005696,Ladli Chaudhary,Enterprise,Bettiah,Tripura,India,2026-02-02,Inactive,6721.72
C005697,Tara Kadakia,Standard,Jorhat,Meghalaya,India,2024-10-27,Active,5849.44
C005698,Unnati Sinha,Standard,Bangalore,Assam,India,2025-11-17,Active,15024.21
C005699,Anay Desai,Standard,Mirzapur,Assam,India,2026-06-20,Active,13941.13
C005700,Samaksh Dey,Premium,Saharanpur,Himachal Pradesh,India,2024-07-14,Active,12903.56
C005701,Kai Mallick,Standard,Nashik,Meghalaya,India,2024-05-14,Active,5255.15
C005702,Bahadurjit Bhattacharyya,Standard,Gaya,Rajasthan,India,2024-01-03,Active,23644.11
C005703,Rachita Saran,Standard,Dharmavaram,West Bengal,India,2025-01-08,Active,8621.5
C005704,Nandini Bala,Premium,Bhagalpur,Tamil Nadu,India,2025-05-16,Active,6825.54
C005705,Advay Badal,Premium,Vasai-Virar,Odisha,India,2025-05-26,Active,4723.59
C005706,Janani Patel,Standard,Jammu,Bihar,India,2026-02-24,Active,8263.19
C005707,Vasana Oak,Premium,Mangalore,Manipur,India,2026-05-06,Active,7127.64
C005708,Utkarsh Barman,Standard,Bhagalpur,Bihar,India,2024-04-26,Active,9429.25
C005709,Krish Sheth,Standard,Fatehpur,Andhra Pradesh,India,2025-10-20,Active,11174.89
C005710,Wriddhish Bera,Standard,Ranchi,Kerala,India,2026-03-20,Active,2353.03
C005711,Jagvi Balan,Standard,Rourkela,Haryana,India,2025-08-28,Active,14225.61
C005712,Krish Ganesh,Premium,Nashik,Arunachal Pradesh,India,2024-04-18,Active,7753.47
C005713,Waida Sehgal,Standard,Bellary,Sikkim,India,2024-11-27,Active,9793.12
C005714,Aadi Bains,Standard,Parbhani,Haryana,India,2023-12-16,Active,11567.32
C005715,Ishita Kaur,Enterprise,Nashik,Punjab,India,2026-03-20,Active,7564.61
C005716,Xalak Kade,Premium,Malegaon,Odisha,India,2023-12-15,Active,12202.2
C005717,Isaac Mahal,Enterprise,Kakinada,Telangana,India,2024-02-25,Active,6315.41
C005718,Dakshesh Vora,Premium,Karaikudi,Sikkim,India,2023-12-24,Active,13882.71
C005719,Siddharth Srinivasan,Premium,Naihati,Manipur,India,2023-12-15,Active,11177.18
C005720,Darika Dora,Enterprise,Rajkot,West Bengal,India,2025-07-02,Active,17831.9
C005721,Pallavi Kuruvilla,Premium,Kalyan-Dombivli,Mizoram,India,2026-05-19,Active,4383.33
C005722,Unnati Bhattacharyya,Standard,Indore,Uttarakhand,India,2023-08-09,Inactive,6840.12
C005723,Vedhika Kohli,Enterprise,Rajahmundry,Manipur,India,2026-05-11,Inactive,15685.71
C005724,Nakul Om,Premium,Ajmer,Kerala,India,2025-07-11,Active,15876.72
C005725,Samarth Gupta,Standard,Anantapuram,Sikkim,India,2026-03-25,Active,8589.26
C005726,Rajata Prakash,Standard,Katni,Odisha,India,2025-10-19,Active,11873.8
C005727,Yachana Bakshi,Standard,Nagpur,Maharashtra,India,2025-11-13,Active,6421.99
C005728,Samarth Nagy,Standard,Nellore,Himachal Pradesh,India,2024-10-16,Active,19817.66
C005729,Hiral Sangha,Premium,Tiruppur,West Bengal,India,2026-04-29,Active,5177.59
C005730,Balveer Parsa,Standard,North Dumdum,Rajasthan,India,2026-01-26,Active,6616.08
C005731,Jai Andra,Standard,Belgaum,Manipur,India,2024-03-01,Active,9132.06
C005732,Faqid Natt,Standard,Bijapur,Manipur,India,2023-10-22,Active,15588.73
C005733,Matthew Korpal,Premium,Delhi,Uttarakhand,India,2023-09-09,Active,4972.58
C005734,Ekta Modi,Enterprise,Shivpuri,Manipur,India,2024-09-24,Active,8556.42
C005735,Aarini Kapadia,Standard,Sonipat,Andhra Pradesh,India,2025-09-28,Active,8035.13
C005736,Ayushman Devi,Standard,Dehradun,West Bengal,India,2026-03-07,Active,6160.37
C005737,Ishanvi Chakrabarti,Enterprise,Alappuzha,Himachal Pradesh,India,2026-01-22,Active,9198.05
C005738,Yashasvi Yogi,Standard,Dindigul,Odisha,India,2025-06-22,Active,16380.11
C005739,Wakeeta Kannan,Standard,Ghaziabad,Uttarakhand,India,2025-11-21,Active,10196.96
C005740,Yug Tank,Premium,Ichalkaranji,Uttar Pradesh,India,2025-09-28,Active,19825.91
C005741,Ranbir Dass,Premium,Jehanabad,Assam,India,2026-04-25,Active,9228.87
C005742,Sathvik Shankar,Standard,Kollam,Uttarakhand,India,2024-07-10,Active,8641.28
C005743,Abhiram Chada,Standard,Jamnagar,Telangana,India,2025-04-10,Active,14514.86
C005744,Ishwar Swaminathan,Standard,Durg,Uttar Pradesh,India,2024-02-13,Active,24671.94
C005745,Manan Bedi,Standard,Hapur,Gujarat,India,2024-03-05,Active,12098.82
C005746,Michael Dara,Standard,Kishanganj,Uttarakhand,India,2026-05-25,Active,12684.44
C005747,Amrita Jain,Premium,Danapur,West Bengal,India,2025-12-18,Active,8031.68
C005748,Zinal Agrawal,Enterprise,Khora ,West Bengal,India,2026-04-13,Active,13109.26
C005749,Sathvik Borra,Premium,Firozabad,Tripura,India,2024-03-24,Active,8471.85
C005750,Gaurika Desai,Premium,Kalyan-Dombivli,Punjab,India,2023-07-16,Active,12697.28
C005751,Dalbir Gera,Standard,Meerut,Assam,India,2025-01-06,Active,3540.51
C005752,Shravya Bandi,Standard,Bhalswa Jahangir Pur,Sikkim,India,2025-05-31,Active,6089.64
C005753,Harrison Menon,Standard,Baranagar,Andhra Pradesh,India,2025-06-07,Active,6751.45
C005754,Advik Radhakrishnan,Enterprise,Nangloi Jat,Gujarat,India,2025-01-23,Active,10826.28
C005755,Maya Apte,Enterprise,Ajmer,Manipur,India,2025-08-23,Active,9444.08
C005756,Azad Choudhury,Standard,Tenali,Sikkim,India,2025-06-02,Active,14509.56
C005757,Reva Pandya,Standard,Madurai,Goa,India,2024-02-08,Active,7609.33
C005758,Amruta Seth,Standard,Aligarh,Manipur,India,2024-11-08,Active,22233.35
C005759,Zashil Chokshi,Standard,Hindupur,Arunachal Pradesh,India,2026-04-14,Active,8407.04
C005760,Ridhi Munshi,Standard,Mirzapur,Punjab,India,2025-02-04,Active,6568.07
C005761,Ijaya Hayre,Enterprise,Jalna,Haryana,India,2023-09-17,Active,5195.84
C005762,Harita Kapoor,Standard,Gandhidham,Goa,India,2026-04-05,Active,6640.58
C005763,Tripti Mammen,Premium,Hazaribagh,Assam,India,2025-03-02,Active,7699.44
C005764,Priya Ghose,Standard,Rewa,Uttar Pradesh,India,2023-11-08,Active,11469.8
C005765,Kabir Raval,Standard,Jabalpur,Bihar,India,2026-04-16,Active,12473.93
C005766,Samaksh Kurian,Standard,Patiala,Himachal Pradesh,India,2025-07-21,Active,5075.83
C005767,Osha Warrior,Standard,Miryalaguda,Arunachal Pradesh,India,2024-07-06,Active,8517.35
C005768,Anusha Nadkarni,Standard,New Delhi,Tripura,India,2024-11-11,Active,8011.92
C005769,Patrick Goswami,Standard,Proddatur,Sikkim,India,2026-02-24,Active,9272.26
C005770,Bahadurjit Prasad,Enterprise,Thrissur,Uttar Pradesh,India,2024-03-03,Active,13900.27
C005771,Advay Bedi,Premium,Erode,Kerala,India,2026-02-22,Active,11478.82
C005772,Gabriel Sen,Standard,Bikaner,Madhya Pradesh,India,2024-09-14,Active,21146.01
C005773,Leena Vala,Standard,Kolhapur,Uttarakhand,India,2025-12-08,Active,11012.1
C005774,Riya Johal,Standard,Bhilai,Karnataka,India,2025-04-02,Active,6876.54
C005775,Utkarsh Trivedi,Standard,Navi Mumbai,Madhya Pradesh,India,2023-08-17,Inactive,3245.13
C005776,Riya Barad,Premium,Ghaziabad,Punjab,India,2023-10-30,Active,13231.55
C005777,Tarak Gara,Premium,Agartala,Telangana,India,2024-11-24,Active,6209.93
C005778,Bhavika Dugal,Standard,Durg,Karnataka,India,2023-12-30,Active,4544.98
C005779,Kabir Atwal,Premium,Patiala,Haryana,India,2025-05-02,Active,4553.33
C005780,Yutika Dara,Standard,Bhilwara,Bihar,India,2026-02-21,Active,9425.24
C005781,Amol Chandra,Standard,Bhopal,Madhya Pradesh,India,2026-06-03,Active,16682.08
C005782,Wridesh Thaman,Premium,Bharatpur,Odisha,India,2024-10-10,Active,19977.01
C005783,Ekantika Kala,Standard,Guna,Punjab,India,2025-03-02,Active,4986.65
C005784,Urvashi Golla,Premium,Deoghar,Himachal Pradesh,India,2024-02-07,Active,7321.87
C005785,Chasmum Luthra,Standard,Kurnool,Kerala,India,2025-02-02,Active,13860.17
C005786,Jeremiah Pillai,Enterprise,Sonipat,Assam,India,2024-01-23,Active,11197.54
C005787,Champak Gola,Standard,Miryalaguda,Jharkhand,India,2026-06-02,Active,3283.89
C005788,Chanchal Sabharwal,Enterprise,Panchkula,Arunachal Pradesh,India,2025-11-23,Active,10659.26
C005789,Akshay Nazareth,Standard,Phusro,Uttarakhand,India,2024-09-23,Active,3601.73
C005790,Janaki Kohli,Standard,Gwalior,Meghalaya,India,2025-11-03,Active,12756.97
C005791,Guneet Sekhon,Standard,Kumbakonam,Andhra Pradesh,India,2025-10-08,Active,4322.86
C005792,Mahika Purohit,Premium,Rajkot,Jharkhand,India,2024-03-22,Inactive,15726.48
C005793,Sneha Manda,Premium,Silchar,Sikkim,India,2026-06-19,Active,10908.91
C005794,Bishakha Babu,Premium,Tiruppur,Telangana,India,2026-02-17,Active,11584.15
C005795,Forum Om,Standard,Solapur,Himachal Pradesh,India,2025-02-16,Active,5375.83
C005796,Akshay Mody,Standard,Serampore,Meghalaya,India,2026-03-12,Active,5811.4
C005797,Orinder Narasimhan,Enterprise,Gwalior,Rajasthan,India,2025-11-26,Active,30016.5
C005798,Azad Shere,Premium,Pondicherry,Goa,India,2023-07-12,Active,14715.86
C005799,Dakshesh Balasubramanian,Standard,Bhubaneswar,Uttar Pradesh,India,2024-09-26,Active,9396.01
C005800,Harinakshi Patla,Standard,Madhyamgram,Goa,India,2024-10-16,Active,5294.85
C005801,Rajata Bhat,Standard,Kharagpur,Karnataka,India,2026-04-14,Inactive,13754.96
C005802,Pratyush Patla,Standard,Begusarai,Tripura,India,2024-07-21,Active,12042.3
C005803,Nikita Sridhar,Enterprise,Kanpur,Haryana,India,2023-09-01,Active,8557.42
C005804,Gaurav Patla,Premium,Mau,Odisha,India,2023-10-26,Active,9245.6
C005805,Omya Saha,Standard,Chandigarh,Haryana,India,2023-08-15,Active,9569.96
C005806,Max Savant,Standard,Rajpur Sonarpur,Tripura,India,2024-08-31,Active,11339.53
C005807,Aahana Saini,Premium,Raipur,Jharkhand,India,2026-03-28,Active,19925.42
C005808,Bachittar Tella,Premium,Varanasi,Punjab,India,2025-07-21,Active,22351.67
C005809,Niharika Chaudhary,Premium,Fatehpur,Punjab,India,2025-09-24,Active,10421.21
C005810,Aarna Khurana,Standard,Karawal Nagar,Manipur,India,2024-09-10,Active,11033.06
C005811,Oviya Murthy,Standard,Srinagar,Meghalaya,India,2025-09-05,Active,8884.26
C005812,Zayan Rattan,Enterprise,Kumbakonam,Bihar,India,2025-10-04,Active,22001.59
C005813,Ekantika Chakrabarti,Enterprise,Haldia,Tamil Nadu,India,2025-11-24,Active,9370.41
C005814,Janya Ben,Standard,Raichur,Andhra Pradesh,India,2023-10-20,Active,7364.85
C005815,Ronith Sanghvi,Standard,Singrauli,Himachal Pradesh,India,2025-12-01,Active,6132.53
C005816,Riya Ganesan,Standard,Nagercoil,Haryana,India,2024-10-02,Active,3849.14
C005817,Omkaar Vala,Premium,Gaya,Tripura,India,2025-10-06,Active,11652.29
C005818,Yoshita Sharaf,Enterprise,Patna,Haryana,India,2025-10-31,Active,9328.47
C005819,Faqid Nayak,Premium,Ranchi,Haryana,India,2024-10-29,Active,6449.31
C005820,Jagrati Karan,Standard,Tinsukia,Chhattisgarh,India,2025-05-26,Active,5284.62
C005821,Vritti Sampath,Standard,Rajpur Sonarpur,Telangana,India,2025-12-01,Active,10300.52
C005822,Samarth Dasgupta,Enterprise,Delhi,Himachal Pradesh,India,2024-11-27,Active,6082.73
C005823,Turvi Mittal,Premium,Amravati,Bihar,India,2026-05-21,Active,3744.7
C005824,Jatin Nadkarni,Premium,Phusro,Chhattisgarh,India,2024-04-19,Active,5372.83
C005825,Edhitha Narayanan,Enterprise,Jaunpur,Kerala,India,2025-11-03,Active,9669.71
C005826,Yutika Bains,Standard,Bhagalpur,Mizoram,India,2025-12-24,Active,6162.49
C005827,Omya Bhagat,Standard,Ranchi,Karnataka,India,2025-08-06,Active,14815.42
C005828,Bina Chand,Standard,Udaipur,Maharashtra,India,2023-12-10,Active,6957.03
C005829,Noah Rajagopalan,Standard,Vijayanagaram,Himachal Pradesh,India,2024-10-21,Active,8553.19
C005830,Indrajit De,Enterprise,Ambala,Uttar Pradesh,India,2023-07-06,Active,7619.81
C005831,Sarthak Char,Premium,Muzaffarpur,Telangana,India,2025-01-29,Active,11315.07
C005832,Vivaan Patla,Premium,Katihar,Madhya Pradesh,India,2023-11-12,Active,9620.92
C005833,Abeer Uppal,Standard,Alappuzha,Arunachal Pradesh,India,2025-12-26,Active,9336.33
C005834,Isaiah Srivastava,Premium,Howrah,Rajasthan,India,2024-06-12,Active,14290.5
C005835,Eesha Anne,Enterprise,Siwan,Meghalaya,India,2024-06-06,Active,10088.8
C005836,Jasmit Shroff,Premium,Nandyal,Chhattisgarh,India,2024-01-06,Active,10294.7
C005837,Bhavika Bansal,Standard,Malegaon,Punjab,India,2023-08-09,Active,13931.86
C005838,Shravya Sibal,Standard,Bally,Haryana,India,2026-04-13,Active,8627.93
C005839,Oviya Sinha,Standard,Nadiad,Uttarakhand,India,2026-05-04,Inactive,10521.16
C005840,Joshua Mishra,Standard,Muzaffarpur,Sikkim,India,2023-10-25,Active,17624.49
C005841,Aditya Prabhu,Enterprise,Berhampore,Tamil Nadu,India,2024-03-16,Active,7503.94
C005842,Mekhala Kalla,Premium,Gangtok,Punjab,India,2026-04-28,Active,9266.08
C005843,Caleb Sur,Standard,Karawal Nagar,Nagaland,India,2025-04-01,Active,25749.64
C005844,Girik Parmar,Standard,Narasaraopet,West Bengal,India,2026-04-12,Inactive,14040.85
C005845,Joshua Saran,Enterprise,Sri Ganganagar,Nagaland,India,2025-06-11,Active,5199.27
C005846,Dominic Wali,Standard,Phusro,Odisha,India,2023-10-11,Active,9320.83
C005847,Ojas Pal,Standard,Barasat,Assam,India,2025-08-09,Active,13539.0
C005848,Hardik Chaudhari,Standard,Jabalpur,Odisha,India,2024-09-24,Active,8159.7
C005849,Radhika Bhat,Enterprise,Kolkata,Karnataka,India,2025-09-08,Active,6993.42
C005850,Meghana Kakar,Standard,Mango,Assam,India,2023-11-01,Active,15953.41
C005851,Damyanti Kaul,Enterprise,Bulandshahr,Tamil Nadu,India,2025-07-21,Inactive,14876.71
C005852,Meghana Subramaniam,Standard,Guna,Tripura,India,2025-07-10,Active,13672.29
C005853,Sudiksha Sarna,Standard,North Dumdum,Kerala,India,2024-08-22,Active,14564.67
C005854,Nandini Bansal,Premium,Junagadh,Andhra Pradesh,India,2026-03-28,Active,9921.54
C005855,Bhavini Sant,Standard,Navi Mumbai,Uttarakhand,India,2025-01-26,Active,14979.31
C005856,Girik Rau,Enterprise,Mau,Tripura,India,2023-08-31,Active,10879.5
C005857,Bhavani Walia,Standard,Ahmednagar,Uttarakhand,India,2023-06-27,Inactive,9907.1
C005858,Simon Anne,Premium,Miryalaguda,Maharashtra,India,2024-09-13,Active,5955.99
C005859,Warda Wagle,Standard,Rajkot,Madhya Pradesh,India,2026-03-03,Active,1863.21
C005860,Siya Chhabra,Standard,Panvel,Nagaland,India,2026-02-15,Inactive,9536.27
C005861,Zayyan Hora,Standard,Alappuzha,Mizoram,India,2024-04-30,Active,8408.02
C005862,Ryan Purohit,Premium,Singrauli,Jharkhand,India,2025-01-08,Active,13283.62
C005863,Gunbir Basak,Standard,Karimnagar,Tripura,India,2025-02-01,Active,12518.41
C005864,Kala Ganguly,Enterprise,Shahjahanpur,Telangana,India,2025-11-15,Active,8931.72
C005865,Luke Gokhale,Standard,Kavali,Manipur,India,2023-08-19,Active,22309.3
C005866,Chanakya Mistry,Enterprise,Bardhaman,Nagaland,India,2023-08-04,Active,26050.21
C005867,Manbir Madan,Standard,Berhampore,Sikkim,India,2026-03-31,Active,10210.63
C005868,Aayush Kamdar,Standard,Vadodara,Chhattisgarh,India,2023-08-29,Active,11991.08
C005869,Manan Balasubramanian,Standard,Parbhani,Madhya Pradesh,India,2026-01-21,Active,5512.69
C005870,Omaja Sarin,Premium,Bhiwani,Odisha,India,2026-03-05,Active,13286.3
C005871,Dalaja Chawla,Premium,Madhyamgram,Tamil Nadu,India,2025-10-21,Active,14120.49
C005872,Meghana Srinivas,Standard,Mango,Maharashtra,India,2023-07-30,Active,10607.08
C005873,Yochana Chhabra,Standard,Asansol,Madhya Pradesh,India,2025-10-14,Active,8738.27
C005874,Bahadurjit Srivastava,Standard,Agra,Odisha,India,2026-02-18,Active,18339.96
C005875,Sachi Balakrishnan,Standard,Miryalaguda,Chhattisgarh,India,2025-09-22,Active,6345.05
C005876,Ikshita Bajaj,Standard,Ambattur,Jharkhand,India,2025-12-23,Active,6627.4
C005877,Vamakshi Lad,Standard,Amritsar,Jharkhand,India,2025-05-13,Active,6407.56
C005878,Udyati Tak,Standard,Jalna,Tripura,India,2023-08-13,Active,2382.5
C005879,Bimala Behl,Standard,Bareilly,Tamil Nadu,India,2026-06-07,Active,7761.93
C005880,Ethan Kapadia,Standard,Coimbatore,Gujarat,India,2025-08-13,Active,16613.93
C005881,Hardik Chandra,Standard,Hosur,Arunachal Pradesh,India,2026-01-24,Inactive,13087.73
C005882,Bahadurjit Modi,Standard,Nagercoil,Andhra Pradesh,India,2025-06-28,Active,10925.67
C005883,Ikshita Desai,Standard,Nanded,Manipur,India,2026-02-13,Active,9497.99
C005884,Harshil Sathe,Standard,Farrukhabad,Karnataka,India,2025-08-04,Active,8248.36
C005885,Harini Mohanty,Standard,Gaya,Meghalaya,India,2025-09-15,Active,5156.21
C005886,Zarna Saran,Premium,Raebareli,Nagaland,India,2025-10-15,Active,7723.92
C005887,Umang Nadkarni,Premium,Raebareli,Nagaland,India,2025-07-11,Active,4594.11
C005888,Anay Kaur,Premium,Khandwa,Rajasthan,India,2025-04-28,Active,16104.9
C005889,Indrajit Buch,Enterprise,Gandhinagar,Telangana,India,2026-04-12,Active,4801.6
C005890,Akshay Handa,Premium,Ozhukarai,Chhattisgarh,India,2025-04-08,Active,2851.23
C005891,David Savant,Standard,Agra,Telangana,India,2026-04-17,Active,10401.1
C005892,Odika Deep,Standard,Coimbatore,Gujarat,India,2024-01-27,Active,10887.92
C005893,Chanchal Jaggi,Standard,Shimla,Arunachal Pradesh,India,2024-11-16,Active,5195.11
C005894,Vamakshi Pathak,Standard,Bettiah,Haryana,India,2025-05-09,Inactive,16829.71
C005895,Tejas Vala,Standard,Vasai-Virar,Uttarakhand,India,2024-03-01,Active,5873.05
C005896,Dhruv Natt,Standard,Pudukkottai,Meghalaya,India,2025-10-26,Active,14910.15
C005897,Gautami Amble,Standard,Kollam,Sikkim,India,2023-07-07,Active,13225.89
C005898,Anjali Gara,Standard,Kamarhati,Assam,India,2026-04-17,Active,6347.87
C005899,Omaja Sampath,Premium,Bhiwani,Tripura,India,2025-06-03,Active,5833.79
C005900,Jeremiah Kapur,Standard,Unnao,Goa,India,2024-08-13,Active,8343.73
C005901,Nidhi Walia,Premium,Gudivada,Himachal Pradesh,India,2025-08-22,Active,10431.38
C005902,Bakhshi Hora,Standard,Bhavnagar,Chhattisgarh,India,2025-06-09,Active,7964.92
C005903,Ishanvi Ravel,Enterprise,Karawal Nagar,West Bengal,India,2024-04-22,Active,10319.66
C005904,Yashvi Parmer,Premium,Kota,Tamil Nadu,India,2025-07-04,Active,9323.04
C005905,Gopal Kata,Premium,Kochi,Telangana,India,2025-06-29,Active,5291.18
C005906,Ucchal Agate,Standard,Yamunanagar,Goa,India,2024-10-13,Active,8618.99
C005907,Sanaya Prakash,Standard,Guntur,Gujarat,India,2023-12-19,Active,6329.2
C005908,Wakeeta Wali,Standard,Sirsa,Uttar Pradesh,India,2025-11-14,Active,13038.41
C005909,Saksham Murthy,Enterprise,Kottayam,Punjab,India,2025-02-25,Active,14457.17
C005910,Daniel Loyal,Standard,Tirupati,Karnataka,India,2024-12-15,Active,5562.45
C005911,Amara Loyal,Premium,Ahmedabad,West Bengal,India,2023-09-02,Active,5145.88
C005912,Yashica Varghese,Standard,Rohtak,Goa,India,2026-04-14,Active,14590.01
C005913,Zayan Sodhi,Premium,Naihati,West Bengal,India,2025-01-02,Active,11846.03
C005914,Samuel Wali,Standard,Hapur,Punjab,India,2024-10-30,Active,22780.91
C005915,Varenya Jain,Standard,Gurgaon,West Bengal,India,2025-09-18,Active,7329.37
C005916,Joshua Biswas,Enterprise,Morena,Manipur,India,2025-10-29,Active,14524.84
C005917,Yutika Gara,Standard,Motihari,Uttar Pradesh,India,2024-10-24,Active,11151.41
C005918,Tanvi Upadhyay,Premium,Morena,Manipur,India,2024-09-26,Inactive,10937.09
C005919,Andrew Mandal,Premium,Nellore,Telangana,India,2025-10-15,Active,10590.97
C005920,Balvan Rege,Standard,Jaipur,Tripura,India,2026-06-15,Active,2540.75
C005921,Nathan Kalla,Standard,Firozabad,Himachal Pradesh,India,2024-09-29,Active,18835.54
C005922,Ishanvi Contractor,Premium,Morena,Tamil Nadu,India,2026-03-07,Active,11905.03
C005923,Amrita Merchant,Standard,Bokaro,Andhra Pradesh,India,2025-12-17,Active,8828.56
C005924,Xiti Peri,Enterprise,Shahjahanpur,Rajasthan,India,2023-11-04,Active,24368.36
C005925,Samar Gupta,Standard,Kishanganj,Goa,India,2024-07-11,Active,10183.41
C005926,Balendra Amble,Premium,Gorakhpur,Tamil Nadu,India,2025-07-08,Active,21378.99
C005927,Manan Kata,Standard,Aurangabad,Jharkhand,India,2024-10-01,Active,5520.43
C005928,Omya Bawa,Standard,Jhansi,Nagaland,India,2023-07-15,Active,13113.46
C005929,Raghav Gopal,Enterprise,Karnal,Bihar,India,2024-03-29,Active,8502.87
C005930,Aarav Krishnamurthy,Enterprise,Kharagpur,Madhya Pradesh,India,2024-06-23,Active,16314.92
C005931,Nilima Chandra,Premium,Raipur,Sikkim,India,2024-09-03,Active,3640.03
C005932,Yashvi Bahri,Standard,Delhi,Punjab,India,2025-09-06,Active,6182.19
C005933,Omya Garg,Standard,Jamshedpur,Meghalaya,India,2024-09-21,Active,5781.65
C005934,Vedhika Hayre,Standard,Tezpur,Himachal Pradesh,India,2025-04-08,Active,12194.91
C005935,Zayan Pal,Enterprise,Danapur,Punjab,India,2023-11-24,Active,14032.02
C005936,Gaurang Bumb,Standard,Orai,Punjab,India,2025-03-26,Active,11496.33
C005937,Aryan Kurian,Premium,Pondicherry,Rajasthan,India,2024-12-24,Active,6857.91
C005938,Kamala Bobal,Standard,Tiruppur,Meghalaya,India,2024-12-08,Active,9836.93
C005939,Brijesh Vala,Standard,Delhi,Nagaland,India,2024-01-12,Active,5566.67
C005940,Diya Barad,Enterprise,Thrissur,Andhra Pradesh,India,2024-03-29,Active,17101.02
C005941,Aryan Dayal,Enterprise,Khora ,Jharkhand,India,2023-07-31,Active,7690.66
C005942,Ucchal Raja,Premium,Darbhanga,Goa,India,2024-03-12,Active,10546.59
C005943,Prisha Chandran,Enterprise,Rewa,Maharashtra,India,2024-12-09,Active,6656.9
C005944,Odika Madan,Standard,Cuttack,Maharashtra,India,2024-08-21,Active,4949.89
C005945,Ekbal Krishna,Standard,Latur,Kerala,India,2026-03-09,Active,8525.89
C005946,Dayita Rege,Standard,Avadi,Jharkhand,India,2024-07-21,Active,12346.54
C005947,Neel Rattan,Standard,Chittoor,Telangana,India,2024-05-22,Inactive,15238.72
C005948,Kritika Bumb,Standard,Dindigul,Rajasthan,India,2024-01-10,Active,2727.28
C005949,Eta Hegde,Standard,Dehradun,Assam,India,2025-01-06,Active,5879.89
C005950,Tripti Ram,Enterprise,Indore,Maharashtra,India,2024-04-10,Active,16558.32
C005951,Abhimanyu Char,Premium,Howrah,Sikkim,India,2024-12-23,Active,7151.48
C005952,Radha Ahuja,Enterprise,Sagar,Himachal Pradesh,India,2024-04-27,Active,10666.76
C005953,Leela Sandal,Standard,Ahmednagar,Haryana,India,2023-10-08,Active,8183.84
C005954,Waida Kapur,Standard,Rewa,Maharashtra,India,2025-04-21,Active,20288.8
C005955,Priya Dash,Standard,Bhavnagar,West Bengal,India,2024-12-15,Active,13460.4
C005956,Faris Nath,Standard,Ahmedabad,Madhya Pradesh,India,2024-12-14,Active,14809.32
C005957,Kevin Kaur,Premium,Berhampur,Maharashtra,India,2026-06-04,Active,20553.53
C005958,Bhavika Kibe,Standard,Sikar,Arunachal Pradesh,India,2025-04-07,Active,7062.95
C005959,Aishani Viswanathan,Enterprise,Dehradun,Meghalaya,India,2023-11-04,Active,7784.12
C005960,Harrison Nath,Standard,Shimoga,Madhya Pradesh,India,2025-09-17,Active,12866.65
C005961,Urishilla Deshpande,Premium,Kozhikode,Odisha,India,2023-08-02,Active,17914.17
C005962,Sara Golla,Standard,Erode,Manipur,India,2024-03-20,Active,7197.27
C005963,Ekalinga Kohli,Standard,Bikaner,Punjab,India,2024-05-31,Active,3114.53
C005964,Ekanta Oommen,Premium,Chinsurah,Mizoram,India,2025-11-24,Active,8271.0
C005965,Ekalinga Mann,Enterprise,Nanded,Nagaland,India,2023-09-19,Active,8674.78
C005966,Timothy Lall,Premium,Erode,Himachal Pradesh,India,2026-02-20,Active,13224.12
C005967,Indrajit Khalsa,Standard,Sri Ganganagar,Punjab,India,2024-05-02,Active,10496.4
C005968,Vyanjana Bhardwaj,Enterprise,Bellary,Uttarakhand,India,2023-11-20,Active,10477.44
C005969,Ekavir Sidhu,Standard,Ujjain,Uttarakhand,India,2024-12-13,Active,20488.02
C005970,Farhan Varghese,Standard,Etawah,Mizoram,India,2025-12-09,Active,10572.24
C005971,Upkaar Subramanian,Standard,Kumbakonam,Uttar Pradesh,India,2023-11-26,Active,5298.49
C005972,Vedhika Thaker,Enterprise,Ulhasnagar,Madhya Pradesh,India,2026-04-29,Active,13023.66
C005973,Rohan Walla,Standard,Anantapur,Nagaland,India,2024-10-13,Active,13477.75
C005974,Aayush Taneja,Standard,North Dumdum,Haryana,India,2025-12-22,Active,20125.61
C005975,Vansha Naidu,Standard,Dhanbad,Nagaland,India,2024-06-03,Active,7916.36
C005976,Anusha Kadakia,Premium,Buxar,Odisha,India,2026-01-16,Active,8360.99
C005977,Ijaya Saha,Standard,Chandrapur,Jharkhand,India,2025-01-19,Active,17986.01
C005978,Jeet Mohanty,Standard,Karnal,Assam,India,2025-02-04,Active,10999.02
C005979,Agastya Baria,Enterprise,Mirzapur,Telangana,India,2023-12-01,Active,9319.6
C005980,Janaki Patla,Premium,Anand,Bihar,India,2025-11-10,Active,22563.25
C005981,Rehaan Pradhan,Enterprise,Sonipat,Arunachal Pradesh,India,2026-02-17,Inactive,5764.68
C005982,Dakshesh Chowdhury,Enterprise,Bareilly,Odisha,India,2024-05-13,Active,18101.76
C005983,Sachi Mody,Enterprise,Baranagar,Meghalaya,India,2024-10-31,Active,8067.07
C005984,Rushil Swaminathan,Enterprise,Begusarai,Mizoram,India,2024-12-28,Active,6251.79
C005985,Qadim Mane,Standard,Loni,Meghalaya,India,2026-02-07,Inactive,7778.02
C005986,Manbir Thaker,Premium,Satara,Uttarakhand,India,2023-08-22,Active,6121.3
C005987,Vasana Dayal,Premium,Bhiwani,Goa,India,2024-12-11,Active,797.36
C005988,Mohammed Sharma,Standard,Kamarhati,West Bengal,India,2024-10-08,Active,3335.82
C005989,Yasti Dube,Standard,Berhampur,Mizoram,India,2025-11-01,Active,7529.53
C005990,Udyati Bath,Standard,Machilipatnam,Goa,India,2023-07-25,Active,8499.39
C005991,Nachiket Mane,Standard,Morbi,Uttar Pradesh,India,2023-11-03,Inactive,6949.87
C005992,Yagnesh Om,Standard,Vijayanagaram,Goa,India,2024-07-24,Active,10967.76
C005993,Noah Sura,Standard,Bongaigaon,Nagaland,India,2026-06-20,Active,21540.01
C005994,Yashodhara Upadhyay,Standard,Bareilly,Rajasthan,India,2026-06-03,Active,13521.43
C005995,Jairaj Acharya,Premium,Barasat,Madhya Pradesh,India,2025-08-23,Active,1987.18
C005996,Chandresh Mann,Standard,Dhanbad,Uttar Pradesh,India,2026-04-28,Active,7858.4
C005997,Kritika Karnik,Enterprise,Dhanbad,Haryana,India,2024-10-04,Active,7851.1
C005998,Jyoti Joshi,Standard,Varanasi,Goa,India,2025-08-02,Active,4885.49
C005999,Arya Shroff,Premium,Lucknow,Mizoram,India,2025-10-16,Active,10225.07
C006000,Edhitha Manda,Standard,Siliguri,Sikkim,India,2026-03-26,Active,12453.85
C006001,Zansi Swamy,Standard,Shivpuri,Manipur,India,2023-12-06,Active,2659.34
C006002,Upma Khosla,Standard,Vellore,Bihar,India,2024-03-08,Active,8123.93
C006003,Gabriel Nagy,Standard,Ghaziabad,West Bengal,India,2023-12-10,Active,6466.19
C006004,David Dalal,Enterprise,Sasaram,Bihar,India,2025-11-25,Active,9828.52
C006005,Damini Bajwa,Premium,Dibrugarh,Uttar Pradesh,India,2025-05-01,Active,14438.94
C006006,Dominic Bhasin,Enterprise,Shivpuri,Himachal Pradesh,India,2026-03-22,Active,4645.6
C006007,Bina Mittal,Standard,Proddatur,Meghalaya,India,2023-12-07,Active,7022.83
C006008,Jagdish Chauhan,Standard,Tadepalligudem,Madhya Pradesh,India,2024-07-01,Active,3482.81
C006009,Meera Upadhyay,Enterprise,Gudivada,Meghalaya,India,2025-01-06,Active,4608.05
C006010,Yamini Panchal,Enterprise,Kurnool,Karnataka,India,2024-09-21,Active,7697.3
C006011,Timothy Bera,Standard,Miryalaguda,Uttar Pradesh,India,2025-07-23,Active,16161.13
C006012,Nikita Gandhi,Premium,Kulti,Andhra Pradesh,India,2026-02-26,Inactive,7494.67
C006013,Baghyawati Kapadia,Premium,Vijayawada,Madhya Pradesh,India,2025-05-11,Active,4705.61
C006014,Wridesh Kothari,Standard,Dhanbad,Kerala,India,2025-12-23,Active,4372.04
C006015,Xalak Hora,Standard,Noida,Telangana,India,2025-02-13,Active,4231.77
C006016,Chatresh Bhavsar,Standard,Madanapalle,Telangana,India,2023-08-26,Active,21670.21
C006017,Ekansh Shan,Standard,Karawal Nagar,Karnataka,India,2025-01-07,Inactive,10465.29
C006018,Urvi Sridhar,Standard,Malda,Meghalaya,India,2024-06-19,Active,13102.99
C006019,Zaid Talwar,Standard,Miryalaguda,Punjab,India,2024-06-05,Active,10984.43
C006020,Vinaya Mani,Standard,Yamunanagar,Madhya Pradesh,India,2024-09-07,Active,10698.7
C006021,Advik Sachdeva,Standard,Tenali,Arunachal Pradesh,India,2024-04-03,Active,19049.67
C006022,Mahika Goswami,Standard,Naihati,Kerala,India,2023-11-06,Active,13017.33
C006023,Upma Ghose,Standard,Silchar,Tamil Nadu,India,2025-02-20,Active,5889.4
C006024,Madhavi Apte,Enterprise,Parbhani,Uttar Pradesh,India,2024-10-28,Active,6346.35
C006025,Ubika Sastry,Standard,Hazaribagh,Andhra Pradesh,India,2026-04-16,Active,8428.94
C006026,Kritika Sani,Standard,Khammam,Karnataka,India,2024-07-19,Active,19021.79
C006027,Ria Oza,Premium,Mathura,Assam,India,2024-02-20,Inactive,9578.63
C006028,Bhavani Chakrabarti,Premium,Hosur,West Bengal,India,2024-07-11,Active,18788.03
C006029,Meera Tella,Standard,Gorakhpur,Jharkhand,India,2025-01-19,Active,10394.33
C006030,Manan Nori,Enterprise,Gandhinagar,Punjab,India,2024-09-11,Active,6511.35
C006031,Nandini Zachariah,Standard,Haldia,Goa,India,2025-03-07,Active,7156.89
C006032,Saanvi Murty,Premium,Sambhal,Nagaland,India,2024-02-17,Active,5775.83
C006033,Oeshi Mutti,Standard,Jamalpur,Mizoram,India,2026-05-12,Active,12364.2
C006034,Gautam Kapur,Standard,Rewa,Bihar,India,2024-09-05,Active,6839.57
C006035,Nihal Dar,Standard,Tumkur,Madhya Pradesh,India,2026-01-18,Active,10158.59
C006036,Wakeeta Borde,Premium,Hospet,Odisha,India,2024-08-28,Active,19742.55
C006037,Maya Loke,Enterprise,Bareilly,Bihar,India,2025-11-20,Active,10241.89
C006038,Aayush Kadakia,Premium,Motihari,Sikkim,India,2025-03-26,Active,4720.09
C006039,William Tak,Premium,Thrissur,Uttarakhand,India,2024-04-06,Active,4218.63
C006040,Bakhshi Barad,Standard,Guntur,Manipur,India,2024-10-22,Active,3727.45
C006041,Faqid Handa,Premium,Ranchi,Jharkhand,India,2023-08-04,Active,9164.71
C006042,Mason Mukherjee,Enterprise,Munger,Tripura,India,2025-06-02,Active,25539.97
C006043,Jagat Saraf,Standard,Karnal,Nagaland,India,2024-06-28,Active,7733.29
C006044,Mugdha Srivastava,Premium,Indore,Punjab,India,2024-05-17,Active,8201.83
C006045,Girindra Wable,Standard,Kolhapur,Tamil Nadu,India,2026-02-06,Inactive,6695.25
C006046,Kai Nair,Standard,Allahabad,Uttarakhand,India,2023-08-05,Active,4295.27
C006047,Sanya Baria,Premium,Muzaffarnagar,Bihar,India,2025-04-26,Active,4317.96
C006048,Jyoti Walla,Standard,Phagwara,Bihar,India,2025-09-03,Inactive,9912.82
C006049,Balendra Banik,Standard,Mahbubnagar,Gujarat,India,2026-03-25,Active,11497.36
C006050,Fiyaz Chauhan,Standard,Tiruchirappalli,Uttar Pradesh,India,2024-01-27,Active,10484.39
C006051,Zaitra Buch,Premium,Pali,Karnataka,India,2026-02-18,Active,4735.72
C006052,Advik Borra,Standard,Ramagundam,Uttar Pradesh,India,2026-04-12,Active,5612.05
C006053,Ijaya Oza,Standard,Firozabad,Goa,India,2025-03-13,Active,2972.16
C006054,Omya Chand,Enterprise,Hyderabad,Goa,India,2025-02-21,Active,5232.8
C006055,David Sen,Standard,Katihar,Madhya Pradesh,India,2025-08-04,Inactive,16652.16
C006056,Arin Kanda,Standard,Howrah,Odisha,India,2025-06-13,Active,7713.54
C006057,Inaya Puri,Standard,Gopalpur,Andhra Pradesh,India,2026-01-10,Inactive,12547.32
C006058,Jackson Dalal,Standard,Avadi,Goa,India,2024-03-13,Active,12426.18
C006059,Aishani Sampath,Enterprise,Ratlam,Uttarakhand,India,2024-02-26,Active,5097.45
C006060,Dalaja Sridhar,Premium,Kavali,Jharkhand,India,2025-09-29,Active,5788.74
C006061,Abha Muni,Standard,Bhilwara,Tripura,India,2025-04-21,Active,8015.6
C006062,Ekani Srivastava,Standard,Bhilai,Haryana,India,2025-12-15,Active,6187.38
C006063,Saksham Pillay,Premium,Raiganj,Arunachal Pradesh,India,2025-11-11,Active,1972.61
C006064,Vincent Modi,Standard,Varanasi,Kerala,India,2024-05-14,Active,8455.63
C006065,Qarin Merchant,Premium,Munger,Telangana,India,2025-12-30,Active,15773.43
C006066,Aarini Purohit,Standard,Dewas,Uttar Pradesh,India,2025-07-22,Active,7776.51
C006067,Mahika Mukherjee,Standard,Begusarai,Odisha,India,2024-05-25,Active,4456.58
C006068,Unnati Bahl,Standard,Mau,Haryana,India,2024-08-17,Active,9377.97
C006069,Yutika Thakkar,Premium,Alwar,Bihar,India,2025-07-14,Active,7732.59
C006070,Kevin Solanki,Enterprise,Yamunanagar,Uttar Pradesh,India,2024-07-24,Active,3295.49
C006071,Ekansh Pradhan,Standard,Agartala,Chhattisgarh,India,2026-06-11,Active,16964.61
C006072,Michael Singhal,Premium,Jaunpur,Nagaland,India,2025-09-29,Active,8471.02
C006073,Jhalak Naidu,Standard,Chennai,Nagaland,India,2024-10-29,Active,13679.11
C006074,Chavvi Palla,Standard,Anantapur,Jharkhand,India,2024-04-28,Active,4779.84
C006075,Kalpit Dash,Premium,Berhampur,Kerala,India,2023-09-05,Active,8903.9
C006076,Tarak Toor,Premium,Nagercoil,Chhattisgarh,India,2026-06-07,Active,7436.71
C006077,Garima Varughese,Premium,Khammam,Uttar Pradesh,India,2025-05-17,Active,23148.02
C006078,Chaaya Pathak,Enterprise,Ghaziabad,Madhya Pradesh,India,2023-10-02,Active,6833.85
C006079,Odika Pathak,Enterprise,Purnia,Maharashtra,India,2025-01-24,Active,14066.3
C006080,Quincy Kari,Enterprise,Akola,Odisha,India,2026-04-30,Active,10502.26
C006081,David Kala,Enterprise,Guwahati,Kerala,India,2026-01-03,Active,11229.81
C006082,Yoshita Din,Premium,Gandhinagar,Goa,India,2024-10-27,Active,10057.08
C006083,Deepa Sodhi,Standard,Arrah,Karnataka,India,2024-12-18,Active,8148.32
C006084,Udant Saini,Standard,Aurangabad,Jharkhand,India,2026-01-23,Active,10058.49
C006085,Kevin Sankaran,Standard,Bulandshahr,Manipur,India,2026-04-13,Active,12913.47
C006086,Varenya Rajan,Premium,Agra,Chhattisgarh,India,2024-03-29,Active,9240.36
C006087,Bhavika Mahal,Standard,Patiala,Himachal Pradesh,India,2025-07-19,Active,4868.81
C006088,Pratyush Sidhu,Standard,Patiala,Jharkhand,India,2025-11-15,Active,9812.29
C006089,Kai Biswas,Standard,Alwar,Uttarakhand,India,2024-05-02,Inactive,18666.06
C006090,Eta Saraf,Premium,Kirari Suleman Nagar,Tripura,India,2024-09-09,Active,6732.82
C006091,Arin Pathak,Premium,Jamalpur,Manipur,India,2026-02-20,Active,4226.25
C006092,Unnati Baral,Standard,Ambattur,Himachal Pradesh,India,2025-06-24,Active,17383.06
C006093,Zehaan Kumar,Premium,Malda,Arunachal Pradesh,India,2026-01-09,Active,16519.16
C006094,Maanas Contractor,Standard,Shimoga,Mizoram,India,2026-05-11,Active,11773.44
C006095,Janaki Nanda,Premium,Surat,Chhattisgarh,India,2024-02-02,Active,15835.12
C006096,Chavvi Ghosh,Premium,Satna,Nagaland,India,2024-07-01,Active,19825.41
C006097,Lekha Jayaraman,Standard,Vellore,Maharashtra,India,2024-04-05,Active,6944.84
C006098,Guneet Guha,Premium,Malda,West Bengal,India,2025-12-17,Active,7915.5
C006099,Kiaan Aggarwal,Enterprise,Jodhpur,Sikkim,India,2026-04-10,Active,6697.91
C006100,Harsh Pai,Premium,Mau,Gujarat,India,2025-05-08,Active,7058.18
C006101,Mitesh Jhaveri,Enterprise,Rourkela,Manipur,India,2024-12-27,Active,2339.88
C006102,Adweta Chaudhari,Standard,Baranagar,Uttar Pradesh,India,2024-04-29,Active,12660.76
C006103,Ira Narain,Enterprise,Durgapur,Himachal Pradesh,India,2023-08-17,Active,2640.35
C006104,Aarnav Dara,Premium,Karimnagar,Assam,India,2025-05-26,Active,5742.93
C006105,Abdul Shukla,Standard,Ambala,Arunachal Pradesh,India,2024-06-22,Active,5500.13
C006106,Dayamai Swaminathan,Standard,Parbhani,Bihar,India,2025-11-14,Active,12409.31
C006107,Tamanna Narayanan,Standard,Bhatpara,Odisha,India,2025-04-23,Active,5423.91
C006108,Damyanti Khosla,Premium,Mumbai,Assam,India,2025-03-02,Active,14432.65
C006109,Rajeshri Jayaraman,Standard,Kota,Punjab,India,2026-01-23,Active,10670.78
C006110,Harsh Bhavsar,Enterprise,Avadi,Himachal Pradesh,India,2025-08-17,Active,11822.01
C006111,Omkaar Swamy,Enterprise,Etawah,Himachal Pradesh,India,2025-01-02,Active,9563.14
C006112,Gautami Manda,Standard,Delhi,Maharashtra,India,2025-12-06,Active,3413.45
C006113,Krisha Dhillon,Standard,Berhampur,Gujarat,India,2025-08-29,Active,12122.15
C006114,Anirudh Mand,Standard,Uluberia,Tamil Nadu,India,2024-09-16,Active,5439.62
C006115,Vasatika Buch,Standard,Chennai,Maharashtra,India,2024-08-20,Active,4028.52
C006116,Vivaan Dewan,Standard,Aligarh,Tamil Nadu,India,2025-10-09,Active,4544.07
C006117,Indira Nath,Standard,Guna,Tamil Nadu,India,2024-12-22,Active,6700.19
C006118,Umang Manda,Standard,Bellary,Tamil Nadu,India,2025-10-04,Active,7860.61
C006119,Raghav Mutti,Standard,Asansol,Uttarakhand,India,2025-05-23,Active,13273.51
C006120,Yamini Prabhu,Standard,Ratlam,Haryana,India,2025-02-05,Active,3680.02
C006121,Xiti Andra,Standard,Katihar,Telangana,India,2026-03-13,Active,9661.47
C006122,Dayamai Bhatnagar,Standard,Dewas,Haryana,India,2024-07-02,Active,7942.08
C006123,Wazir Garg,Enterprise,Indore,Gujarat,India,2025-11-26,Active,2438.26
C006124,Yadavi Mammen,Enterprise,Imphal,Maharashtra,India,2025-09-27,Active,16669.36
C006125,Hemangini Goswami,Standard,Etawah,Tamil Nadu,India,2025-08-16,Active,10643.49
C006126,Isaiah Sangha,Standard,Bardhaman,Chhattisgarh,India,2025-06-20,Active,3125.58
C006127,Gagan Gill,Standard,Shimoga,Gujarat,India,2024-05-30,Active,1742.53
C006128,Laban Bali,Enterprise,Jamnagar,Odisha,India,2024-12-07,Active,6617.11
C006129,Anjali Sabharwal,Enterprise,Satara,Kerala,India,2025-07-04,Active,1577.11
C006130,Qushi Bala,Enterprise,Vijayanagaram,Madhya Pradesh,India,2025-01-26,Active,5707.96
C006131,Vincent Balakrishnan,Premium,Dehradun,Chhattisgarh,India,2024-12-07,Active,6074.75
C006132,Vaishnavi Ranganathan,Standard,Ambattur,Tripura,India,2025-09-22,Active,14776.49
C006133,Amruta Sathe,Standard,Nashik,Meghalaya,India,2023-12-06,Active,7548.21
C006134,Chanchal Palan,Enterprise,Hazaribagh,Nagaland,India,2025-07-02,Active,22715.17
C006135,Mohini Thakur,Premium,Kottayam,Sikkim,India,2025-05-19,Active,14044.33
C006136,Meera Sarraf,Standard,Akola,Goa,India,2026-01-17,Inactive,4442.76
C006137,Chakrika Sarma,Standard,Guntakal,Madhya Pradesh,India,2025-10-19,Inactive,3226.45
C006138,Pahal Char,Standard,Ranchi,Telangana,India,2023-11-09,Active,13458.61
C006139,Mitesh Sami,Standard,Nagpur,Madhya Pradesh,India,2024-10-06,Active,8092.93
C006140,Zaid Saraf,Standard,Mahbubnagar,Tamil Nadu,India,2024-08-01,Active,15343.88
C006141,Ekaja Bedi,Standard,Kurnool,Manipur,India,2023-11-03,Active,8038.04
C006142,Madhavi Gera,Standard,Arrah,Karnataka,India,2026-06-08,Active,8635.64
C006143,Ishwar Misra,Standard,Aurangabad,Uttarakhand,India,2024-08-15,Active,12877.56
C006144,Aarini Oak,Premium,Madurai,Uttarakhand,India,2026-05-25,Active,8487.32
C006145,Anirudh Dave,Premium,Hospet,Uttar Pradesh,India,2025-10-02,Active,17471.39
C006146,Owen Kurian,Standard,Giridih,Tamil Nadu,India,2024-04-28,Inactive,22530.41
C006147,Darika Karnik,Premium,Katni,Jharkhand,India,2024-12-27,Active,3911.2
C006148,Riya Sidhu,Standard,Durgapur,Punjab,India,2024-05-01,Active,4566.44
C006149,Kavya Bedi,Standard,Motihari,Kerala,India,2025-09-01,Active,7244.7
C006150,Akshay Sankaran,Standard,Kharagpur,Sikkim,India,2024-05-22,Active,12159.09
C006151,Reva Palan,Standard,Proddatur,Assam,India,2024-05-21,Active,7821.75
C006152,Jonathan Rege,Standard,Guwahati,Himachal Pradesh,India,2025-07-20,Inactive,4359.27
C006153,Vrishti Shenoy,Premium,Shimoga,Sikkim,India,2024-11-30,Active,2572.44
C006154,Nitara Dar,Standard,Muzaffarpur,West Bengal,India,2025-02-13,Active,11590.78
C006155,Orinder Hora,Enterprise,Karimnagar,Karnataka,India,2024-04-20,Active,18980.61
C006156,Chaitaly Chana,Premium,Bathinda,Nagaland,India,2025-09-20,Active,6953.67
C006157,Ishita Gala,Standard,Jorhat,Uttar Pradesh,India,2024-04-23,Active,1502.79
C006158,Ekaraj Saxena,Standard,Kota,Maharashtra,India,2026-01-22,Active,4432.41
C006159,Brinda Varughese,Standard,Ranchi,Madhya Pradesh,India,2025-03-18,Active,19967.97
C006160,Jagat Kapadia,Premium,Dewas,Rajasthan,India,2024-12-16,Inactive,15918.01
C006161,Aarush Dhar,Standard,Motihari,Tripura,India,2023-08-22,Active,9465.86
C006162,Devansh Bains,Standard,Malegaon,Uttarakhand,India,2024-07-10,Active,8766.18
C006163,Sara Prabhakar,Standard,Burhanpur,Sikkim,India,2023-12-05,Active,8236.9
C006164,Bhanumati Pradhan,Enterprise,Bhalswa Jahangir Pur,Mizoram,India,2024-01-17,Active,17103.26
C006165,Siddharth Ganguly,Standard,Bareilly,Arunachal Pradesh,India,2025-09-16,Active,10527.58
C006166,Krisha Sarna,Standard,Sonipat,Rajasthan,India,2025-04-02,Active,14495.96
C006167,Champak Sha,Enterprise,Rohtak,Madhya Pradesh,India,2024-10-23,Active,16370.19
C006168,Bhavani Rege,Enterprise,Miryalaguda,Goa,India,2023-07-15,Active,5194.89
C006169,Harish Keer,Premium,Baranagar,Goa,India,2026-02-14,Inactive,4128.49
C006170,Krisha Issac,Premium,Udaipur,West Bengal,India,2025-05-18,Active,7845.7
C006171,Christopher Khatri,Premium,Gaya,Punjab,India,2026-04-24,Active,10787.93
C006172,Peter Soman,Premium,Bhusawal,Uttarakhand,India,2024-08-26,Inactive,4928.05
C006173,Girindra Kaul,Standard,Raebareli,Tripura,India,2026-04-17,Active,6035.11
C006174,Baljiwan Luthra,Standard,Bikaner,Mizoram,India,2024-10-08,Active,3392.69
C006175,Nihal Luthra,Standard,Shivpuri,Telangana,India,2025-08-25,Active,12578.08
C006176,Rajata Chadha,Standard,Chandigarh,Andhra Pradesh,India,2023-11-28,Inactive,10247.38
C006177,Champak Deshmukh,Premium,Tadipatri,Jharkhand,India,2025-01-19,Active,3540.93
C006178,Guneet Raman,Standard,Panipat,Rajasthan,India,2024-01-20,Active,12711.05
C006179,Ganga Prashad,Standard,Jodhpur,Sikkim,India,2025-06-22,Active,9988.87
C006180,Harinakshi Samra,Standard,Morena,Kerala,India,2024-05-28,Active,6088.38
C006181,Lila Ghose,Standard,Dharmavaram,Gujarat,India,2024-07-11,Inactive,18209.15
C006182,Samesh Kamdar,Standard,Berhampore,Punjab,India,2024-05-27,Active,6127.94
C006183,Ekani Soni,Standard,Kollam,Haryana,India,2026-03-23,Active,16391.38
C006184,Ekta Shukla,Standard,Kalyan-Dombivli,Himachal Pradesh,India,2025-06-27,Active,4070.2
C006185,Vanya Sabharwal,Premium,Baranagar,Jharkhand,India,2024-04-15,Active,10276.37
C006186,Udarsh Srinivasan,Standard,Silchar,Manipur,India,2025-11-10,Active,9500.62
C006187,Arya Virk,Standard,Burhanpur,Meghalaya,India,2025-06-30,Active,10271.23
C006188,Rayaan Nair,Enterprise,Rewa,Punjab,India,2023-12-14,Active,5200.05
C006189,Dominic Sami,Premium,Aurangabad,Sikkim,India,2024-01-09,Active,13373.74
C006190,Qadim Saxena,Premium,Tirupati,Assam,India,2023-10-17,Active,12778.96
C006191,Balendra Mohanty,Premium,Vellore,Sikkim,India,2024-09-24,Active,13894.45
C006192,Ansh Mitra,Standard,Ghaziabad,Bihar,India,2024-11-07,Active,14202.72
C006193,Anya Patil,Enterprise,Aurangabad,Uttarakhand,India,2023-10-11,Active,8435.69
C006194,Farhan Rattan,Standard,Patiala,Bihar,India,2025-07-03,Active,9862.26
C006195,Eshana Shanker,Standard,Orai,Meghalaya,India,2024-11-08,Active,11197.54
C006196,Champak Dar,Standard,Dindigul,Meghalaya,India,2024-08-26,Active,12482.21
C006197,Aashi Varty,Standard,Hazaribagh,Haryana,India,2024-11-30,Active,17352.03
C006198,Niharika Ray,Standard,Tirupati,Haryana,India,2025-01-25,Active,8269.97
C006199,Rajeshri Oak,Premium,Shahjahanpur,Goa,India,2023-07-05,Active,6014.69
C006200,Dakshesh Majumdar,Premium,Vellore,Telangana,India,2025-07-03,Active,13620.0
C006201,Banjeet Shankar,Standard,Shimoga,West Bengal,India,2026-01-17,Active,6209.3
C006202,Harinakshi Shah,Premium,Chinsurah,Assam,India,2025-10-16,Active,11664.82
C006203,Geetika Ramaswamy,Standard,Noida,Assam,India,2025-02-25,Active,8659.39
C006204,Parth Nath,Standard,Satara,Haryana,India,2024-02-03,Active,9854.24
C006205,Falan Gandhi,Standard,Narasaraopet,Uttarakhand,India,2024-07-15,Active,8134.47
C006206,Nimrat Mishra,Standard,Chandigarh,Mizoram,India,2025-12-05,Inactive,12758.21
C006207,Bhanumati Lalla,Standard,Ludhiana,Tamil Nadu,India,2025-05-23,Active,4911.88
C006208,Dipta Nanda,Standard,Gwalior,Haryana,India,2025-09-24,Active,10468.79
C006209,Ati Sandhu,Standard,Warangal,Maharashtra,India,2023-10-08,Active,9173.15
C006210,Darpan Vig,Premium,Madurai,Andhra Pradesh,India,2025-11-05,Active,5745.36
C006211,Jeet Batta,Standard,Gulbarga,Uttar Pradesh,India,2024-08-29,Active,4267.22
C006212,Owen Cherian,Standard,Jorhat,Telangana,India,2026-02-04,Active,7325.84
C006213,Eta Gala,Standard,Tadepalligudem,Arunachal Pradesh,India,2025-09-26,Active,18086.9
C006214,Max Butala,Enterprise,Danapur,Goa,India,2026-05-16,Active,15929.76
C006215,Anay Sridhar,Standard,Loni,Maharashtra,India,2023-08-05,Active,9071.58
C006216,Omkaar Patil,Premium,Danapur,Tamil Nadu,India,2026-03-17,Active,11089.01
C006217,Laksh Mann,Standard,Gangtok,Haryana,India,2025-01-22,Active,11144.62
C006218,Rudra Sanghvi,Premium,Panipat,Gujarat,India,2024-09-13,Active,5357.51
C006219,Jack Taneja,Standard,Silchar,Telangana,India,2025-09-26,Active,11808.21
C006220,Lucky Kari,Enterprise,Kolhapur,Odisha,India,2024-09-21,Active,19723.71
C006221,Henry Solanki,Standard,Sri Ganganagar,Maharashtra,India,2026-02-13,Active,15308.17
C006222,Joshua Mukherjee,Standard,Jhansi,Assam,India,2026-04-14,Active,7961.36
C006223,Wazir Issac,Standard,Rohtak,Tripura,India,2023-11-10,Active,9675.02
C006224,Ayaan Sridhar,Standard,Danapur,Punjab,India,2024-03-18,Active,16793.13
C006225,Yauvani Jhaveri,Standard,Gudivada,Chhattisgarh,India,2025-04-17,Active,14776.57
C006226,Chanakya Sandal,Standard,Phusro,Punjab,India,2024-04-03,Active,8768.37
C006227,Alexander Raman,Premium,Meerut,Odisha,India,2026-03-28,Active,6383.54
C006228,Mason Muni,Premium,Mysore,Karnataka,India,2024-10-03,Active,4812.46
C006229,Advaith Prashad,Standard,Mehsana,Gujarat,India,2024-08-03,Active,4658.31
C006230,Yashica Sen,Standard,Vijayanagaram,Manipur,India,2025-09-22,Active,12846.93
C006231,Yauvani Ratti,Standard,Jammu,Maharashtra,India,2025-07-26,Active,5960.95
C006232,Lakshmi Bava,Enterprise,Udaipur,Kerala,India,2025-06-19,Inactive,6883.69
C006233,Wahab Chacko,Standard,Vadodara,Odisha,India,2025-07-23,Active,6098.93
C006234,Warjas Kaur,Standard,Unnao,Assam,India,2025-10-30,Inactive,5224.8
C006235,Neelima Talwar,Standard,Bettiah,Kerala,India,2024-04-23,Active,26341.9
C006236,Xiti Bhatt,Enterprise,Miryalaguda,Rajasthan,India,2024-07-20,Active,18478.05
C006237,Yochana Oak,Premium,Bhiwani,Bihar,India,2026-06-14,Active,5342.35
C006238,Vedhika Bobal,Standard,Alappuzha,West Bengal,India,2025-11-27,Active,10879.68
C006239,Vritti Ghosh,Premium,Jaipur,Sikkim,India,2026-03-21,Active,9003.41
C006240,Chavvi Kant,Standard,Hazaribagh,Karnataka,India,2025-06-29,Active,4912.87
C006241,Priya Hans,Standard,Sangli-Miraj & Kupwad,Punjab,India,2023-12-21,Active,18461.65
C006242,Ayushman Deo,Standard,Tezpur,Punjab,India,2024-09-22,Active,6264.33
C006243,Vasudha Ghosh,Standard,Kolhapur,Himachal Pradesh,India,2025-03-27,Active,7968.62
C006244,Saumya Lalla,Standard,Ramgarh,Madhya Pradesh,India,2025-05-28,Active,10060.41
C006245,Warjas Gade,Standard,Nashik,Uttarakhand,India,2023-12-27,Active,11893.97
C006246,Raksha Om,Standard,Kollam,Chhattisgarh,India,2026-06-14,Active,12388.36
C006247,Chameli Nayar,Premium,Agra,Haryana,India,2023-07-31,Active,26612.78
C006248,Anthony Rajagopalan,Standard,Ongole,Madhya Pradesh,India,2024-08-06,Active,7055.67
C006249,Oni Krishnamurthy,Standard,Salem,Karnataka,India,2025-12-17,Active,5634.76
C006250,Vidhi Guha,Premium,Durgapur,West Bengal,India,2025-03-22,Active,5239.1
C006251,Shivani Bera,Premium,Ujjain,Rajasthan,India,2024-05-27,Active,8686.82
C006252,Lipika Chacko,Enterprise,Nizamabad,Haryana,India,2023-08-01,Active,8781.79
C006253,Rishi Bahl,Standard,Srinagar,Uttar Pradesh,India,2024-09-18,Active,4253.48
C006254,Raagini Dhillon,Standard,Chittoor,Himachal Pradesh,India,2024-12-29,Active,6539.01
C006255,Yatan Barman,Standard,Aizawl,Assam,India,2024-08-01,Active,10300.75
C006256,Max Lal,Enterprise,Kirari Suleman Nagar,Uttarakhand,India,2025-08-12,Active,18634.37
C006257,Leela Deol,Standard,Jaipur,Tripura,India,2024-05-08,Active,4078.46
C006258,Yochana Din,Standard,Jhansi,Meghalaya,India,2025-08-22,Active,6457.35
C006259,Neel Chaudhuri,Premium,Dhule,Karnataka,India,2024-03-17,Active,6876.4
C006260,Pahal Goswami,Standard,Kharagpur,Andhra Pradesh,India,2026-05-19,Active,7236.3
C006261,Libni Gandhi,Standard,Sangli-Miraj & Kupwad,Karnataka,India,2024-07-20,Active,8210.9
C006262,Triveni Vaidya,Premium,Silchar,Mizoram,India,2024-03-03,Active,12420.55
C006263,Finn Agate,Standard,Morena,Assam,India,2023-12-09,Active,16217.17
C006264,Hamsini Sachdeva,Premium,Bikaner,Andhra Pradesh,India,2024-08-24,Active,11829.36
C006265,Lopa Balan,Premium,Solapur,Chhattisgarh,India,2023-10-03,Active,11652.9
C006266,Ridhi Lata,Standard,Vellore,Rajasthan,India,2025-04-15,Active,16259.79
C006267,Frederick Dalal,Standard,Nadiad,Meghalaya,India,2023-10-08,Active,10810.79
C006268,Qushi Kala,Standard,Guntakal,Chhattisgarh,India,2025-10-16,Active,7554.48
C006269,Vritti Parmer,Premium,Pune,Arunachal Pradesh,India,2023-11-27,Active,6974.71
C006270,Advaith Gandhi,Premium,Mysore,Jharkhand,India,2025-09-10,Active,3227.81
C006271,Bachittar Kumer,Enterprise,Ramgarh,Madhya Pradesh,India,2025-08-07,Active,10366.65
C006272,Sarthak Narang,Premium,Dibrugarh,Odisha,India,2023-10-03,Active,4513.57
C006273,Dalaja Borde,Premium,Khandwa,Himachal Pradesh,India,2026-01-06,Active,6340.21
C006274,Warhi Dada,Standard,Mau,Sikkim,India,2026-01-10,Active,4935.42
C006275,Ishani Khatri,Enterprise,Jamshedpur,Andhra Pradesh,India,2024-05-15,Active,3386.25
C006276,Nikita Bedi,Standard,Bharatpur,Mizoram,India,2025-07-27,Active,17944.86
C006277,Parth Wagle,Premium,Raiganj,Telangana,India,2025-01-21,Active,10618.86
C006278,Guneet Edwin,Standard,Bharatpur,Rajasthan,India,2025-02-13,Active,5386.31
C006279,Rishi Sachdeva,Premium,Bhubaneswar,Uttarakhand,India,2026-05-17,Active,5024.47
C006280,Saumya Mall,Standard,Kharagpur,Punjab,India,2023-11-06,Active,6958.2
C006281,Inaya Dugar,Standard,Raebareli,Uttar Pradesh,India,2023-09-21,Active,9513.87
C006282,Nimrat Bala,Standard,Thiruvananthapuram,Goa,India,2024-04-15,Active,6924.36
C006283,Andrew Gandhi,Standard,Siwan,Mizoram,India,2024-04-29,Active,6271.76
C006284,Saanvi Kara,Standard,Loni,Sikkim,India,2025-01-26,Active,3930.97
C006285,Ishita Sama,Standard,Kirari Suleman Nagar,Himachal Pradesh,India,2024-11-15,Active,10695.11
C006286,Arjun Pathak,Standard,Raiganj,Kerala,India,2023-08-16,Active,9469.89
C006287,Benjamin Bhasin,Standard,Nandyal,Mizoram,India,2025-01-23,Active,11488.29
C006288,Hamsini Garg,Enterprise,Madurai,Haryana,India,2025-06-05,Active,6747.39
C006289,Nimrat Natarajan,Premium,Serampore,Goa,India,2025-03-23,Active,4736.17
C006290,Vritti Srivastava,Standard,Farrukhabad,West Bengal,India,2024-08-15,Active,13761.36
C006291,Pratyush Misra,Standard,Gopalpur,Tripura,India,2025-01-02,Active,7642.81
C006292,Harish Sridhar,Premium,Rourkela,Goa,India,2026-05-23,Active,8157.27
C006293,Jasmit Natt,Enterprise,Mathura,Karnataka,India,2025-06-01,Active,9496.88
C006294,Upma Dass,Enterprise,Sagar,Odisha,India,2025-08-29,Active,3648.34
C006295,Jeremiah Parmer,Enterprise,Guntur,Uttar Pradesh,India,2023-09-19,Active,4915.89
C006296,Fiyaz Sachdeva,Enterprise,Mysore,Mizoram,India,2023-06-27,Active,7961.34
C006297,Balendra Aurora,Premium,Ulhasnagar,Gujarat,India,2025-01-18,Active,12105.4
C006298,Atharv Dar,Enterprise,Dhanbad,Kerala,India,2023-12-04,Active,6689.33
C006299,Eta Sengupta,Standard,Ramagundam,Meghalaya,India,2026-01-17,Inactive,5356.9
C006300,Pushti Bhatt,Standard,Salem,Haryana,India,2025-11-18,Inactive,19126.89
C006301,Faraj Kaul,Standard,Madanapalle,Kerala,India,2024-05-09,Active,6799.22
C006302,Ekantika Gole,Standard,Khandwa,Gujarat,India,2026-03-23,Active,19103.58
C006303,Bachittar Suri,Standard,Parbhani,Telangana,India,2025-07-14,Active,5041.07
C006304,Yahvi Prashad,Standard,Dehradun,Manipur,India,2024-05-06,Inactive,5370.34
C006305,Chatresh Wason,Standard,Bikaner,Assam,India,2024-11-26,Active,6238.37
C006306,Aachal Nigam,Premium,Khandwa,Nagaland,India,2024-02-26,Active,10410.74
C006307,Zansi Ahluwalia,Premium,Karimnagar,Assam,India,2025-05-19,Active,9996.94
C006308,Theodore Batta,Standard,Kulti,Sikkim,India,2024-11-22,Active,7653.48
C006309,Veda Rout,Standard,Jaunpur,Jharkhand,India,2026-01-07,Active,4335.31
C006310,Nilima Varughese,Standard,Erode,Uttar Pradesh,India,2025-03-08,Active,5137.5
C006311,Lavanya Nanda,Standard,Allahabad,Goa,India,2025-08-31,Active,4091.25
C006312,Hemani Gour,Standard,Secunderabad,Odisha,India,2025-09-21,Active,23104.55
C006313,Falan Patil,Standard,Thane,Gujarat,India,2026-02-09,Active,8653.01
C006314,Yashvi Karnik,Standard,Nadiad,Punjab,India,2024-06-14,Active,9455.25
C006315,Darika Pandit,Premium,Thrissur,Bihar,India,2024-05-19,Active,2935.64
C006316,Jonathan Yadav,Standard,Delhi,Arunachal Pradesh,India,2026-06-04,Inactive,11845.94
C006317,Chaaya Memon,Standard,Chittoor,Jharkhand,India,2024-06-21,Active,12285.41
C006318,Patrick Anand,Standard,Hubli–Dharwad,West Bengal,India,2026-05-24,Active,8537.23
C006319,Aditya Mitter,Standard,Alwar,Punjab,India,2025-04-27,Active,16575.03
C006320,Xavier Anand,Standard,Kottayam,Bihar,India,2024-11-08,Active,24162.31
C006321,Bakhshi Wadhwa,Standard,South Dumdum,Chhattisgarh,India,2026-03-29,Inactive,9639.1
C006322,Charles Thaker,Enterprise,Gulbarga,Meghalaya,India,2024-04-22,Active,8467.36
C006323,Warinder Lad,Enterprise,Khandwa,Manipur,India,2023-12-29,Active,12817.62
C006324,Harita Chad,Standard,Sasaram,Punjab,India,2025-12-11,Active,15889.7
C006325,Aadhya Nadig,Standard,Tinsukia,Sikkim,India,2025-08-12,Active,6140.49
C006326,Amara Shukla,Enterprise,Tiruchirappalli,Uttarakhand,India,2023-07-25,Active,11195.5
C006327,Janya Balasubramanian,Standard,Jorhat,Assam,India,2024-07-28,Active,17518.76
C006328,Hemangini Subramaniam,Standard,Yamunanagar,Uttar Pradesh,India,2025-11-23,Active,2047.01
C006329,Harrison Kalla,Premium,Adoni,Rajasthan,India,2026-05-01,Active,6586.73
C006330,Mohini Rao,Standard,Sasaram,Odisha,India,2025-07-19,Active,9758.24
C006331,Nisha Handa,Standard,Bardhaman,Manipur,India,2024-06-18,Active,11020.16
C006332,Chaman Chaudhary,Premium,Ahmednagar,Punjab,India,2023-07-10,Active,16739.35
C006333,Kabir Badal,Enterprise,Belgaum,Uttar Pradesh,India,2024-10-18,Inactive,7194.39
C006334,Ishanvi Sehgal,Standard,Bhubaneswar,Chhattisgarh,India,2026-02-02,Active,4892.64
C006335,William Chad,Enterprise,Bhopal,Uttar Pradesh,India,2026-01-01,Active,5478.63
C006336,Girish Jani,Standard,Raiganj,Meghalaya,India,2023-12-29,Active,10414.76
C006337,Harsh Palla,Enterprise,Gangtok,Odisha,India,2026-01-08,Active,8975.36
C006338,Logan Choudhary,Standard,Singrauli,Manipur,India,2026-04-19,Inactive,9574.6
C006339,Jack Kumar,Premium,Rewa,Sikkim,India,2025-09-24,Active,9523.72
C006340,Gagan Joshi,Enterprise,Jhansi,Rajasthan,India,2025-12-30,Active,5900.89
C006341,Eiravati Purohit,Standard,Aurangabad,Kerala,India,2024-09-30,Active,2825.55
C006342,Om Bedi,Premium,Tadepalligudem,Meghalaya,India,2025-06-30,Active,16994.73
C006343,Azaan Deshmukh,Standard,Bardhaman,Arunachal Pradesh,India,2024-03-10,Active,9308.29
C006344,Damini Amble,Standard,Raichur,Karnataka,India,2025-10-21,Active,21496.86
C006345,Varsha Bajaj,Standard,Rajkot,Arunachal Pradesh,India,2024-07-04,Active,18003.11
C006346,Gautami Sampath,Standard,Barasat,Bihar,India,2026-06-24,Active,8339.7
C006347,Chaitaly Swaminathan,Standard,Asansol,West Bengal,India,2023-11-03,Inactive,9154.86
C006348,Reyansh Prakash,Premium,Dewas,Chhattisgarh,India,2025-02-05,Active,3681.55
C006349,Qadim Barman,Standard,South Dumdum,Madhya Pradesh,India,2024-03-28,Active,8674.74
C006350,Geetika Bakshi,Premium,Maheshtala,Assam,India,2025-01-25,Active,6272.36
C006351,Mahika Zacharia,Enterprise,Amroha,Karnataka,India,2026-01-02,Active,3334.93
C006352,Vedant Mangal,Enterprise,Madurai,Bihar,India,2026-02-06,Active,9052.03
C006353,Bakhshi Kamdar,Premium,Mahbubnagar,Chhattisgarh,India,2026-01-30,Active,17799.14
C006354,Aadhya Trivedi,Standard,Gandhidham,West Bengal,India,2024-11-24,Active,7441.4
C006355,Yochana Lal,Premium,Satara,Gujarat,India,2026-06-20,Active,3034.27
C006356,Triveni Chaudhuri,Premium,Begusarai,Uttarakhand,India,2023-07-10,Active,14893.32
C006357,Onkar Mangat,Standard,Kolkata,West Bengal,India,2024-12-25,Active,17504.81
C006358,Theodore Dugar,Premium,Belgaum,Chhattisgarh,India,2025-09-27,Active,11570.54
C006359,Ethan Wali,Enterprise,Berhampur,Sikkim,India,2024-09-27,Active,7468.54
C006360,Rajeshri Mallick,Standard,Saharanpur,Assam,India,2023-08-13,Inactive,8386.46
C006361,Gautam Halder,Standard,Madhyamgram,Bihar,India,2024-09-16,Active,9452.87
C006362,Lajita Balasubramanian,Enterprise,Bhagalpur,Madhya Pradesh,India,2025-02-25,Active,17444.99
C006363,Lohit Pandya,Enterprise,Nadiad,Haryana,India,2025-04-20,Active,16743.9
C006364,Diya Rege,Standard,Phagwara,Uttar Pradesh,India,2025-07-16,Active,10221.13
C006365,Pushti Balan,Standard,Bhilai,Maharashtra,India,2026-03-01,Active,10624.97
C006366,Eiravati Gade,Standard,Farrukhabad,Nagaland,India,2024-12-19,Inactive,5821.02
C006367,Urmi Palan,Enterprise,Kamarhati,Punjab,India,2026-02-06,Active,10336.06
C006368,Chanchal Basak,Standard,Bulandshahr,Uttarakhand,India,2024-07-08,Active,12355.72
C006369,George Dhar,Enterprise,Davanagere,Maharashtra,India,2025-02-25,Active,4925.03
C006370,Rehaan Nayak,Standard,Jaunpur,Assam,India,2025-12-05,Active,14970.39
C006371,Ubika Sathe,Premium,Coimbatore,Uttarakhand,India,2024-03-24,Active,6806.55
C006372,Harsh Dutt,Premium,Surat,Chhattisgarh,India,2024-05-24,Active,7347.56
C006373,Aarush Boase,Standard,Darbhanga,Tripura,India,2023-09-27,Active,13718.47
C006374,Bhavini Badal,Standard,Surat,Gujarat,India,2025-07-31,Active,9045.56
C006375,Aadi Garde,Standard,Kanpur,Tripura,India,2024-10-08,Active,10872.97
C006376,Onkar Gola,Standard,Guna,Telangana,India,2024-10-16,Active,3055.38
C006377,Gopal Grover,Standard,Bokaro,Tamil Nadu,India,2023-09-29,Active,10005.83
C006378,Hemani Bobal,Premium,Aizawl,Chhattisgarh,India,2024-01-26,Active,6922.15
C006379,Jeevika Bhagat,Enterprise,Noida,Sikkim,India,2024-04-25,Active,12932.13
C006380,Sanya Bala,Standard,Silchar,Assam,India,2026-03-26,Active,9378.01
C006381,Gabriel Kapoor,Premium,Sikar,Uttarakhand,India,2025-06-29,Active,8318.22
C006382,Gautam Sura,Standard,Bally,Nagaland,India,2023-12-03,Active,6232.27
C006383,Pranav Krishna,Standard,Bhilwara,Manipur,India,2024-07-28,Active,14616.86
C006384,Unnati Deo,Premium,Ulhasnagar,Odisha,India,2024-02-03,Active,18433.54
C006385,Amrita Kara,Standard,Kalyan-Dombivli,Assam,India,2023-12-15,Inactive,5462.6
C006386,Ikbal Loke,Enterprise,Cuttack,Meghalaya,India,2024-04-05,Active,3568.62
C006387,Lipika Sabharwal,Enterprise,Kochi,Maharashtra,India,2026-01-26,Active,4358.3
C006388,Lekha Grover,Enterprise,Rajpur Sonarpur,Tamil Nadu,India,2024-05-11,Active,10456.64
C006389,Odika Natt,Premium,Madanapalle,Tripura,India,2024-11-30,Active,6790.17
C006390,Manbir Parsa,Standard,Tumkur,West Bengal,India,2026-03-08,Active,9588.44
C006391,Ekaja Tandon,Standard,Gandhidham,Sikkim,India,2024-04-14,Active,10988.16
C006392,Urvi Pathak,Standard,Nagercoil,Tamil Nadu,India,2025-05-02,Active,8698.42
C006393,Samaksh Tailor,Standard,Parbhani,Maharashtra,India,2024-03-17,Active,16152.72
C006394,Gagan Deshpande,Premium,Ambattur,Uttar Pradesh,India,2025-01-24,Active,17862.42
C006395,Devika Batra,Premium,Nandyal,Arunachal Pradesh,India,2023-08-25,Active,8368.47
C006396,Raksha Varkey,Standard,Madanapalle,Tamil Nadu,India,2024-05-06,Active,7140.17
C006397,Jalsa Bir,Standard,Dhule,Madhya Pradesh,India,2026-01-17,Active,3634.47
C006398,Jeremiah Dey,Standard,Thrissur,Meghalaya,India,2026-06-13,Active,19915.42
C006399,Ayushman Dhillon,Premium,Eluru,Goa,India,2024-09-05,Active,11687.58
C006400,Tristan Ramaswamy,Standard,Thrissur,Tripura,India,2025-11-30,Active,15115.23
C006401,Rudra Chaudhary,Standard,Aurangabad,Madhya Pradesh,India,2026-03-26,Active,6487.79
C006402,Yahvi Bhatt,Standard,Junagadh,Haryana,India,2026-06-02,Active,7891.24
C006403,Pavani Raju,Premium,Raipur,Sikkim,India,2026-01-19,Active,4872.37
C006404,Sneha Murthy,Enterprise,Shivpuri,Uttarakhand,India,2025-10-31,Active,17916.79
C006405,Ekavir Wason,Premium,Ahmednagar,Sikkim,India,2024-06-02,Active,4263.78
C006406,Tanvi Saxena,Standard,Patiala,Madhya Pradesh,India,2024-09-19,Active,7542.68
C006407,Aarush Singhal,Standard,Jehanabad,Nagaland,India,2025-09-21,Active,10280.55
C006408,Pooja Narain,Standard,Madanapalle,Tamil Nadu,India,2024-11-05,Active,17827.23
C006409,Omaja Joshi,Standard,Dhanbad,Arunachal Pradesh,India,2025-06-27,Active,5913.27
C006410,William Rao,Standard,Meerut,Telangana,India,2024-01-24,Active,5582.83
C006411,Siddharth Rajan,Enterprise,Munger,Karnataka,India,2024-11-03,Inactive,7725.35
C006412,Girik Randhawa,Standard,Madurai,Uttarakhand,India,2024-12-03,Active,13107.63
C006413,Udarsh Gokhale,Standard,Amaravati,Sikkim,India,2025-08-26,Active,3678.68
C006414,Neel Mahal,Enterprise,Latur,Arunachal Pradesh,India,2025-03-13,Active,4385.93
C006415,Anvi Sani,Standard,Coimbatore,Kerala,India,2026-02-04,Active,8302.03
C006416,Charvi Deshpande,Enterprise,Ongole,Bihar,India,2025-07-25,Active,5665.74
C006417,Ekta Pall,Premium,Madanapalle,Kerala,India,2024-12-22,Inactive,20224.35
C006418,Indrajit Madan,Standard,Tinsukia,Punjab,India,2025-10-07,Active,16742.15
C006419,Ishani Mital,Enterprise,Khora ,Mizoram,India,2024-08-05,Active,8310.49
C006420,Fariq Pillai,Standard,Pimpri-Chinchwad,Rajasthan,India,2025-03-04,Active,11995.68
C006421,Chaitaly Singh,Standard,Tezpur,Sikkim,India,2026-04-03,Active,13251.26
C006422,Gaurang Sawhney,Standard,Proddatur,Tripura,India,2024-08-06,Active,2603.13
C006423,Krishna Murty,Standard,New Delhi,Sikkim,India,2023-09-20,Active,6765.87
C006424,Ranbir Ghosh,Standard,Indore,Punjab,India,2024-10-16,Active,10681.32
C006425,Ojas Jhaveri,Premium,Raipur,Madhya Pradesh,India,2023-07-03,Active,15222.23
C006426,Yashica Parikh,Standard,Ozhukarai,Gujarat,India,2024-06-23,Active,10972.42
C006427,Urmi Karnik,Standard,Akola,Odisha,India,2024-10-12,Active,6817.23
C006428,Janani Nayak,Standard,Kurnool,Tamil Nadu,India,2025-12-11,Active,9297.81
C006429,Upma Menon,Enterprise,Morbi,Meghalaya,India,2023-10-22,Active,7462.35
C006430,Wriddhish Nigam,Standard,Rourkela,Odisha,India,2025-12-17,Active,9290.27
C006431,Chanakya Pillai,Standard,Anand,Tripura,India,2025-09-08,Active,12176.5
C006432,Tara Sami,Enterprise,Siliguri,Chhattisgarh,India,2024-08-06,Inactive,13276.96
C006433,Yashvi Chacko,Standard,Satna,Nagaland,India,2024-05-18,Active,10441.43
C006434,Isaac Shere,Standard,Srikakulam,Uttar Pradesh,India,2025-01-13,Inactive,20080.22
C006435,Zilmil Palla,Premium,Faridabad,Uttar Pradesh,India,2024-12-15,Active,13433.02
C006436,Hemal Reddy,Premium,Nizamabad,West Bengal,India,2025-03-01,Active,5081.78
C006437,Kabir Jani,Standard,Gopalpur,Mizoram,India,2023-10-01,Active,13520.6
C006438,Meghana Kata,Standard,Barasat,Jharkhand,India,2024-10-20,Active,11810.91
C006439,Deepa Devan,Premium,Kota,Gujarat,India,2025-08-08,Active,16833.77
C006440,Divya Sarna,Standard,Proddatur,Telangana,India,2024-07-05,Active,17104.69
C006441,Wyatt Lala,Standard,Bellary,Madhya Pradesh,India,2026-02-26,Active,8618.89
C006442,Yochana Deo,Standard,Tumkur,Gujarat,India,2025-07-09,Active,11406.81
C006443,Tanay Virk,Standard,Tinsukia,Andhra Pradesh,India,2023-08-10,Active,3897.18
C006444,Anita Gandhi,Standard,Mahbubnagar,Madhya Pradesh,India,2024-08-26,Active,3838.58
C006445,Ekansh Batta,Standard,Hapur,Haryana,India,2025-02-21,Active,19967.65
C006446,Gopal Kari,Premium,Korba,Tamil Nadu,India,2024-09-18,Active,8461.75
C006447,Samarth Srivastava,Premium,Bareilly,Arunachal Pradesh,India,2025-11-17,Active,4595.69
C006448,Jack Subramanian,Standard,Deoghar,Chhattisgarh,India,2023-10-03,Active,6971.43
C006449,Siya Ravel,Standard,Nadiad,Bihar,India,2023-11-27,Active,12849.38
C006450,Lakshit Nayar,Standard,Proddatur,Manipur,India,2024-03-31,Active,4361.12
C006451,Alka Sharma,Standard,Aizawl,Arunachal Pradesh,India,2025-07-17,Active,14209.17
C006452,Rohan Modi,Premium,Hajipur,Odisha,India,2026-01-30,Active,17184.48
C006453,Nandini Mital,Standard,Sirsa,Arunachal Pradesh,India,2025-01-05,Active,7141.21
C006454,Advik Apte,Enterprise,Naihati,Maharashtra,India,2024-05-30,Active,7447.62
C006455,Viraj Agate,Standard,Erode,Karnataka,India,2025-11-14,Active,5895.63
C006456,Gopal Sule,Standard,Gaya,Mizoram,India,2024-02-03,Active,4720.9
C006457,Aachal Bawa,Standard,Jamalpur,Tamil Nadu,India,2024-08-14,Active,10091.42
C006458,Ati Grover,Standard,Karawal Nagar,Uttarakhand,India,2024-01-22,Active,12271.46
C006459,Gagan Padmanabhan,Standard,Vadodara,Uttarakhand,India,2024-11-24,Active,8611.53
C006460,Dhruv Sankar,Standard,Buxar,Tamil Nadu,India,2024-07-08,Active,20809.76
C006461,Jackson Issac,Standard,Mau,Punjab,India,2025-10-13,Active,7398.08
C006462,Osha Pingle,Premium,Mehsana,Himachal Pradesh,India,2024-02-26,Active,5384.27
C006463,Isaiah Master,Premium,Panvel,Maharashtra,India,2025-05-09,Active,25209.29
C006464,Chaaya Devi,Standard,Hindupur,Goa,India,2025-06-23,Active,11997.14
C006465,Garima Modi,Standard,Adoni,Sikkim,India,2026-01-02,Active,6492.55
C006466,Ucchal Iyer,Premium,Panvel,Tripura,India,2023-08-19,Active,5767.85
C006467,Xiti Thaman,Standard,Haridwar,Arunachal Pradesh,India,2024-08-24,Active,4979.63
C006468,William Chada,Standard,Tirupati,Uttarakhand,India,2024-11-04,Active,8430.49
C006469,Oeshi Palan,Premium,Bidhannagar,Tripura,India,2024-04-19,Active,10352.81
C006470,Parth Natt,Standard,Secunderabad,Madhya Pradesh,India,2024-12-07,Active,7999.24
C006471,Reva Chakraborty,Standard,Ramgarh,Bihar,India,2024-03-10,Inactive,8770.81
C006472,Daksha Keer,Standard,Jammu,Mizoram,India,2024-04-16,Active,9022.79
C006473,Pratyush Kaur,Standard,Karawal Nagar,Karnataka,India,2026-05-08,Active,13214.0
C006474,Rachit Atwal,Standard,Guntur,Telangana,India,2025-11-19,Active,15036.45
C006475,Anay Madan,Standard,Mangalore,Mizoram,India,2023-07-07,Active,16520.6
C006476,Falguni Deol,Standard,Khammam,Jharkhand,India,2023-07-13,Active,8029.55
C006477,Odika Bora,Standard,Sasaram,Kerala,India,2023-07-18,Active,5355.36
C006478,Tanveer Dugar,Enterprise,Siliguri,Mizoram,India,2024-08-12,Active,21369.5
C006479,Lohit Gade,Premium,Raipur,Goa,India,2024-03-16,Active,9067.52
C006480,Brijesh Wable,Enterprise,Sultan Pur Majra,Haryana,India,2023-10-26,Active,19466.63
C006481,Shivani Shah,Standard,Baranagar,Gujarat,India,2024-08-05,Active,11197.57
C006482,Xavier Kadakia,Standard,Tiruchirappalli,Gujarat,India,2024-03-16,Active,14707.6
C006483,Rachana Zachariah,Premium,Jalandhar,Karnataka,India,2024-12-31,Active,3429.65
C006484,Arin Bains,Premium,Bhilai,Madhya Pradesh,India,2025-06-23,Active,5457.44
C006485,Shravya Sha,Standard,Shimla,Uttarakhand,India,2025-01-22,Active,10373.43
C006486,Anmol Hayer,Standard,Meerut,Uttar Pradesh,India,2024-04-06,Active,10538.33
C006487,Zaitra Gulati,Standard,Bokaro,Sikkim,India,2025-01-06,Active,11631.42
C006488,Benjamin Rastogi,Enterprise,Mira-Bhayandar,Meghalaya,India,2023-11-15,Active,16426.11
C006489,Xavier Devan,Standard,Hindupur,Gujarat,India,2023-11-24,Active,8204.37
C006490,Bhavini Bhatti,Enterprise,Mumbai,Uttar Pradesh,India,2025-07-15,Active,7672.42
C006491,Chameli Sankaran,Premium,Hubli–Dharwad,Arunachal Pradesh,India,2024-02-24,Active,5906.24
C006492,Anika Kala,Enterprise,Bathinda,Arunachal Pradesh,India,2025-09-30,Active,11135.18
C006493,Waida Sarin,Premium,Kakinada,Andhra Pradesh,India,2025-02-21,Active,14977.14
C006494,Ethan Sangha,Standard,Bulandshahr,Uttar Pradesh,India,2024-11-20,Active,14914.19
C006495,Amaira Datta,Enterprise,Kakinada,Goa,India,2025-09-20,Active,12647.29
C006496,Rayaan Pandya,Premium,Ballia,Goa,India,2024-06-11,Active,14729.68
C006497,Anjali Bal,Standard,Varanasi,Meghalaya,India,2024-07-03,Active,7292.21
C006498,Sai Borde,Standard,Bahraich,Nagaland,India,2025-09-21,Active,8908.59
C006499,Tripti Trivedi,Premium,Ujjain,Haryana,India,2023-07-07,Active,8307.0
C006500,David Lal,Standard,Nellore,Telangana,India,2025-11-14,Active,15482.07
C006501,Samaksh Vasa,Premium,Arrah,Nagaland,India,2024-06-03,Active,5364.22
C006502,Niharika Koshy,Standard,Mangalore,Chhattisgarh,India,2026-03-21,Active,5005.46
C006503,Lopa Prasad,Standard,Ratlam,West Bengal,India,2026-05-01,Active,8359.52
C006504,Zaitra Nagi,Premium,Dharmavaram,Mizoram,India,2024-07-30,Active,7062.06
C006505,Chaaya Swaminathan,Standard,Chandigarh,Kerala,India,2024-04-27,Active,19426.94
C006506,Ekbal Prasad,Enterprise,Rajahmundry,Bihar,India,2024-11-21,Active,7807.68
C006507,Abhiram Sampath,Premium,Kumbakonam,Gujarat,India,2024-02-25,Active,10526.08
C006508,Harshil Talwar,Standard,Pimpri-Chinchwad,Chhattisgarh,India,2026-01-13,Active,9306.7
C006509,Sai Bala,Standard,Coimbatore,Odisha,India,2026-02-09,Active,21234.84
C006510,Dhriti Khare,Premium,Jamalpur,Maharashtra,India,2025-06-07,Active,13309.41
C006511,Azaan Kala,Enterprise,Karaikudi,Haryana,India,2024-10-22,Active,2915.11
C006512,Hitesh Mitter,Standard,Bhilai,Tripura,India,2026-06-15,Active,4389.13
C006513,Vritti Narang,Standard,Ghaziabad,Haryana,India,2026-06-21,Active,14437.17
C006514,Krishna Lal,Premium,Jalgaon,Sikkim,India,2025-09-12,Active,6614.26
C006515,Caleb Majumdar,Premium,Satara,Goa,India,2025-10-14,Active,5842.55
C006516,Liam Sanghvi,Enterprise,Bhubaneswar,Kerala,India,2025-10-03,Active,18881.66
C006517,Sanya Kanda,Standard,Adoni,Gujarat,India,2026-02-12,Active,10650.48
C006518,Tanish Sengupta,Premium,Ghaziabad,Tripura,India,2023-07-19,Active,2338.98
C006519,Upadhriti Mammen,Standard,Aizawl,Odisha,India,2026-02-24,Active,4030.79
C006520,Avi Dar,Standard,Siliguri,Manipur,India,2024-12-02,Active,7582.3
C006521,Pahal Dasgupta,Standard,Gudivada,Himachal Pradesh,India,2023-11-29,Active,3136.04
C006522,Qasim Char,Enterprise,Darbhanga,Jharkhand,India,2025-08-19,Active,19154.11
C006523,Kevin Goel,Standard,Dhule,Haryana,India,2024-09-28,Inactive,12138.26
C006524,Ayaan Singhal,Standard,Avadi,Madhya Pradesh,India,2024-07-05,Active,7005.59
C006525,Lila Aurora,Standard,Sambhal,Kerala,India,2025-09-04,Active,6350.8
C006526,Balvan Sama,Standard,Shimoga,Meghalaya,India,2025-05-06,Active,14751.43
C006527,Falguni Handa,Standard,Darbhanga,Meghalaya,India,2024-12-30,Active,12967.0
C006528,Aayush Brar,Standard,Bhimavaram,Andhra Pradesh,India,2026-05-30,Active,3053.2
C006529,Bahadurjit Sankaran,Standard,Panipat,Rajasthan,India,2023-08-17,Active,5647.04
C006530,Dhruv Chatterjee,Standard,Indore,Himachal Pradesh,India,2024-08-27,Active,14091.0
C006531,Xalak Tripathi,Standard,Coimbatore,Mizoram,India,2026-01-06,Inactive,5235.39
C006532,Aadi Muni,Standard,Jamalpur,Haryana,India,2026-02-08,Active,6753.23
C006533,Zashil Dar,Enterprise,Satna,Nagaland,India,2024-04-29,Active,19410.91
C006534,Ekalinga Chacko,Standard,Begusarai,Arunachal Pradesh,India,2023-09-22,Active,7821.56
C006535,Ekbal Muni,Standard,Ahmedabad,Haryana,India,2024-02-27,Active,5923.88
C006536,Niharika Dhillon,Enterprise,Nashik,Goa,India,2024-11-10,Inactive,4722.81
C006537,Jyoti Kapadia,Standard,Raipur,Gujarat,India,2025-10-31,Active,5600.16
C006538,Vedhika Pal,Standard,Nashik,Bihar,India,2023-12-15,Active,18793.95
C006539,Oliver Banerjee,Premium,Raebareli,Karnataka,India,2024-11-16,Active,19272.97
C006540,Chaaya Kota,Premium,Bellary,Telangana,India,2025-01-25,Active,6277.95
C006541,Dayamai Om,Premium,Mira-Bhayandar,Haryana,India,2025-05-09,Active,8442.81
C006542,Banjeet Mall,Standard,Ulhasnagar,Nagaland,India,2025-11-07,Active,3437.9
C006543,Indali Mutti,Standard,Akola,Haryana,India,2024-07-26,Active,10550.64
C006544,William Setty,Premium,Surat,Madhya Pradesh,India,2025-06-17,Active,6852.58
C006545,Manya Batta,Standard,Ujjain,Punjab,India,2024-03-18,Active,9402.42
C006546,Jeet Sangha,Standard,Pallavaram,Haryana,India,2024-07-06,Active,5384.99
C006547,Lakshmi Krishnamurthy,Enterprise,Imphal,Kerala,India,2023-09-29,Active,9917.68
C006548,Jack Narain,Standard,Dharmavaram,Assam,India,2024-07-28,Active,12550.49
C006549,Harsh Swamy,Standard,Tiruchirappalli,Tamil Nadu,India,2026-02-17,Active,4347.6
C006550,Zashil Tella,Premium,Jaipur,Haryana,India,2025-04-21,Active,11642.65
C006551,Max Ganguly,Premium,Anand,Nagaland,India,2024-09-26,Active,14232.42
C006552,Lekha Chander,Premium,Dhanbad,Sikkim,India,2025-07-24,Active,5508.98
C006553,Dhruv Soni,Standard,Kharagpur,Uttar Pradesh,India,2023-12-28,Active,6102.22
C006554,Abdul Sani,Standard,Bikaner,Kerala,India,2023-08-28,Active,10419.27
C006555,Laban Nigam,Standard,Guna,Kerala,India,2025-01-04,Active,5756.37
C006556,Janaki Nagi,Standard,Rourkela,Telangana,India,2023-10-17,Active,10927.65
C006557,Meghana Raval,Standard,Nashik,Odisha,India,2023-11-13,Active,9854.36
C006558,Urmi Mammen,Standard,Phagwara,Jharkhand,India,2023-12-05,Active,15879.17
C006559,Isha Chaudhuri,Standard,Kishanganj,Odisha,India,2025-10-31,Active,8033.98
C006560,Pallavi Oak,Premium,Tezpur,Telangana,India,2023-11-10,Active,9301.36
C006561,Ansh Tailor,Standard,Gaya,Karnataka,India,2024-01-08,Active,4431.77
C006562,Hema Kurian,Premium,Kottayam,Jharkhand,India,2025-05-24,Active,7563.96
C006563,Jeremiah Chandran,Premium,Siliguri,Goa,India,2025-08-25,Active,4279.65
C006564,Triveni Sagar,Premium,Udaipur,Andhra Pradesh,India,2024-11-13,Active,7803.55
C006565,Riya Oak,Premium,Baranagar,Gujarat,India,2025-12-25,Inactive,7037.11
C006566,Warhi Murty,Standard,Rampur,Goa,India,2025-07-24,Active,2833.54
C006567,Abhimanyu Pathak,Premium,Udupi,Goa,India,2025-08-04,Active,6822.14
C006568,Samaksh Brahmbhatt,Standard,Guna,Nagaland,India,2025-10-02,Active,7419.3
C006569,Xalak Bassi,Standard,Delhi,Sikkim,India,2023-07-25,Active,11684.22
C006570,Omisha Basak,Premium,Saharsa,Uttarakhand,India,2023-12-23,Active,9773.97
C006571,Yutika Srinivas,Enterprise,Mirzapur,Madhya Pradesh,India,2025-08-31,Inactive,13147.95
C006572,Banjeet Soman,Premium,Bhiwani,Himachal Pradesh,India,2023-12-22,Active,4701.98
C006573,Neelima Tara,Standard,Proddatur,West Bengal,India,2024-05-14,Active,7335.71
C006574,Yashica Narula,Standard,Aizawl,Goa,India,2025-04-16,Active,4182.42
C006575,Manbir Ben,Premium,Vellore,Punjab,India,2025-07-18,Active,2793.36
C006576,Urmi Mittal,Standard,Bally,Chhattisgarh,India,2024-08-26,Active,10040.16
C006577,Tanveer Aurora,Standard,Madurai,Haryana,India,2025-03-17,Active,13322.86
C006578,Chasmum Divan,Premium,Durgapur,Haryana,India,2024-12-11,Active,6663.58
C006579,Tamanna Chakrabarti,Standard,Jamshedpur,Goa,India,2023-11-10,Active,7561.65
C006580,Sudiksha Ray,Standard,Rourkela,Uttarakhand,India,2025-05-07,Active,6142.54
C006581,Kabir Mitra,Premium,Gopalpur,Telangana,India,2023-11-25,Active,6426.08
C006582,Manya Hora,Standard,Dehradun,Gujarat,India,2023-10-14,Active,9870.41
C006583,Gaurav Chandra,Standard,Jorhat,West Bengal,India,2026-05-09,Active,6997.25
C006584,Pranav Lall,Standard,Aizawl,Tamil Nadu,India,2024-10-25,Active,5891.01
C006585,Tanish Master,Standard,Gurgaon,Gujarat,India,2023-11-19,Active,6527.51
C006586,Darika Lanka,Premium,Naihati,Sikkim,India,2025-12-24,Active,16717.65
C006587,Nidra Handa,Enterprise,Nashik,Chhattisgarh,India,2025-10-30,Inactive,11699.18
C006588,George Buch,Premium,Berhampore,Maharashtra,India,2024-01-07,Active,4654.42
C006589,Xalak Sarraf,Standard,Guntakal,Assam,India,2024-11-14,Active,6207.95
C006590,Aarush Keer,Standard,Sagar,Tripura,India,2025-01-22,Active,5629.55
C006591,Yochana Manne,Standard,Surendranagar Dudhrej,Manipur,India,2025-08-10,Active,8468.66
C006592,Anika Pai,Standard,Serampore,Mizoram,India,2023-07-09,Active,10125.19
C006593,Nathaniel Dada,Standard,Rewa,Odisha,India,2024-07-14,Active,5247.12
C006594,Tanvi Dara,Premium,Tadepalligudem,Uttarakhand,India,2024-12-08,Active,5816.34
C006595,Hemal Jayaraman,Standard,Kamarhati,Meghalaya,India,2025-09-09,Active,10749.5
C006596,Onveer Korpal,Premium,Bhilai,Kerala,India,2026-06-19,Active,5806.1
C006597,Quincy Sami,Premium,Nagaon,Chhattisgarh,India,2024-11-04,Inactive,6156.42
C006598,Bina Shukla,Standard,Mau,Kerala,India,2025-04-10,Active,10665.09
C006599,Ria Char,Standard,Kakinada,Sikkim,India,2024-08-26,Active,3528.3
C006600,Wishi Palla,Standard,Dibrugarh,Bihar,India,2023-11-11,Active,10756.43
C006601,Thomas Sha,Standard,Dharmavaram,Haryana,India,2025-02-16,Active,4682.52
C006602,Amrita Bajaj,Enterprise,Hazaribagh,Odisha,India,2025-06-11,Active,6118.43
C006603,Bina Lal,Standard,Medininagar,Chhattisgarh,India,2025-11-08,Active,9414.89
C006604,Aadi Anne,Standard,Tinsukia,Tripura,India,2023-12-11,Active,7974.66
C006605,Triveni Rajagopalan,Standard,Machilipatnam,Maharashtra,India,2024-09-05,Active,12386.34
C006606,Dakshesh Salvi,Enterprise,Kollam,Tripura,India,2023-09-08,Active,3878.3
C006607,Arya Chahal,Enterprise,Ajmer,Haryana,India,2025-08-05,Active,5587.74
C006608,Harish Hegde,Enterprise,Noida,Goa,India,2025-05-01,Active,7477.51
C006609,Arjun Ranganathan,Premium,Dehri,Telangana,India,2025-10-25,Active,21945.28
C006610,Sudiksha Bobal,Standard,Nellore,Andhra Pradesh,India,2024-09-22,Active,9474.09
C006611,Kamya Bajwa,Standard,Nagaon,Haryana,India,2025-06-11,Active,4557.39
C006612,Vasatika Sahni,Enterprise,Ratlam,Haryana,India,2025-04-05,Active,19716.21
C006613,Bakhshi Khurana,Enterprise,Madhyamgram,West Bengal,India,2026-01-17,Active,3886.83
C006614,Garima Chandran,Premium,Pimpri-Chinchwad,Nagaland,India,2024-10-20,Active,9942.48
C006615,Rachita Vaidya,Premium,Ghaziabad,Nagaland,India,2025-06-13,Inactive,19653.68
C006616,Noah Divan,Premium,Junagadh,Uttar Pradesh,India,2023-11-06,Active,16412.01
C006617,Kai Shah,Standard,Erode,Jharkhand,India,2025-08-09,Active,8818.59
C006618,Ekantika Parmer,Standard,Shimla,Tripura,India,2026-02-02,Active,6177.26
C006619,Ati Sharaf,Standard,Alappuzha,West Bengal,India,2024-04-16,Active,10803.59
C006620,Yatan Golla,Standard,Orai,Mizoram,India,2023-10-03,Active,9408.55
C006621,Ayushman Bose,Standard,Vasai-Virar,Karnataka,India,2025-01-10,Active,5149.21
C006622,Lavanya Chacko,Premium,Madanapalle,Jharkhand,India,2023-10-26,Active,12623.6
C006623,Brinda Zacharia,Enterprise,Mysore,Meghalaya,India,2024-03-23,Active,10035.27
C006624,Gabriel Rastogi,Premium,Aurangabad,Arunachal Pradesh,India,2023-12-15,Active,9262.75
C006625,Dhriti Kohli,Standard,Ghaziabad,Goa,India,2023-12-17,Active,3034.55
C006626,Bhanumati Bera,Premium,Ambala,Tamil Nadu,India,2023-07-25,Active,6135.64
C006627,Zehaan Magar,Standard,Cuttack,Punjab,India,2023-10-13,Active,7663.16
C006628,Vedika Radhakrishnan,Premium,Munger,Goa,India,2025-05-21,Active,3146.08
C006629,Sai Oommen,Standard,Kumbakonam,Assam,India,2024-06-04,Active,7196.81
C006630,Aashi Manne,Standard,Bhiwandi,Gujarat,India,2025-03-25,Active,2311.01
C006631,Jonathan Mitter,Standard,Pallavaram,Tripura,India,2025-09-27,Active,6937.79
C006632,Kashish Bahl,Enterprise,Anand,Nagaland,India,2024-01-18,Active,6197.17
C006633,Urmi Badal,Premium,Indore,Bihar,India,2025-04-12,Active,20865.92
C006634,Dakshesh Vyas,Standard,Noida,Kerala,India,2025-10-28,Active,3794.26
C006635,Jai Dash,Enterprise,Mau,Kerala,India,2024-02-28,Active,20476.82
C006636,Tanvi Varghese,Premium,Bhilai,Bihar,India,2024-01-29,Active,8858.18
C006637,Rachana Brar,Standard,Dharmavaram,Gujarat,India,2025-05-16,Active,3390.56
C006638,Manthan Luthra,Standard,Parbhani,Punjab,India,2026-01-08,Active,14978.82
C006639,Lajita Mistry,Enterprise,Noida,Punjab,India,2025-08-29,Active,11340.24
C006640,Balveer Bahri,Premium,Kamarhati,Karnataka,India,2025-01-18,Active,8853.68
C006641,Naveen Korpal,Standard,Ozhukarai,Tripura,India,2024-02-29,Active,4265.94
C006642,Laban Oza,Standard,Tenali,Nagaland,India,2026-02-28,Active,8377.91
C006643,George Sarma,Premium,Yamunanagar,Bihar,India,2023-07-29,Inactive,7101.75
C006644,Girish Prakash,Standard,Noida,Arunachal Pradesh,India,2024-06-04,Active,5867.89
C006645,Ethan Kadakia,Standard,Bihar Sharif,Uttar Pradesh,India,2025-05-31,Active,8138.56
C006646,Aarna Narayanan,Premium,Tirupati,West Bengal,India,2025-02-22,Active,11408.4
C006647,Kashish Sundaram,Premium,Sagar,Himachal Pradesh,India,2024-05-28,Active,22660.65
C006648,Laban Ben,Enterprise,Tenali,Goa,India,2025-02-22,Active,10513.21
C006649,Azaan Sem,Premium,Durgapur,Punjab,India,2026-04-04,Active,8705.64
C006650,Patrick Chokshi,Premium,Solapur,Haryana,India,2025-03-12,Active,9129.5
C006651,Ayaan Sandal,Standard,Ulhasnagar,Andhra Pradesh,India,2026-01-22,Active,3411.79
C006652,Nachiket Reddy,Standard,Delhi,Kerala,India,2023-06-26,Active,9710.93
C006653,Aarna Chatterjee,Premium,Miryalaguda,Tamil Nadu,India,2023-12-07,Active,5135.14
C006654,Anita Karpe,Standard,Kishanganj,Tripura,India,2024-11-11,Active,9234.01
C006655,Jeevika Butala,Standard,Alappuzha,Tripura,India,2024-11-03,Active,6208.96
C006656,Chandran Rama,Standard,Ambattur,Gujarat,India,2023-10-22,Active,8491.12
C006657,Mekhala Ratti,Premium,Giridih,Assam,India,2023-12-21,Active,10968.15
C006658,Avi Rai,Standard,Sambhal,Goa,India,2025-04-10,Active,10165.47
C006659,Fiyaz Wable,Premium,Aligarh,Bihar,India,2026-05-20,Active,16809.66
C006660,Libni Karan,Standard,Belgaum,Kerala,India,2026-05-24,Active,7359.15
C006661,Fitan Sanghvi,Standard,Ambarnath,Telangana,India,2025-10-06,Active,9597.27
C006662,Aadi D’Alia,Standard,Gwalior,Madhya Pradesh,India,2024-10-17,Inactive,7788.37
C006663,Ekapad Ratti,Premium,Thrissur,Meghalaya,India,2024-08-12,Active,16003.88
C006664,Aashi Dani,Standard,Patiala,Sikkim,India,2024-06-30,Active,11630.34
C006665,Varsha Sahni,Standard,Shahjahanpur,Maharashtra,India,2023-12-04,Active,6950.69
C006666,Deepa Kumar,Premium,Bhiwandi,Madhya Pradesh,India,2025-04-14,Active,4835.22
C006667,Indira Gokhale,Standard,Hosur,Jharkhand,India,2025-05-21,Active,26625.03
C006668,Hitesh Atwal,Standard,Motihari,West Bengal,India,2025-06-03,Active,14625.48
C006669,Forum Zachariah,Premium,Satna,Mizoram,India,2024-08-29,Active,6984.39
C006670,Baghyawati Chaudhari,Enterprise,Bhatpara,Punjab,India,2023-12-21,Active,5463.93
C006671,Charita Lanka,Standard,Ranchi,Andhra Pradesh,India,2025-03-08,Active,11190.43
C006672,Priya Narang,Premium,Berhampore,Tamil Nadu,India,2024-05-24,Active,7149.72
C006673,Lipika Divan,Standard,Kolkata,Nagaland,India,2023-07-24,Active,9515.93
C006674,Balhaar Arya,Premium,Tenali,Punjab,India,2025-01-03,Active,10643.67
C006675,Oscar Thakkar,Standard,Fatehpur,Odisha,India,2025-07-25,Active,7821.57
C006676,Amruta Narayanan,Standard,Etawah,Chhattisgarh,India,2023-12-21,Active,17670.17
C006677,Nandini Pradhan,Premium,Ghaziabad,Maharashtra,India,2026-01-23,Active,14476.9
C006678,Raksha Dhingra,Standard,Narasaraopet,Arunachal Pradesh,India,2024-03-20,Active,9648.74
C006679,Rachana Goswami,Standard,Bijapur,Meghalaya,India,2023-11-05,Active,8661.9
C006680,Megha Krishnan,Standard,Dhanbad,Uttarakhand,India,2026-01-18,Active,7383.9
C006681,Ria Mitter,Standard,Rajahmundry,Uttar Pradesh,India,2026-05-22,Active,15263.69
C006682,Akshay Kashyap,Standard,Satna,West Bengal,India,2024-10-26,Active,16373.28
C006683,Imaran Dhawan,Standard,Sri Ganganagar,Nagaland,India,2025-08-30,Active,24191.0
C006684,Nicholas Swaminathan,Premium,Hazaribagh,Manipur,India,2025-11-19,Active,10653.85
C006685,Libni Krishnamurthy,Premium,Khammam,Arunachal Pradesh,India,2025-01-13,Active,5453.69
C006686,Siddharth Sachdeva,Standard,Ujjain,Arunachal Pradesh,India,2025-08-28,Active,11299.62
C006687,Yachana Nori,Standard,Sambalpur,West Bengal,India,2024-04-02,Active,8771.75
C006688,Ranbir Hegde,Standard,Jalna,Arunachal Pradesh,India,2025-01-07,Active,9169.4
C006689,Vivaan Bhakta,Premium,Udupi,Nagaland,India,2025-08-17,Inactive,10891.88
C006690,Kamala Barman,Standard,Nizamabad,Nagaland,India,2026-04-16,Active,20831.09
C006691,Chakrika Mani,Premium,Udaipur,Telangana,India,2025-06-03,Active,4955.09
C006692,Gauri Koshy,Standard,Surendranagar Dudhrej,Punjab,India,2025-06-20,Active,5067.38
C006693,Harshil Issac,Standard,Dewas,Maharashtra,India,2023-12-31,Active,6323.14
C006694,Champak Malhotra,Standard,Chennai,Haryana,India,2026-04-14,Inactive,10235.09
C006695,Amol Walla,Standard,Chandigarh,Tamil Nadu,India,2025-03-20,Active,3900.02
C006696,Faqid Gaba,Standard,Dehradun,Uttarakhand,India,2023-07-05,Active,5715.44
C006697,Frederick Bhatnagar,Premium,Bhimavaram,Meghalaya,India,2023-12-31,Active,17076.15
C006698,Eiravati Badal,Premium,Etawah,Chhattisgarh,India,2024-02-06,Active,8297.57
C006699,Vasana De,Standard,Sultan Pur Majra,Himachal Pradesh,India,2024-04-10,Active,5109.54
C006700,Caleb Thaker,Standard,Kozhikode,Meghalaya,India,2023-07-14,Active,16602.09
C006701,Andrew Naidu,Premium,Sangli-Miraj & Kupwad,Uttar Pradesh,India,2024-05-03,Active,6139.02
C006702,Ikbal Patla,Standard,Bokaro,Haryana,India,2024-02-26,Active,14711.45
C006703,Raagini Bhatti,Standard,Ujjain,Meghalaya,India,2025-06-27,Active,11796.62
C006704,Chatura Bandi,Standard,Singrauli,Jharkhand,India,2024-06-25,Active,4117.18
C006705,Waida Hora,Premium,North Dumdum,Tripura,India,2024-12-10,Active,19286.3
C006706,Warinder Narula,Enterprise,Jodhpur,West Bengal,India,2024-11-12,Active,12089.47
C006707,Chandran Bir,Standard,Pondicherry,Tamil Nadu,India,2025-01-02,Active,4420.73
C006708,Ishwar Chopra,Standard,Tumkur,Mizoram,India,2026-03-21,Active,9493.16
C006709,Varsha Bhat,Premium,Korba,Bihar,India,2025-09-28,Active,9621.81
C006710,Benjamin Lata,Standard,Saharsa,Tripura,India,2025-05-03,Active,6689.55
C006711,Jyoti Khurana,Standard,Siliguri,Assam,India,2023-12-13,Active,7703.59
C006712,Hemangini Garg,Enterprise,Kishanganj,Meghalaya,India,2025-04-13,Active,12500.89
C006713,Anthony Parikh,Standard,Jaunpur,Andhra Pradesh,India,2023-10-10,Active,11531.04
C006714,Geetika Wagle,Standard,Durgapur,Telangana,India,2024-10-15,Active,13294.71
C006715,Jagvi Joshi,Standard,Aurangabad,Rajasthan,India,2023-07-26,Active,10003.56
C006716,Rishi Karan,Standard,Satara,Rajasthan,India,2023-08-10,Active,8962.17
C006717,Faris Sachdev,Standard,Kochi,Punjab,India,2025-05-20,Active,6558.7
C006718,Rachita Pathak,Enterprise,Chandrapur,Bihar,India,2023-07-14,Active,14477.19
C006719,Dalaja Mody,Enterprise,Durgapur,Mizoram,India,2025-09-06,Active,9927.06
C006720,Vedika Yohannan,Premium,Unnao,Rajasthan,India,2026-05-17,Active,11701.14
C006721,Gagan Manda,Standard,Jalgaon,Maharashtra,India,2024-12-04,Active,12786.23
C006722,Faras Jani,Standard,Tadipatri,Telangana,India,2025-02-11,Active,11387.57
C006723,Upkaar Mannan,Standard,Surat,Sikkim,India,2023-11-29,Active,3761.69
C006724,Ronith Das,Premium,Hospet,Gujarat,India,2024-04-23,Active,6438.88
C006725,Abeer Warrior,Standard,Avadi,Andhra Pradesh,India,2025-12-12,Active,16869.95
C006726,Chaitanya Ratta,Standard,Bulandshahr,Karnataka,India,2025-08-18,Active,6825.74
C006727,Aarush Nagy,Standard,Cuttack,Maharashtra,India,2024-09-10,Active,9279.3
C006728,Kai Chauhan,Standard,Siwan,Uttarakhand,India,2026-06-22,Active,8257.94
C006729,Fitan Narang,Standard,Dehradun,Manipur,India,2025-07-31,Active,13274.91
C006730,Atharv Ratti,Standard,Singrauli,Manipur,India,2024-11-07,Active,15008.8
C006731,Aditya Yohannan,Standard,Amaravati,Goa,India,2025-09-10,Active,5101.33
C006732,Ria Dayal,Standard,Tenali,Himachal Pradesh,India,2026-05-07,Active,5519.32
C006733,Eta Rajagopal,Standard,Nadiad,Manipur,India,2024-04-09,Active,4663.55
C006734,Aarush Ghosh,Standard,Kamarhati,Bihar,India,2024-04-07,Inactive,10623.32
C006735,Ayush Muni,Premium,Hosur,West Bengal,India,2023-10-19,Active,14397.11
C006736,Unnati Nadig,Standard,Hapur,Gujarat,India,2025-03-22,Active,15769.28
C006737,Warinder Garde,Standard,Amritsar,Tripura,India,2025-11-01,Active,8060.26
C006738,Sai Korpal,Premium,Thiruvananthapuram,Nagaland,India,2024-04-30,Active,11444.59
C006739,Krisha Gole,Standard,Firozabad,Manipur,India,2026-01-15,Active,11926.66
C006740,Warda Dutta,Standard,Ghaziabad,Nagaland,India,2026-04-22,Active,21791.3
C006741,Chaitanya Bhavsar,Premium,Indore,Jharkhand,India,2026-03-21,Active,3398.69
C006742,Harini Kara,Standard,Pallavaram,Goa,India,2024-11-23,Inactive,5800.22
C006743,Chanchal Bhalla,Standard,Junagadh,Himachal Pradesh,India,2025-06-01,Active,7397.66
C006744,Tripti Arya,Standard,Maheshtala,Telangana,India,2025-01-01,Active,8735.95
C006745,Tanveer Arya,Standard,Erode,Assam,India,2025-09-02,Active,9946.89
C006746,Gabriel Thakur,Standard,Bulandshahr,Rajasthan,India,2024-02-17,Active,6543.87
C006747,Maanav Sule,Standard,Bettiah,Goa,India,2023-08-31,Active,9111.47
C006748,Barkha Dhar,Premium,Darbhanga,Kerala,India,2026-03-21,Active,11547.7
C006749,Harsh Patla,Standard,Faridabad,Maharashtra,India,2025-10-06,Active,20083.97
C006750,Qasim Parikh,Premium,Davanagere,Karnataka,India,2023-08-12,Active,12879.46
C006751,Manya Bhakta,Standard,Junagadh,Arunachal Pradesh,India,2025-02-19,Active,19442.0
C006752,Alka Muni,Premium,Jehanabad,Uttar Pradesh,India,2023-11-06,Active,19239.64
C006753,Hemang Mistry,Standard,Guntur,Tamil Nadu,India,2025-04-15,Active,13639.7
C006754,Amol Pai,Enterprise,Dehradun,Himachal Pradesh,India,2023-12-31,Active,14636.88
C006755,Zarna Sagar,Enterprise,Guntur,Nagaland,India,2026-01-23,Active,15155.06
C006756,Gaurika Kalla,Standard,Jhansi,Himachal Pradesh,India,2024-02-02,Inactive,10225.02
C006757,Viraj Bhalla,Standard,Satara,Tripura,India,2025-12-13,Active,8753.57
C006758,Nimrat Deol,Premium,Firozabad,Meghalaya,India,2023-12-04,Active,9907.11
C006759,Jagrati Amble,Enterprise,Ghaziabad,Kerala,India,2024-05-24,Active,6216.59
C006760,Madhav Dugal,Premium,Tenali,Odisha,India,2023-08-22,Active,12520.0
C006761,Krish Kanda,Standard,Burhanpur,Odisha,India,2025-11-09,Active,12068.77
C006762,Bhavini Mandal,Standard,Guntakal,Uttarakhand,India,2026-01-04,Inactive,15006.52
C006763,Zansi Varghese,Standard,Buxar,Jharkhand,India,2023-08-18,Active,16460.65
C006764,Ethan Srivastava,Premium,Gangtok,Gujarat,India,2024-06-22,Active,4977.22
C006765,Bakhshi Devan,Standard,Jalna,Maharashtra,India,2026-05-05,Active,6801.53
C006766,Warda Kunda,Standard,Anand,Haryana,India,2023-10-06,Active,8732.46
C006767,Vidhi Balakrishnan,Premium,Chittoor,Jharkhand,India,2025-06-26,Active,5939.48
C006768,Lakshmi Mallick,Premium,Jammu,Gujarat,India,2024-05-14,Active,5948.17
C006769,Agastya Batra,Standard,Barasat,Tamil Nadu,India,2024-07-25,Active,15680.71
C006770,Charan Warrior,Enterprise,Thanjavur,Madhya Pradesh,India,2025-10-10,Active,5556.87
C006771,Odika Sani,Premium,Bhiwandi,Chhattisgarh,India,2024-10-17,Active,2795.81
C006772,Manthan Narang,Standard,Thane,Punjab,India,2025-12-15,Active,3984.43
C006773,Farhan Bhakta,Standard,Faridabad,Odisha,India,2024-07-04,Active,10229.93
C006774,Farhan Pai,Standard,Gorakhpur,Mizoram,India,2024-12-03,Inactive,8363.51
C006775,Balveer Dube,Premium,Jalandhar,Mizoram,India,2024-12-07,Active,8103.29
C006776,Bhavya Chada,Premium,Nizamabad,Jharkhand,India,2024-06-10,Active,13306.04
C006777,Aachal Mannan,Premium,Ambala,Assam,India,2025-02-10,Active,11057.77
C006778,Joshua Halder,Standard,Machilipatnam,Himachal Pradesh,India,2024-01-07,Active,4621.71
C006779,Jeevika Vasa,Premium,Nagercoil,Goa,India,2025-10-02,Active,8489.29
C006780,Tanveer Morar,Standard,Tiruppur,Kerala,India,2024-02-17,Inactive,16068.46
C006781,Vihaan Mishra,Standard,Amritsar,Goa,India,2024-05-15,Active,10237.64
C006782,Zansi Krishnan,Standard,Sri Ganganagar,Maharashtra,India,2025-06-13,Active,8486.73
C006783,Kashish Hari,Enterprise,Mathura,Assam,India,2024-05-01,Active,5145.82
C006784,Chakradhar Bal,Enterprise,Vellore,Karnataka,India,2024-12-23,Active,7226.84
C006785,Zayyan Venkatesh,Premium,Bhimavaram,Tamil Nadu,India,2023-11-13,Active,6141.49
C006786,Vincent Sharma,Standard,Suryapet,Rajasthan,India,2025-08-09,Inactive,13036.06
C006787,Yashodhara De,Premium,Munger,Manipur,India,2024-11-16,Inactive,8590.89
C006788,Yashodhara Badami,Premium,Raebareli,Meghalaya,India,2024-07-27,Active,12206.97
C006789,Suhani Dua,Standard,Berhampore,West Bengal,India,2024-12-20,Active,11766.52
C006790,Laksh Dixit,Standard,Mango,Chhattisgarh,India,2025-03-18,Active,6032.15
C006791,Ekaja Sandhu,Standard,Thiruvananthapuram,Haryana,India,2025-03-20,Active,8554.72
C006792,Zarna Sur,Standard,Muzaffarnagar,Assam,India,2024-10-21,Active,5617.29
C006793,Aahana Sachdev,Standard,Thane,West Bengal,India,2026-02-07,Active,14012.35
C006794,Madhavi Sani,Premium,Kochi,Punjab,India,2024-07-13,Inactive,12381.61
C006795,Suhani Solanki,Premium,Shimla,Andhra Pradesh,India,2024-09-19,Active,8429.03
C006796,Keya Loke,Enterprise,Raipur,Tripura,India,2024-06-06,Inactive,11416.56
C006797,Eesha Nayak,Premium,Nandyal,Assam,India,2024-01-24,Active,14436.65
C006798,Harshil Soman,Enterprise,Amritsar,Jharkhand,India,2026-06-18,Active,8718.67
C006799,Omya Rao,Enterprise,Vijayanagaram,Jharkhand,India,2025-09-01,Active,16464.1
C006800,Nandini Mangat,Standard,Patna,Uttar Pradesh,India,2023-08-07,Active,8093.29
C006801,Isha Mani,Standard,Howrah,Chhattisgarh,India,2025-11-23,Active,14684.12
C006802,Sudiksha Modi,Standard,Bhatpara,Karnataka,India,2024-10-18,Inactive,8764.93
C006803,Tanvi Lall,Enterprise,Sikar,Madhya Pradesh,India,2024-07-31,Active,5624.19
C006804,Urvashi Kashyap,Standard,Jhansi,Assam,India,2026-04-18,Active,9262.76
C006805,Inaya Srivastava,Standard,Bhusawal,Gujarat,India,2024-05-12,Active,9030.17
C006806,Nachiket Chakraborty,Standard,Avadi,Uttarakhand,India,2026-03-13,Active,7122.31
C006807,Aachal Lalla,Premium,Deoghar,Manipur,India,2024-02-12,Active,4181.99
C006808,Umang Loke,Premium,Durg,Telangana,India,2025-05-25,Active,4821.59
C006809,Daksh Parikh,Premium,Pune,Chhattisgarh,India,2024-04-28,Active,9673.62
C006810,Inaya Mishra,Standard,Ballia,Kerala,India,2024-08-14,Active,4461.71
C006811,Aarnav Keer,Standard,Naihati,Meghalaya,India,2025-02-07,Active,20111.8
C006812,Hemal Krish,Enterprise,Nashik,Meghalaya,India,2024-06-02,Active,15098.56
C006813,Adya Pai,Standard,Jhansi,Karnataka,India,2025-08-30,Active,5046.19
C006814,Yutika Mitter,Premium,Orai,Arunachal Pradesh,India,2023-12-12,Active,14992.31
C006815,Chameli Kalita,Premium,Eluru,Jharkhand,India,2023-09-28,Active,4770.44
C006816,Urvi Ray,Enterprise,Bhalswa Jahangir Pur,Andhra Pradesh,India,2025-09-02,Inactive,6736.28
C006817,Thomas Pingle,Standard,Aligarh,Punjab,India,2023-10-19,Active,8683.16
C006818,Varsha Shankar,Premium,Tinsukia,Tripura,India,2024-07-16,Active,3040.45
C006819,Amruta Saraf,Standard,Ambattur,Maharashtra,India,2024-09-25,Active,4986.54
C006820,Rayaan Verma,Premium,Nagercoil,Punjab,India,2025-10-17,Active,11927.6
C006821,Advika Rau,Premium,Mathura,Gujarat,India,2024-03-06,Active,9657.77
C006822,Charvi Hayre,Standard,Bongaigaon,Uttarakhand,India,2025-11-29,Active,4554.66
C006823,Radhika Munshi,Standard,Begusarai,Tamil Nadu,India,2023-07-18,Active,9180.19
C006824,Daksha Ganguly,Standard,Mahbubnagar,Rajasthan,India,2026-01-23,Active,9808.96
C006825,Chameli Borra,Enterprise,Chittoor,Uttar Pradesh,India,2024-05-15,Active,7174.09
C006826,Chandresh Mital,Enterprise,Udupi,Uttar Pradesh,India,2025-01-24,Inactive,13048.49
C006827,Ekanta Nadig,Premium,Bhopal,Manipur,India,2024-07-30,Active,5189.79
C006828,Zansi Gour,Premium,Bally,Jharkhand,India,2024-05-27,Active,6458.06
C006829,Girish Karpe,Standard,Deoghar,Tripura,India,2025-02-21,Active,14466.42
C006830,Aradhana Patla,Premium,Imphal,West Bengal,India,2023-06-28,Active,10872.87
C006831,Yoshita Gara,Standard,Ahmednagar,Rajasthan,India,2024-08-29,Active,7067.93
C006832,Anusha Mody,Standard,Firozabad,Arunachal Pradesh,India,2024-01-12,Active,11276.63
C006833,Anamika Wason,Standard,Tiruvottiyur,Manipur,India,2023-08-08,Active,4576.94
C006834,Vinaya Kapur,Premium,Karaikudi,Jharkhand,India,2024-08-30,Active,9414.17
C006835,Nidra Venkataraman,Premium,Munger,Sikkim,India,2023-11-06,Active,8464.51
C006836,Shivani Wagle,Standard,Raiganj,Karnataka,India,2023-10-30,Active,8609.27
C006837,Ishaan Nadkarni,Standard,Dhanbad,Himachal Pradesh,India,2025-03-07,Active,2046.69
C006838,Jatin Loyal,Enterprise,Thanjavur,Mizoram,India,2025-12-15,Active,24229.55
C006839,Dayita Jayaraman,Standard,Karaikudi,Mizoram,India,2023-11-20,Active,9735.52
C006840,Nakul Bahl,Standard,Guntur,Sikkim,India,2026-02-24,Active,9198.0
C006841,Pallavi Arora,Standard,Kottayam,Gujarat,India,2023-12-15,Active,7341.96
C006842,Jonathan Jha,Standard,Suryapet,Telangana,India,2024-02-03,Active,11491.39
C006843,Samesh Saha,Standard,Sagar,Andhra Pradesh,India,2025-02-12,Active,3575.67
C006844,Ayush Krishnamurthy,Standard,Udaipur,Andhra Pradesh,India,2023-07-29,Active,5353.32
C006845,Parth Hayer,Standard,Rourkela,Tamil Nadu,India,2024-12-10,Active,17464.43
C006846,Baljiwan Kanda,Standard,Bhimavaram,Assam,India,2024-12-08,Active,10439.94
C006847,Mitali Lall,Standard,Davanagere,Chhattisgarh,India,2025-01-24,Active,6392.95
C006848,Qadim Vora,Premium,Medininagar,Maharashtra,India,2024-06-28,Active,12544.87
C006849,Shravya Chander,Premium,Pali,Goa,India,2026-04-01,Active,9724.62
C006850,Warinder Dutt,Standard,Shivpuri,Punjab,India,2025-02-09,Active,8747.18
C006851,Aashi Narula,Standard,Pali,Arunachal Pradesh,India,2023-10-24,Active,6746.93
C006852,Jacob Devan,Standard,Burhanpur,Goa,India,2026-02-12,Active,3647.26
C006853,Meghana Sethi,Standard,Avadi,Kerala,India,2024-09-15,Active,5731.37
C006854,Ekani Muni,Standard,Rohtak,Meghalaya,India,2024-02-26,Active,7941.64
C006855,Rachana Vala,Standard,Bhagalpur,Tamil Nadu,India,2023-11-16,Active,5928.52
C006856,Vasana Keer,Standard,Jaunpur,Uttarakhand,India,2024-10-25,Active,4939.57
C006857,Dalaja Narula,Standard,Amravati,Karnataka,India,2023-09-03,Active,11153.35
C006858,Aachal Nayak,Standard,Gudivada,Tripura,India,2025-01-27,Inactive,17652.18
C006859,Aditya Karpe,Enterprise,Dhule,Nagaland,India,2026-01-23,Active,31702.78
C006860,Gabriel Rout,Premium,Anantapuram,West Bengal,India,2025-01-16,Active,9737.63
C006861,Yashvi Rastogi,Standard,Dehri,Madhya Pradesh,India,2025-06-18,Active,8218.0
C006862,Parth Nagi,Premium,Tinsukia,Bihar,India,2024-06-18,Active,12809.09
C006863,Diya Shere,Standard,Bhimavaram,Andhra Pradesh,India,2025-09-25,Active,10494.71
C006864,Hemani Patel,Premium,Muzaffarpur,Assam,India,2024-11-23,Active,5868.2
C006865,Ikbal Varghese,Standard,Ranchi,Gujarat,India,2026-01-25,Active,10770.85
C006866,Qarin Gaba,Standard,Aizawl,Assam,India,2025-02-07,Active,6125.98
C006867,Bahadurjit Banik,Enterprise,Morena,Himachal Pradesh,India,2025-04-17,Active,15741.12
C006868,Tanvi Rajan,Standard,Amravati,Bihar,India,2023-11-29,Active,5308.97
C006869,Naveen Konda,Standard,Serampore,Meghalaya,India,2025-06-10,Active,5557.18
C006870,Jatin Doctor,Standard,Udaipur,Uttar Pradesh,India,2024-05-25,Active,6174.13
C006871,Aditya Swaminathan,Premium,Bhatpara,Sikkim,India,2025-03-05,Active,10871.72
C006872,Warhi Kashyap,Premium,Udaipur,Sikkim,India,2023-11-19,Active,5553.6
C006873,Ronith Bail,Standard,Chennai,Chhattisgarh,India,2025-01-26,Active,11426.66
C006874,Nandini Brahmbhatt,Standard,Amaravati,Arunachal Pradesh,India,2025-06-17,Active,11795.39
C006875,Baljiwan Parmar,Standard,Agartala,Kerala,India,2023-07-18,Active,13295.67
C006876,Neel Sunder,Standard,Ballia,Madhya Pradesh,India,2024-12-14,Active,11568.32
C006877,Ethan Natt,Standard,Davanagere,Telangana,India,2026-03-10,Active,11034.04
C006878,Sneha Saini,Standard,Avadi,Chhattisgarh,India,2024-11-14,Active,7564.98
C006879,Yamini Tripathi,Standard,New Delhi,Karnataka,India,2026-04-25,Active,4180.53
C006880,Alexander Dhawan,Standard,Gandhidham,Arunachal Pradesh,India,2024-05-12,Active,19758.17
C006881,Finn Vaidya,Standard,Ujjain,Tamil Nadu,India,2023-12-30,Active,8560.59
C006882,Bhavya Jain,Enterprise,Chinsurah,Jharkhand,India,2025-03-10,Active,18609.78
C006883,Pallavi Jani,Standard,Raichur,Kerala,India,2023-07-07,Active,11510.42
C006884,Bahadurjit Dayal,Standard,Machilipatnam,Tripura,India,2026-06-14,Active,11441.12
C006885,Keya Bassi,Standard,Tenali,Punjab,India,2025-04-07,Inactive,12799.65
C006886,Zaitra Dugar,Enterprise,Bhagalpur,Tripura,India,2024-07-19,Active,4527.6
C006887,Pushti Prabhu,Standard,Guwahati,Karnataka,India,2025-02-09,Active,17096.89
C006888,Libni Bose,Standard,Kolkata,Tamil Nadu,India,2024-07-01,Active,8924.43
C006889,Vyanjana Hans,Standard,Udupi,Arunachal Pradesh,India,2025-10-16,Active,21595.32
C006890,Vasatika Vasa,Standard,Nanded,Kerala,India,2026-02-05,Active,10306.83
C006891,Orinder Sanghvi,Standard,Hazaribagh,Bihar,India,2025-05-06,Active,3793.48
C006892,Osha Contractor,Premium,Amroha,Assam,India,2023-07-12,Inactive,16891.29
C006893,Dhriti Verma,Standard,Lucknow,Nagaland,India,2025-10-25,Active,8318.08
C006894,Zinal Ram,Standard,Hindupur,West Bengal,India,2024-09-28,Active,3897.08
C006895,Vyanjana Barad,Premium,Bijapur,Uttar Pradesh,India,2026-05-22,Active,22149.33
C006896,Arin Rama,Standard,Suryapet,Tamil Nadu,India,2026-04-22,Inactive,15585.9
C006897,Dev Pandya,Premium,North Dumdum,Odisha,India,2024-07-30,Active,5511.33
C006898,Joshua Dey,Enterprise,Raebareli,Punjab,India,2025-10-21,Active,10229.04
C006899,Yashoda Gour,Standard,Panipat,Meghalaya,India,2024-05-28,Inactive,14424.97
C006900,Anusha Bali,Standard,Erode,Nagaland,India,2024-08-27,Active,7279.31
C006901,Hemang Sachdeva,Standard,Vadodara,West Bengal,India,2026-02-22,Active,5802.99
C006902,Laksh Sood,Premium,Agra,Assam,India,2024-08-14,Active,6363.28
C006903,Sanaya Chada,Standard,Tadepalligudem,Chhattisgarh,India,2026-01-28,Active,16872.19
C006904,Simon Sunder,Standard,Mau,Odisha,India,2025-10-08,Active,13171.58
C006905,Panini Iyer,Standard,Sonipat,Uttar Pradesh,India,2024-03-08,Active,11001.32
C006906,Hitesh Natarajan,Standard,Kanpur,Odisha,India,2025-01-02,Active,3203.87
C006907,Ridhi Nazareth,Premium,Patiala,Meghalaya,India,2023-09-26,Active,2750.94
C006908,Ekalinga Sethi,Standard,New Delhi,Tripura,India,2025-10-12,Active,16438.73
C006909,Vinaya Iyengar,Enterprise,Gorakhpur,Telangana,India,2024-09-03,Active,12088.97
C006910,Jeevika Vaidya,Enterprise,Bhalswa Jahangir Pur,Jharkhand,India,2025-07-27,Active,17201.17
C006911,Om Bhavsar,Standard,Bijapur,Karnataka,India,2026-02-09,Active,15544.71
C006912,Rachana Pillay,Standard,Gulbarga,Bihar,India,2023-10-08,Active,7885.59
C006913,Gavin Deep,Standard,Bidhannagar,Uttarakhand,India,2025-03-23,Inactive,19069.7
C006914,Liam Sachdev,Premium,Tiruvottiyur,Meghalaya,India,2023-07-09,Active,4352.18
C006915,Tara Biswas,Enterprise,Bijapur,Chhattisgarh,India,2025-10-26,Active,18432.56
C006916,Hemangini Johal,Standard,Ongole,Karnataka,India,2024-02-11,Active,4235.55
C006917,Yashica Mital,Standard,Sirsa,Tamil Nadu,India,2025-01-26,Active,11840.6
C006918,Omkaar Mahal,Standard,Uluberia,Uttar Pradesh,India,2025-09-19,Active,9279.16
C006919,Theodore Halder,Standard,Sambalpur,Uttarakhand,India,2024-10-29,Active,5662.86
C006920,Yashoda Padmanabhan,Standard,Imphal,Chhattisgarh,India,2023-06-25,Active,4355.55
C006921,Nirja Mittal,Premium,Satna,Uttar Pradesh,India,2025-01-13,Active,22442.36
C006922,Falak Hayre,Premium,Rajahmundry,Manipur,India,2024-12-28,Active,18459.53
C006923,Hitesh Jha,Standard,Jamshedpur,Karnataka,India,2026-02-20,Active,10349.89
C006924,Ishwar Memon,Standard,Saharsa,Uttar Pradesh,India,2024-01-25,Active,12874.39
C006925,Frado Gokhale,Standard,Rajpur Sonarpur,Tamil Nadu,India,2024-02-05,Active,10418.37
C006926,Yutika Menon,Standard,Thiruvananthapuram,Meghalaya,India,2024-11-04,Active,13717.46
C006927,Nilima Khalsa,Standard,Raurkela Industrial Township,Odisha,India,2025-03-04,Active,9803.62
C006928,Avni Jhaveri,Standard,Patiala,Madhya Pradesh,India,2025-07-07,Active,10806.52
C006929,Mitesh Chad,Enterprise,Arrah,Andhra Pradesh,India,2024-03-10,Active,15765.56
C006930,Aditya Prasad,Standard,Jhansi,West Bengal,India,2026-02-03,Active,8643.64
C006931,Urvashi Yohannan,Premium,Jammu,Goa,India,2025-03-24,Active,8697.99
C006932,Adweta Mandal,Standard,Davanagere,Gujarat,India,2025-11-23,Active,9492.08
C006933,Jai Mohan,Standard,Aurangabad,Goa,India,2025-11-04,Active,6546.31
C006934,Hemani Bath,Standard,Sambalpur,Maharashtra,India,2025-11-15,Active,8803.14
C006935,Nathan Bhatnagar,Standard,Bareilly,Uttar Pradesh,India,2025-03-18,Active,5357.63
C006936,Sachi Buch,Standard,North Dumdum,Maharashtra,India,2025-12-18,Active,4681.23
C006937,Tristan Modi,Premium,Raiganj,Himachal Pradesh,India,2026-02-22,Inactive,7415.08
C006938,Indali Sunder,Enterprise,Tirunelveli,West Bengal,India,2025-10-31,Active,6947.94
C006939,Indali Hayre,Premium,Giridih,Meghalaya,India,2024-07-22,Active,17427.8
C006940,Ayushman Pal,Enterprise,Gaya,Himachal Pradesh,India,2023-10-30,Active,16162.67
C006941,Sathvik Dasgupta,Standard,Ramgarh,Assam,India,2025-10-02,Active,15608.22
C006942,Kala Tara,Standard,Jhansi,Maharashtra,India,2023-12-30,Active,8989.35
C006943,Ira Zacharia,Enterprise,Chandigarh,Madhya Pradesh,India,2025-10-12,Active,1894.78
C006944,Barkha Bera,Standard,Jammu,Haryana,India,2024-07-08,Active,11109.73
C006945,Frado Dora,Standard,Berhampur,Gujarat,India,2023-11-13,Active,9623.23
C006946,Oliver Sahota,Standard,Panvel,Manipur,India,2024-10-20,Active,7899.22
C006947,Kai Mannan,Standard,Bellary,Jharkhand,India,2023-07-12,Active,20143.34
C006948,Upma Mukhopadhyay,Enterprise,Mango,Assam,India,2025-01-13,Active,8513.26
C006949,Udarsh Mahajan,Standard,Orai,Gujarat,India,2024-02-29,Active,10139.94
C006950,Nimrat Boase,Premium,Ambala,Gujarat,India,2023-12-01,Active,14013.02
C006951,Chatresh Mahajan,Premium,Tiruvottiyur,Telangana,India,2023-08-04,Inactive,7224.97
C006952,Kamala Nath,Standard,Guntakal,Himachal Pradesh,India,2024-04-15,Active,11291.22
C006953,Bhavani Sagar,Standard,Shimoga,Kerala,India,2023-07-04,Active,12333.05
C006954,Tristan Prakash,Standard,Parbhani,Sikkim,India,2026-01-11,Active,11036.08
C006955,Damyanti Ganesh,Premium,Naihati,Mizoram,India,2024-06-15,Active,13377.51
C006956,Atharv Baria,Standard,Adoni,Karnataka,India,2025-12-21,Active,6089.53
C006957,Peter Dutta,Enterprise,South Dumdum,Jharkhand,India,2025-10-07,Active,19654.95
C006958,Frederick Sood,Standard,Sultan Pur Majra,Rajasthan,India,2024-11-15,Active,6211.47
C006959,Anay Dixit,Standard,Adoni,Madhya Pradesh,India,2024-05-31,Active,5167.21
C006960,Arjun Pillai,Standard,Udupi,Karnataka,India,2025-04-05,Active,8159.6
C006961,Victor Mall,Premium,Indore,Himachal Pradesh,India,2024-08-11,Active,6775.04
C006962,Gopal Dutt,Standard,Sambhal,Meghalaya,India,2024-10-18,Active,7853.71
C006963,Jairaj Raj,Premium,Bally,Himachal Pradesh,India,2024-02-20,Active,7373.37
C006964,Omaja Srinivasan,Standard,Jamnagar,Karnataka,India,2024-09-29,Active,5846.46
C006965,Mohini Chacko,Premium,Jalgaon,Assam,India,2024-06-12,Inactive,7502.95
C006966,Ryan Devi,Premium,Kavali,Maharashtra,India,2026-05-29,Active,7138.4
C006967,Nisha Dhar,Premium,Gorakhpur,Sikkim,India,2024-05-08,Active,7875.49
C006968,Gavin Shroff,Standard,Rourkela,Arunachal Pradesh,India,2023-07-15,Inactive,12754.5
C006969,Balveer Kothari,Premium,Shimla,Manipur,India,2024-09-05,Active,10185.59
C006970,Udyati Sani,Standard,Jamnagar,Chhattisgarh,India,2024-03-02,Active,8977.36
C006971,Jeevika Khanna,Standard,Kolhapur,Punjab,India,2024-10-09,Active,9646.39
C006972,Aadi Badami,Standard,Aurangabad,Maharashtra,India,2024-08-26,Active,14138.41
C006973,Nimrat Devan,Premium,Gulbarga,Chhattisgarh,India,2024-01-21,Active,13824.34
C006974,Kalpit Deshmukh,Standard,Salem,Andhra Pradesh,India,2025-12-17,Active,10202.1
C006975,Garima Choudhary,Standard,Bhiwani,Uttar Pradesh,India,2024-11-25,Active,7030.06
C006976,Chakradev Keer,Premium,Bikaner,Odisha,India,2025-06-20,Active,4995.2
C006977,Unnati Ratti,Standard,Tadepalligudem,Odisha,India,2023-06-30,Active,4159.56
C006978,Anthony Vasa,Premium,Junagadh,Tamil Nadu,India,2026-02-01,Active,16643.2
C006979,Amruta Sabharwal,Standard,Phagwara,Uttarakhand,India,2023-10-27,Active,10454.16
C006980,Ishwar Brar,Premium,Ghaziabad,Maharashtra,India,2025-10-19,Active,10111.79
C006981,Nirja Randhawa,Standard,Hosur,Karnataka,India,2024-07-14,Inactive,11938.15
C006982,Geetika Dar,Standard,Khora ,Nagaland,India,2025-01-09,Active,8577.17
C006983,Zayan Jani,Enterprise,Rourkela,Andhra Pradesh,India,2026-06-08,Active,7390.7
C006984,Deepa Ghosh,Standard,Ratlam,Jharkhand,India,2025-02-10,Active,4437.92
C006985,Bimala Khosla,Enterprise,Shimla,Tripura,India,2025-04-27,Active,8966.24
C006986,Divya Thakur,Standard,Phagwara,Assam,India,2025-07-16,Active,13179.7
C006987,Chasmum Nagi,Standard,Jaipur,Manipur,India,2024-02-11,Active,12156.64
C006988,Mohini Thakkar,Premium,Sri Ganganagar,Nagaland,India,2023-07-28,Active,4392.63
C006989,Ekantika Jha,Standard,Ahmednagar,Telangana,India,2024-06-25,Active,13364.03
C006990,Rohan Bains,Premium,Mango,Jharkhand,India,2026-06-22,Active,7142.08
C006991,Nilima Rastogi,Standard,Belgaum,Haryana,India,2025-12-10,Inactive,4436.24
C006992,Varsha Gill,Standard,Kalyan-Dombivli,Meghalaya,India,2025-09-03,Active,3509.14
C006993,Geetika Krishnamurthy,Premium,Tiruppur,Goa,India,2023-08-10,Active,11408.58
C006994,Ethan Bassi,Standard,Ajmer,Haryana,India,2025-01-31,Active,12636.83
C006995,Harini Zacharia,Standard,Agra,Goa,India,2025-04-17,Active,18514.58
C006996,Ekanta Sahota,Premium,Muzaffarpur,Bihar,India,2026-05-28,Active,8331.9
C006997,Vasudha Gupta,Standard,Katihar,West Bengal,India,2023-12-02,Active,3727.79
C006998,Adweta Pillay,Standard,Etawah,Manipur,India,2025-03-14,Inactive,6555.53
C006999,Bhavna Ranganathan,Standard,Satna,Uttarakhand,India,2024-12-22,Active,7620.45
C007000,Sneha Kannan,Standard,Hosur,Gujarat,India,2024-11-26,Active,16199.19
C007001,Isha Goyal,Enterprise,Nashik,Punjab,India,2025-07-30,Active,15773.05
C007002,Yashvi Tripathi,Premium,Dewas,Himachal Pradesh,India,2023-10-11,Active,7188.11
C007003,Kiaan Amble,Enterprise,Tirupati,Goa,India,2025-02-17,Active,20938.46
C007004,Arya Rajagopalan,Standard,Srinagar,Uttarakhand,India,2026-04-27,Active,6125.63
C007005,Farhan Atwal,Standard,Dindigul,Sikkim,India,2024-10-27,Active,6066.69
C007006,Falak Dutta,Standard,Amroha,Karnataka,India,2023-12-11,Inactive,10350.48
C007007,Anvi Krishna,Enterprise,Kanpur,Punjab,India,2025-01-09,Active,5701.98
C007008,Tanveer Mangat,Standard,Kollam,Mizoram,India,2025-01-03,Active,8831.74
C007009,Xiti Warrior,Premium,Guntur,Andhra Pradesh,India,2025-11-28,Active,13570.01
C007010,Udarsh Sampath,Enterprise,Hajipur,Maharashtra,India,2024-06-18,Active,9947.3
C007011,Chatura Chaudhuri,Premium,Guntakal,Andhra Pradesh,India,2026-06-03,Active,17109.29
C007012,Madhavi Kamdar,Premium,Ratlam,Tripura,India,2024-09-23,Active,10932.37
C007013,Upadhriti Jhaveri,Standard,Uluberia,Bihar,India,2026-06-24,Active,7300.43
C007014,Anamika Sahni,Enterprise,Munger,Kerala,India,2026-06-02,Active,6293.42
C007015,Nathaniel Nigam,Standard,Solapur,Assam,India,2023-11-24,Active,2578.03
C007016,Qushi Gupta,Standard,Navi Mumbai,Punjab,India,2025-05-22,Active,7532.77
C007017,Tamanna Patil,Standard,Mirzapur,Meghalaya,India,2026-06-02,Inactive,7539.23
C007018,Fiyaz Behl,Premium,Dewas,Karnataka,India,2023-12-28,Active,18722.22
C007019,Lopa Sandhu,Enterprise,Danapur,Maharashtra,India,2023-10-09,Active,13416.97
C007020,Prisha Koshy,Standard,Ujjain,Himachal Pradesh,India,2025-06-25,Inactive,15463.84
C007021,Yutika Prabhu,Standard,Sonipat,Punjab,India,2023-08-13,Active,10998.63
C007022,Jackson Varghese,Premium,Vasai-Virar,Mizoram,India,2024-06-04,Active,13859.07
C007023,Yahvi Pillai,Standard,Kollam,Sikkim,India,2025-03-24,Active,8838.99
C007024,Zayan Prasad,Premium,Darbhanga,Madhya Pradesh,India,2024-04-10,Active,7714.92
C007025,Owen Keer,Standard,Shimla,Himachal Pradesh,India,2023-10-01,Active,4711.57
C007026,Guneet Koshy,Standard,Bhiwandi,Nagaland,India,2024-04-22,Active,10044.98
C007027,Chasmum Choudhury,Standard,Machilipatnam,Tamil Nadu,India,2025-08-11,Active,8213.68
C007028,Tanay Chopra,Standard,Narasaraopet,Odisha,India,2025-03-30,Active,9758.17
C007029,Zansi Prabhakar,Standard,Sultan Pur Majra,Karnataka,India,2024-06-10,Active,8403.07
C007030,Daksh Garde,Standard,Shimoga,Himachal Pradesh,India,2024-04-10,Active,11084.96
C007031,Nikita Reddy,Enterprise,Vellore,West Bengal,India,2025-11-10,Active,5779.51
C007032,Jacob Yohannan,Standard,Saharanpur,Punjab,India,2026-04-17,Active,3036.3
C007033,Guneet Virk,Standard,Jaipur,Chhattisgarh,India,2025-02-25,Active,5090.37
C007034,Orinder Sangha,Premium,Bilaspur,Arunachal Pradesh,India,2024-10-28,Active,5580.86
C007035,Rajeshri Dubey,Standard,Dehradun,Gujarat,India,2025-08-19,Active,8256.55
C007036,Yachana Chacko,Standard,Sonipat,Arunachal Pradesh,India,2023-07-05,Inactive,3614.29
C007037,Aarna Tiwari,Standard,Varanasi,Punjab,India,2026-03-26,Inactive,6780.44
C007038,Vasudha Deshmukh,Enterprise,Nangloi Jat,Himachal Pradesh,India,2024-03-03,Active,14350.98
C007039,Teerth Edwin,Standard,Etawah,Madhya Pradesh,India,2023-07-08,Active,11915.54
C007040,Edhitha Saran,Standard,Panihati,Meghalaya,India,2025-08-28,Active,4319.86
C007041,Gaurangi Sodhi,Premium,Jaunpur,Mizoram,India,2023-08-13,Active,4077.84
C007042,Patrick Zachariah,Standard,Mysore,Karnataka,India,2024-01-04,Active,19555.54
C007043,Noah Seth,Standard,Howrah,Jharkhand,India,2023-12-12,Active,13847.77
C007044,Isaiah Puri,Standard,Udaipur,Assam,India,2023-09-07,Active,10615.61
C007045,Harini Kota,Enterprise,Rewa,Nagaland,India,2026-03-01,Active,8501.33
C007046,Anvi Arya,Standard,Amroha,Jharkhand,India,2023-06-28,Active,13855.45
C007047,Girindra Thakur,Standard,Hyderabad,Uttar Pradesh,India,2024-07-08,Active,11784.32
C007048,Alexander Agarwal,Standard,Nandyal,Goa,India,2024-12-11,Active,5130.85
C007049,Bhavika Agate,Standard,Salem,Assam,India,2024-06-25,Active,5568.86
C007050,Falguni Bawa,Standard,Siwan,Uttar Pradesh,India,2025-03-19,Active,5766.03
C007051,Aarna Agarwal,Standard,Mira-Bhayandar,Madhya Pradesh,India,2024-02-03,Active,11568.12
C007052,Yuvraj Saini,Premium,Bhimavaram,Uttar Pradesh,India,2024-10-31,Active,13431.9
C007053,Amaira Oommen,Standard,Khandwa,West Bengal,India,2023-06-30,Active,6407.52
C007054,Frederick Nadkarni,Standard,Barasat,Rajasthan,India,2024-11-05,Active,9447.05
C007055,Ayaan Kannan,Enterprise,Miryalaguda,Kerala,India,2026-06-24,Active,7746.87
C007056,Omaja Mannan,Standard,Pondicherry,Karnataka,India,2024-05-01,Active,12270.31
C007057,Sai Pradhan,Standard,Bhilai,Tripura,India,2026-01-01,Active,10694.97
C007058,Megha Rama,Standard,Sangli-Miraj & Kupwad,Telangana,India,2025-05-30,Active,14885.24
C007059,Chakradhar Sha,Premium,Buxar,Haryana,India,2023-12-27,Active,5770.36
C007060,Varsha Vyas,Standard,Asansol,Chhattisgarh,India,2024-03-15,Active,21690.81
C007061,Indrajit Brahmbhatt,Enterprise,Farrukhabad,Arunachal Pradesh,India,2025-05-24,Active,6543.74
C007062,Teerth Shetty,Enterprise,Gandhidham,Haryana,India,2025-05-05,Active,4038.82
C007063,Wyatt Palla,Standard,Bikaner,Meghalaya,India,2024-10-09,Active,7976.81
C007064,Darsh Ramanathan,Standard,Saharanpur,Maharashtra,India,2024-07-26,Active,8469.32
C007065,Neel Krishnamurthy,Standard,Sirsa,Mizoram,India,2024-10-17,Active,13869.06
C007066,Nandini Sridhar,Standard,Cuttack,West Bengal,India,2025-01-14,Active,7091.28
C007067,Aachal Balakrishnan,Premium,Yamunanagar,Jharkhand,India,2025-08-23,Active,16322.86
C007068,Upkaar Dhingra,Standard,Surat,Rajasthan,India,2023-11-25,Active,7494.48
C007069,Krish Sule,Premium,Anantapuram,Punjab,India,2025-08-30,Active,6780.22
C007070,Om Rege,Enterprise,Ghaziabad,Andhra Pradesh,India,2025-08-30,Active,16498.84
C007071,Ekalinga Kunda,Standard,Ballia,Haryana,India,2026-01-22,Active,10051.19
C007072,Maya Dyal,Standard,Guna,Maharashtra,India,2025-02-17,Active,6399.68
C007073,Dalbir Baral,Standard,Buxar,Himachal Pradesh,India,2024-11-12,Inactive,10756.22
C007074,Ekanta Bera,Premium,Siwan,Uttarakhand,India,2026-05-29,Active,9912.09
C007075,Chavvi Prabhu,Standard,Nagercoil,Kerala,India,2024-10-03,Inactive,7048.83
C007076,Divya Bera,Standard,Chandrapur,Punjab,India,2025-12-23,Active,5791.51
C007077,Upadhriti Prabhu,Standard,Panihati,Andhra Pradesh,India,2025-02-04,Active,10282.27
C007078,Wishi Gole,Standard,Jalandhar,Gujarat,India,2023-11-05,Active,7169.33
C007079,Aarna Sen,Standard,Karimnagar,Manipur,India,2023-10-24,Inactive,2807.72
C007080,Krisha Sachdeva,Standard,Jaipur,Maharashtra,India,2023-11-16,Active,9631.28
C007081,Ojasvi Palan,Premium,Raiganj,Rajasthan,India,2025-01-13,Active,12886.13
C007082,Eesha Sundaram,Enterprise,Khandwa,Goa,India,2024-03-18,Active,15433.99
C007083,Joshua Gour,Standard,Parbhani,West Bengal,India,2026-05-23,Active,5670.42
C007084,Triveni Kibe,Premium,Delhi,Chhattisgarh,India,2023-07-03,Active,12144.12
C007085,Mohini Suri,Premium,Avadi,Meghalaya,India,2025-11-23,Active,12646.85
C007086,Joshua Rajagopal,Standard,Howrah,Meghalaya,India,2025-04-23,Active,12076.94
C007087,Bakhshi Bora,Standard,South Dumdum,Madhya Pradesh,India,2024-11-18,Active,12613.77
C007088,Qadim Mohan,Premium,Maheshtala,Uttarakhand,India,2023-10-06,Active,6440.75
C007089,Zansi Sood,Enterprise,Phagwara,Manipur,India,2026-02-14,Inactive,4068.61
C007090,Nicholas Dada,Standard,Karimnagar,Gujarat,India,2023-06-28,Active,5370.94
C007091,Osha Korpal,Standard,Tirupati,Chhattisgarh,India,2026-05-03,Active,21190.77
C007092,Nandini Arora,Standard,Faridabad,Arunachal Pradesh,India,2024-06-20,Active,11912.82
C007093,Nakul Varty,Standard,Sagar,Meghalaya,India,2024-11-19,Inactive,10186.83
C007094,Hitesh Sami,Premium,Gandhidham,Telangana,India,2025-02-16,Active,11992.19
C007095,Simon Kalita,Premium,Indore,Uttarakhand,India,2023-07-31,Active,17823.47
C007096,Wridesh Nagar,Premium,Ozhukarai,Bihar,India,2024-05-05,Active,21301.94
C007097,Amrita Kannan,Premium,Gorakhpur,Rajasthan,India,2024-05-11,Active,15795.99
C007098,Harita Naik,Standard,Panchkula,Uttarakhand,India,2023-10-11,Active,11965.25
C007099,Varenya Dar,Premium,Anantapuram,Telangana,India,2024-05-31,Active,10759.3
C007100,Amara More,Standard,Karaikudi,Arunachal Pradesh,India,2026-04-06,Active,16460.05
C007101,Naveen Khosla,Premium,Silchar,Haryana,India,2025-02-03,Active,12803.91
C007102,Anita Lanka,Standard,Panihati,Nagaland,India,2024-06-19,Active,6281.3
C007103,Kabir Contractor,Premium,Amroha,Andhra Pradesh,India,2023-06-29,Active,5373.76
C007104,Om Prashad,Standard,Jhansi,Nagaland,India,2026-06-15,Active,19934.7
C007105,Jagat Varkey,Standard,Haldia,Bihar,India,2025-07-23,Inactive,3031.56
C007106,Naksh Jha,Standard,Saharanpur,Karnataka,India,2024-02-07,Inactive,6873.5
C007107,Faras Mammen,Standard,Etawah,Sikkim,India,2025-01-02,Active,9202.44
C007108,Nimrat Wagle,Standard,Ghaziabad,Arunachal Pradesh,India,2025-06-20,Active,4564.68
C007109,Ekavir Chadha,Standard,Sambhal,Sikkim,India,2023-08-27,Active,2682.04
C007110,Leena Kapur,Premium,Belgaum,Rajasthan,India,2025-01-05,Active,11700.87
C007111,Chaman Rau,Enterprise,Bidar,Rajasthan,India,2025-09-04,Active,11804.81
C007112,Idika Nair,Premium,Dindigul,Punjab,India,2023-09-28,Active,5432.89
C007113,Patrick Goswami,Standard,Jehanabad,Karnataka,India,2023-12-03,Active,14704.51
C007114,Pranit Kannan,Premium,Raebareli,Himachal Pradesh,India,2024-05-16,Active,16078.76
C007115,Aarush Panchal,Standard,Bhatpara,Mizoram,India,2024-12-15,Active,6269.4
C007116,Anamika Sha,Standard,Haridwar,Kerala,India,2024-12-23,Active,15997.48
C007117,Nimrat Chander,Enterprise,Panihati,West Bengal,India,2025-02-09,Active,6849.91
C007118,Idika Natt,Standard,Coimbatore,Kerala,India,2025-08-25,Active,11313.52
C007119,Timothy Parmer,Standard,Bhagalpur,Karnataka,India,2023-09-16,Active,2231.84
C007120,Yatan Shanker,Enterprise,Pali,Telangana,India,2025-03-05,Active,10360.56
C007121,Xiti Divan,Premium,Tirupati,Chhattisgarh,India,2026-01-13,Active,12673.23
C007122,Yachana Hari,Standard,Morbi,Madhya Pradesh,India,2025-02-17,Active,19775.83
C007123,Ojas Johal,Standard,Tinsukia,Uttar Pradesh,India,2025-02-20,Active,11245.15
C007124,Vamakshi Nagy,Standard,Pimpri-Chinchwad,Assam,India,2025-10-24,Inactive,18084.87
C007125,Inaya Kata,Premium,Satna,Punjab,India,2024-06-01,Active,4518.22
C007126,Yachana Malhotra,Standard,Dehri,Maharashtra,India,2023-08-15,Active,12236.22
C007127,Chakradev Pal,Standard,Sri Ganganagar,Bihar,India,2024-03-25,Active,10917.46
C007128,Shaurya Oak,Enterprise,Rampur,Maharashtra,India,2025-07-03,Active,8211.02
C007129,Kritika Chawla,Standard,Dharmavaram,Kerala,India,2025-05-06,Active,9158.95
C007130,Samarth Chawla,Standard,Khammam,Telangana,India,2024-09-17,Active,8071.72
C007131,Raagini Datta,Standard,Amritsar,Manipur,India,2025-05-16,Active,17259.19
C007132,Waida Srinivasan,Standard,Maheshtala,Uttar Pradesh,India,2025-02-26,Inactive,8020.44
C007133,Jeet Sandal,Standard,Parbhani,Kerala,India,2024-04-15,Active,13529.69
C007134,Dalbir Kale,Premium,Sambhal,Tamil Nadu,India,2023-10-22,Active,14584.11
C007135,Samaksh Chaudry,Premium,Kurnool,Tripura,India,2023-08-21,Active,12276.69
C007136,Hemang Ram,Enterprise,Malegaon,Himachal Pradesh,India,2026-01-07,Active,13997.56
C007137,Lucky Manda,Enterprise,Guntakal,Himachal Pradesh,India,2025-09-24,Active,13405.91
C007138,Jagat Ben,Standard,Coimbatore,Assam,India,2023-09-05,Active,15973.56
C007139,Qadim Sastry,Standard,Srikakulam,Tamil Nadu,India,2025-11-12,Active,9067.92
C007140,Utkarsh Mani,Standard,Amroha,Odisha,India,2023-08-21,Active,17479.8
C007141,Libni Sundaram,Standard,Bhubaneswar,Rajasthan,India,2025-04-04,Active,6745.41
C007142,Harish Sodhi,Standard,Hyderabad,Punjab,India,2023-09-08,Active,16305.4
C007143,Chasmum Tailor,Standard,Mirzapur,Chhattisgarh,India,2025-08-03,Active,8035.74
C007144,Charvi Basu,Standard,Raiganj,Haryana,India,2025-05-02,Inactive,11506.77
C007145,Zaid Master,Standard,Pallavaram,Assam,India,2023-10-14,Active,4782.64
C007146,Jhalak Ghosh,Premium,Srinagar,Meghalaya,India,2025-11-09,Active,10527.11
C007147,Daksha Prakash,Standard,Bhavnagar,Punjab,India,2026-02-18,Active,8438.85
C007148,Chaman Pau,Standard,Machilipatnam,Tripura,India,2026-05-18,Active,15153.52
C007149,Dayamai Ramaswamy,Standard,Aurangabad,Madhya Pradesh,India,2025-09-09,Active,8092.18
C007150,Warhi Gulati,Premium,Hajipur,Meghalaya,India,2026-05-22,Active,7070.69
C007151,Tanvi Chauhan,Standard,Ambarnath,Uttarakhand,India,2024-09-21,Active,7497.06
C007152,Ekiya Iyer,Premium,Ramagundam,Uttarakhand,India,2025-06-15,Active,3783.96
C007153,Indira Issac,Standard,Berhampore,Himachal Pradesh,India,2024-06-18,Active,5074.34
C007154,Ranveer Chatterjee,Premium,Mangalore,Manipur,India,2024-10-19,Active,6406.31
C007155,Dayita Roy,Enterprise,Junagadh,Himachal Pradesh,India,2025-07-31,Active,12311.7
C007156,Watika Vig,Premium,Barasat,Himachal Pradesh,India,2023-08-30,Active,10469.28
C007157,Baljiwan Oak,Standard,Hosur,Nagaland,India,2024-05-14,Active,8785.63
C007158,Chaman Sem,Standard,Raurkela Industrial Township,Tamil Nadu,India,2025-10-18,Inactive,7703.48
C007159,Nilima Ganesh,Standard,Bahraich,Gujarat,India,2025-10-02,Active,8734.24
C007160,Chatura Nagi,Enterprise,Begusarai,Karnataka,India,2023-11-19,Inactive,11854.82
C007161,Imaran Chhabra,Premium,Ongole,Uttarakhand,India,2024-10-21,Active,4909.63
C007162,Gauri Uppal,Standard,Arrah,West Bengal,India,2024-02-09,Active,3470.63
C007163,Ikshita Amble,Enterprise,Madanapalle,Chhattisgarh,India,2025-05-18,Active,10102.04
C007164,Vamakshi Ahluwalia,Enterprise,Berhampore,Tripura,India,2023-11-17,Active,6707.0
C007165,Tarak Patil,Enterprise,Haridwar,Haryana,India,2024-10-04,Active,10219.3
C007166,Rajeshri Chand,Standard,Burhanpur,Kerala,India,2025-04-17,Inactive,4495.07
C007167,Bina Lad,Standard,Kota,Maharashtra,India,2025-09-05,Active,18467.1
C007168,Shravya Balay,Standard,North Dumdum,Madhya Pradesh,India,2026-06-11,Inactive,9891.55
C007169,Chanchal Natarajan,Standard,Dehradun,Bihar,India,2024-04-03,Active,18014.84
C007170,Amruta Jha,Premium,Rourkela,Tripura,India,2024-06-28,Active,7400.88
C007171,Ekalinga Om,Premium,Ambala,Manipur,India,2024-07-07,Active,9092.48
C007172,Dayita Rajan,Standard,Barasat,Meghalaya,India,2023-06-25,Active,20462.74
C007173,Ayushman Bhatt,Standard,Pimpri-Chinchwad,Uttar Pradesh,India,2023-08-24,Active,12001.14
C007174,Umang Rana,Premium,Dindigul,Himachal Pradesh,India,2025-01-23,Active,6922.56
C007175,Kai Pall,Premium,Madhyamgram,Nagaland,India,2025-11-04,Active,8654.07
C007176,Caleb Sahni,Standard,Imphal,Assam,India,2024-02-06,Active,7673.44
C007177,Gopal Sunder,Standard,Khora ,Uttarakhand,India,2024-12-09,Inactive,5654.48
C007178,Hritik Jha,Premium,Eluru,West Bengal,India,2026-05-17,Active,8936.92
C007179,Yochana Grover,Standard,Aligarh,Kerala,India,2026-04-16,Inactive,3984.71
C007180,Tanmayi De,Standard,Sangli-Miraj & Kupwad,Chhattisgarh,India,2024-12-25,Active,6601.27
C007181,Ekalinga Dhar,Standard,Mysore,Mizoram,India,2025-02-11,Active,24027.09
C007182,Bakhshi Gade,Standard,Hubli–Dharwad,Tripura,India,2026-01-17,Active,2583.77
C007183,Gaurangi D’Alia,Premium,Ambattur,Gujarat,India,2024-04-19,Active,4081.93
C007184,Manya Kamdar,Enterprise,Jhansi,Punjab,India,2026-01-21,Active,12479.13
C007185,Samarth Chauhan,Premium,Jodhpur,Andhra Pradesh,India,2026-04-25,Active,5750.16
C007186,Guneet Varkey,Enterprise,Bhilwara,Mizoram,India,2023-06-26,Active,9185.65
C007187,Adweta Ramanathan,Standard,Amroha,Uttar Pradesh,India,2026-05-13,Active,8609.1
C007188,Quincy Singh,Standard,Begusarai,Karnataka,India,2025-06-26,Active,4192.25
C007189,Zansi Toor,Standard,Ujjain,Mizoram,India,2023-09-18,Active,11889.45
C007190,Ishita Mand,Standard,Bhiwandi,Telangana,India,2024-01-02,Inactive,10557.22
C007191,Avni Pal,Standard,Darbhanga,Punjab,India,2024-08-06,Active,4917.08
C007192,Udyati Vyas,Standard,Baranagar,Chhattisgarh,India,2024-01-28,Active,13082.23
C007193,Qadim Ganguly,Standard,Jamnagar,Andhra Pradesh,India,2025-10-23,Active,10457.08
C007194,Upma Rajagopal,Standard,Varanasi,Arunachal Pradesh,India,2026-02-08,Inactive,8626.77
C007195,Rishi Krishnamurthy,Enterprise,Jaunpur,Goa,India,2025-01-16,Active,7212.16
C007196,Pushti Sethi,Enterprise,Nanded,Arunachal Pradesh,India,2025-02-18,Active,14374.98
C007197,Harini Shetty,Standard,Thanjavur,Jharkhand,India,2024-05-08,Active,7198.38
C007198,Jacob Jain,Standard,Ambarnath,Sikkim,India,2024-07-28,Active,10635.33
C007199,Krishna Chacko,Standard,Imphal,Kerala,India,2025-05-23,Active,8398.56
C007200,Forum Lalla,Premium,Danapur,Manipur,India,2024-01-14,Active,18663.46
C007201,Abha Bobal,Premium,Karimnagar,Kerala,India,2025-05-31,Active,4639.07
C007202,Manthan Bhalla,Premium,Phagwara,Assam,India,2025-09-16,Active,15782.19
C007203,Onkar Ahuja,Standard,Dehradun,Mizoram,India,2026-01-27,Active,3429.27
C007204,Shaurya Majumdar,Standard,Fatehpur,Assam,India,2023-11-08,Active,12391.2
C007205,Aahana Garg,Standard,Ambattur,Chhattisgarh,India,2025-01-02,Inactive,2616.08
C007206,Ucchal Goel,Standard,Thane,Nagaland,India,2024-11-05,Active,11974.4
C007207,Geetika Nagy,Standard,Kavali,Assam,India,2023-06-25,Active,16414.75
C007208,Chameli Kapadia,Standard,Gandhinagar,Punjab,India,2025-07-04,Active,12978.51
C007209,Christopher Varty,Standard,Davanagere,Sikkim,India,2025-09-02,Active,7487.54
C007210,Megha Tailor,Enterprise,Giridih,Tamil Nadu,India,2025-04-30,Active,15674.4
C007211,Diya Krishna,Premium,Jamalpur,Jharkhand,India,2025-05-09,Active,11360.86
C007212,Bimala Murthy,Standard,Sangli-Miraj & Kupwad,Himachal Pradesh,India,2023-09-09,Active,5428.19
C007213,Hemani Hayre,Standard,Miryalaguda,Telangana,India,2026-05-20,Active,19337.05
C007214,Chakradhar Chaudhari,Standard,Kurnool,Tripura,India,2026-02-27,Active,12919.84
C007215,Mugdha Balan,Enterprise,Nashik,Karnataka,India,2026-03-30,Active,14401.99
C007216,Chasmum Goel,Standard,Ahmednagar,Karnataka,India,2023-10-03,Inactive,12622.91
C007217,Ethan Pradhan,Standard,Pimpri-Chinchwad,Rajasthan,India,2025-06-25,Active,5193.9
C007218,Upadhriti Kumer,Standard,Sagar,West Bengal,India,2025-09-21,Active,5586.0
C007219,Ucchal Bera,Standard,Pallavaram,Punjab,India,2024-12-21,Active,1656.46
C007220,Siya Purohit,Standard,Panipat,Telangana,India,2023-11-30,Active,9215.57
C007221,Krishna Bose,Premium,Sonipat,Chhattisgarh,India,2024-12-03,Active,14584.29
C007222,Lekha Prakash,Standard,Sagar,Odisha,India,2024-07-14,Active,11812.11
C007223,Yashoda Jha,Premium,Aurangabad,Punjab,India,2025-11-21,Active,6311.24
C007224,Samaksh Lal,Premium,Faridabad,Nagaland,India,2024-02-17,Active,4412.31
C007225,Tanish Kumar,Standard,Katni,Uttarakhand,India,2025-01-08,Active,15960.44
C007226,Aditya Peri,Standard,Panihati,Tripura,India,2026-03-27,Active,14243.89
C007227,Vritti Chopra,Standard,Ramagundam,Tripura,India,2026-04-14,Inactive,7908.43
C007228,Robert Tak,Premium,Hindupur,Odisha,India,2024-08-13,Active,8323.82
C007229,Waida Tailor,Standard,Ghaziabad,Karnataka,India,2023-08-13,Active,10165.18
C007230,Gaurang Murty,Standard,Mehsana,Madhya Pradesh,India,2024-02-05,Active,9973.25
C007231,Tanveer Behl,Standard,Davanagere,Sikkim,India,2025-03-12,Inactive,7188.78
C007232,Ojasvi Singh,Standard,Tirupati,Goa,India,2025-12-29,Active,8609.54
C007233,Bakhshi Aurora,Standard,Hyderabad,Kerala,India,2025-06-01,Active,15687.53
C007234,Jacob Roy,Standard,Bhimavaram,Andhra Pradesh,India,2024-09-11,Active,3732.59
C007235,Netra Pant,Premium,Jamalpur,Sikkim,India,2025-01-23,Active,13064.44
C007236,Isha Rau,Enterprise,Medininagar,Manipur,India,2026-05-20,Active,10307.37
C007237,Hemal Chokshi,Standard,Davanagere,Kerala,India,2024-06-25,Active,12189.45
C007238,Dayita Dave,Standard,Vijayanagaram,Telangana,India,2025-05-02,Active,7968.89
C007239,Zinal Dewan,Standard,Guntur,Tamil Nadu,India,2023-07-17,Active,12067.58
C007240,Samuel Barad,Premium,Latur,Maharashtra,India,2025-04-26,Inactive,16249.25
C007241,Azad Wali,Premium,Kochi,Maharashtra,India,2023-11-07,Active,27967.84
C007242,Ansh Ray,Standard,Bilaspur,Andhra Pradesh,India,2024-09-09,Inactive,17135.06
C007243,Ekaja Kaur,Premium,Visakhapatnam,Kerala,India,2025-01-05,Inactive,15272.7
C007244,Baljiwan Contractor,Standard,Bongaigaon,Bihar,India,2025-04-28,Active,4632.91
C007245,Megha Sanghvi,Standard,Kharagpur,Tamil Nadu,India,2025-12-01,Active,17417.93
C007246,Januja Yogi,Standard,Morena,Sikkim,India,2024-09-20,Active,3190.22
C007247,Raagini Mishra,Standard,Tirunelveli,Manipur,India,2025-11-03,Active,11503.92
C007248,Ridhi Puri,Standard,Salem,Sikkim,India,2026-06-14,Active,9358.76
C007249,Watika Barad,Premium,Rajahmundry,Uttarakhand,India,2024-08-16,Active,12059.07
C007250,Yamini Kadakia,Standard,Nagercoil,Telangana,India,2024-06-19,Active,6372.03
C007251,Jai Sen,Standard,Orai,Rajasthan,India,2026-04-17,Active,6521.47
C007252,Harsh Nadkarni,Premium,Jodhpur,Madhya Pradesh,India,2025-06-11,Inactive,9986.74
C007253,Wakeeta Solanki,Standard,Ludhiana,Manipur,India,2024-09-30,Active,15539.82
C007254,Advika Rattan,Enterprise,Naihati,Rajasthan,India,2025-12-02,Active,6708.54
C007255,Michael Malhotra,Enterprise,Mango,Jharkhand,India,2025-08-25,Active,16290.1
C007256,Vrishti Bumb,Enterprise,South Dumdum,Nagaland,India,2024-09-02,Active,10343.98
C007257,Pushti Dani,Premium,Darbhanga,Bihar,India,2024-10-22,Active,14690.19
C007258,Ayaan Chada,Standard,Aizawl,Rajasthan,India,2026-02-07,Inactive,6560.15
C007259,Nachiket Bhattacharyya,Enterprise,Kamarhati,Andhra Pradesh,India,2025-08-26,Active,16124.96
C007260,Arunima Kala,Premium,Karaikudi,Rajasthan,India,2024-06-09,Active,19089.55
C007261,Chatresh De,Standard,Ahmednagar,Punjab,India,2024-04-20,Inactive,14910.63
C007262,Urvashi Balay,Enterprise,Guntur,West Bengal,India,2023-11-19,Active,13081.53
C007263,Upma Basak,Premium,Guntakal,Chhattisgarh,India,2023-06-26,Active,8709.78
C007264,Vihaan Doctor,Premium,Ambala,Karnataka,India,2025-08-20,Inactive,9725.19
C007265,Aarini Malhotra,Standard,Mathura,Arunachal Pradesh,India,2025-10-20,Active,8395.65
C007266,Vedant Hans,Standard,Hajipur,Assam,India,2024-05-30,Active,9436.98
C007267,Aarav Bali,Premium,Nagpur,Nagaland,India,2025-04-18,Active,15069.5
C007268,Ria Kanda,Standard,Latur,Haryana,India,2025-07-04,Active,22920.08
C007269,Turvi Mistry,Standard,Kota,West Bengal,India,2023-10-11,Active,8708.49
C007270,Yuvraj Patil,Standard,Amravati,Kerala,India,2025-12-26,Active,7534.33
C007271,Advay Prabhu,Standard,Sultan Pur Majra,Odisha,India,2023-07-08,Active,3707.98
C007272,Jonathan Sachar,Standard,Giridih,Sikkim,India,2026-05-26,Active,8887.73
C007273,Ekani Raghavan,Standard,Jaipur,Kerala,India,2023-08-24,Active,7898.48
C007274,Ekalinga Zacharia,Standard,Korba,Madhya Pradesh,India,2025-08-09,Active,16153.17
C007275,Kiaan Borah,Standard,Raebareli,Rajasthan,India,2025-10-06,Active,11116.61
C007276,Indira Gill,Standard,Maheshtala,West Bengal,India,2026-03-11,Active,4240.12
C007277,Wazir Bir,Enterprise,Hindupur,Karnataka,India,2025-05-11,Active,14534.29
C007278,Samesh Agate,Standard,Noida,Chhattisgarh,India,2026-01-20,Active,9583.6
C007279,Timothy Ramesh,Premium,Mysore,Gujarat,India,2026-05-10,Active,4106.75
C007280,Parth Choudhary,Premium,Nagaon,Meghalaya,India,2026-03-03,Active,3187.65
C007281,Sarthak Sankaran,Standard,Guna,Karnataka,India,2023-09-30,Active,5659.96
C007282,Janya Buch,Enterprise,Coimbatore,Nagaland,India,2024-01-17,Active,5753.21
C007283,Patrick Saxena,Standard,Malda,Nagaland,India,2025-10-23,Inactive,11357.69
C007284,Dakshesh Thakkar,Standard,Davanagere,Manipur,India,2024-08-21,Active,7479.48
C007285,Maanas Modi,Standard,Bhimavaram,Tripura,India,2024-07-21,Active,8569.75
C007286,Omaja Nath,Standard,Ranchi,Arunachal Pradesh,India,2023-07-17,Active,11697.58
C007287,Darika Das,Premium,Kurnool,Mizoram,India,2026-03-21,Active,5145.79
C007288,Zayyan Chawla,Premium,Muzaffarpur,West Bengal,India,2025-11-14,Active,5802.52
C007289,Vritti Lad,Premium,Bathinda,Chhattisgarh,India,2025-10-11,Active,20642.15
C007290,Vedika Jayaraman,Standard,Phusro,Mizoram,India,2025-10-13,Active,11184.86
C007291,Manan Hora,Standard,Karaikudi,Rajasthan,India,2024-05-09,Active,5624.91
C007292,Kritika Maharaj,Standard,Durg,Meghalaya,India,2024-04-04,Active,7418.03
C007293,Zayyan Basak,Standard,Ujjain,Arunachal Pradesh,India,2024-03-24,Active,8037.54
C007294,Yamini Oommen,Standard,Pallavaram,Andhra Pradesh,India,2025-07-06,Inactive,14215.19
C007295,Qabil Nair,Enterprise,Guntakal,Bihar,India,2026-02-26,Active,7098.49
C007296,Pallavi Nagy,Premium,Phagwara,Madhya Pradesh,India,2025-08-21,Active,15041.87
C007297,Hemangini Tripathi,Standard,Anand,Andhra Pradesh,India,2023-10-05,Active,14032.12
C007298,Gagan Borah,Standard,Bijapur,Sikkim,India,2025-04-30,Active,3560.88
C007299,Hema Savant,Enterprise,Bulandshahr,Jharkhand,India,2025-06-10,Active,4767.82
C007300,Tamanna Prabhakar,Standard,Bathinda,Tamil Nadu,India,2026-03-05,Active,6488.26
C007301,Timothy Patla,Standard,Madanapalle,Jharkhand,India,2025-05-25,Active,2853.4
C007302,Tejas Narain,Standard,Khora ,Jharkhand,India,2024-05-19,Active,16990.52
C007303,Anjali Bir,Premium,Ratlam,West Bengal,India,2024-04-26,Active,13240.59
C007304,Samaksh Chauhan,Standard,Shahjahanpur,Uttarakhand,India,2024-09-05,Active,10382.13
C007305,Yutika Mander,Premium,Muzaffarpur,Maharashtra,India,2023-11-23,Active,15539.99
C007306,Kalpit Sibal,Standard,Ujjain,Tamil Nadu,India,2025-08-18,Active,4628.45
C007307,Zarna Parsa,Standard,Kavali,Haryana,India,2024-09-30,Active,9887.85
C007308,Dominic Mutti,Enterprise,Durgapur,Gujarat,India,2026-01-12,Active,10385.08
C007309,Nathaniel Bora,Standard,Patiala,Rajasthan,India,2026-03-15,Active,6928.43
C007310,Sneha Kumer,Standard,Mysore,Nagaland,India,2024-07-01,Active,9764.61
C007311,Aadi Buch,Standard,Kanpur,Telangana,India,2023-08-21,Active,9429.09
C007312,Chanchal Chawla,Standard,Malegaon,Gujarat,India,2025-01-18,Active,5684.98
C007313,Kashish Aggarwal,Standard,Visakhapatnam,Assam,India,2023-11-05,Active,13257.93
C007314,Dayamai Bora,Standard,Madurai,Maharashtra,India,2025-10-11,Inactive,7685.34
C007315,Fiyaz Bhakta,Enterprise,Ranchi,Kerala,India,2024-05-21,Active,6837.28
C007316,Akshay Hora,Premium,Raichur,Manipur,India,2025-04-22,Active,12793.81
C007317,Faqid Naidu,Standard,Erode,Assam,India,2024-07-11,Active,5147.85
C007318,Advik Edwin,Standard,Panipat,Kerala,India,2024-09-25,Inactive,9228.77
C007319,Aarnav Chakraborty,Enterprise,Maheshtala,Chhattisgarh,India,2023-10-13,Active,9465.62
C007320,Aarush Magar,Standard,Lucknow,Goa,India,2023-08-21,Inactive,14532.38
C007321,Jalsa Deshmukh,Premium,Bhiwani,Odisha,India,2024-10-25,Active,12467.06
C007322,Caleb Kalita,Standard,Gurgaon,Tripura,India,2025-06-06,Active,9152.4
C007323,Wishi Krish,Standard,Panchkula,Punjab,India,2024-03-17,Active,12416.79
C007324,Balvan Naik,Enterprise,Jehanabad,Uttarakhand,India,2024-04-08,Active,7106.76
C007325,Aarna Madan,Standard,Kottayam,Assam,India,2024-04-26,Active,12371.53
C007326,Rudra Mahal,Standard,Raiganj,Assam,India,2024-06-06,Active,15240.52
C007327,Vanya Das,Premium,Sangli-Miraj & Kupwad,Arunachal Pradesh,India,2024-07-16,Active,9516.99
C007328,Urvashi Garde,Enterprise,Tenali,Jharkhand,India,2026-04-18,Active,9044.3
C007329,Riya Sekhon,Premium,Bokaro,Bihar,India,2025-05-16,Active,4309.1
C007330,Qabil Chawla,Premium,Guntakal,Madhya Pradesh,India,2024-07-23,Active,1776.47
C007331,Parth Bhatt,Standard,Mysore,Karnataka,India,2025-03-28,Active,6903.16
C007332,Bishakha Rajagopalan,Standard,Gulbarga,Kerala,India,2024-01-11,Active,14800.5
C007333,Anthony Shankar,Premium,Alwar,Uttarakhand,India,2026-03-20,Active,9160.41
C007334,Wazir Mani,Standard,Tirupati,Maharashtra,India,2025-05-29,Active,12384.06
C007335,Chaaya Sarma,Standard,Aurangabad,Punjab,India,2023-12-25,Active,7745.21
C007336,Varenya Borra,Premium,Mirzapur,Uttarakhand,India,2023-11-05,Active,9425.24
C007337,Faris Magar,Standard,Anand,Odisha,India,2024-08-01,Inactive,14378.9
C007338,Nathan Saha,Standard,Haldia,Jharkhand,India,2025-03-01,Active,19510.04
C007339,Anvi Yohannan,Standard,Vasai-Virar,Jharkhand,India,2025-08-16,Active,14548.16
C007340,Dev Dayal,Standard,Khandwa,Andhra Pradesh,India,2026-01-21,Active,11849.5
C007341,Ria Choudhry,Enterprise,Morena,Manipur,India,2024-09-08,Active,8851.65
C007342,Patrick Shanker,Standard,Ghaziabad,Punjab,India,2026-05-30,Active,9818.31
C007343,Samar Luthra,Premium,Jodhpur,Arunachal Pradesh,India,2025-10-13,Active,7314.04
C007344,Tamanna Solanki,Standard,Bhalswa Jahangir Pur,Tamil Nadu,India,2023-11-20,Active,9212.35
C007345,Bimala Kalita,Standard,Kanpur,Telangana,India,2024-10-03,Active,7211.94
C007346,Kai Vasa,Standard,Berhampur,Madhya Pradesh,India,2024-04-07,Active,8538.82
C007347,Wahab Krishnan,Enterprise,Sagar,Uttar Pradesh,India,2024-11-26,Active,16628.58
C007348,Tripti Narang,Standard,Hyderabad,Bihar,India,2025-03-04,Active,26504.58
C007349,Unni Khanna,Standard,Ramgarh,Goa,India,2023-06-29,Active,26197.37
C007350,Oeshi Sangha,Standard,Buxar,Chhattisgarh,India,2025-03-23,Active,4901.17
C007351,Farhan Seshadri,Standard,Bettiah,Himachal Pradesh,India,2025-07-19,Active,10115.66
C007352,Jeet Vasa,Premium,Singrauli,Andhra Pradesh,India,2025-07-18,Active,14434.07
C007353,Logan Mishra,Premium,Amroha,Tamil Nadu,India,2026-05-04,Inactive,17757.76
C007354,Radha Shukla,Standard,Khandwa,Madhya Pradesh,India,2024-08-29,Active,10697.1
C007355,Jacob Kulkarni,Standard,Bhagalpur,West Bengal,India,2024-10-29,Inactive,13600.68
C007356,Amol Dhingra,Enterprise,Kurnool,Mizoram,India,2024-11-14,Active,2386.21
C007357,Pushti Chhabra,Enterprise,Khammam,Mizoram,India,2025-04-01,Active,10517.31
C007358,Harshil Aggarwal,Standard,Gopalpur,Madhya Pradesh,India,2023-10-08,Active,6161.65
C007359,Aahana Tak,Standard,Raebareli,Tamil Nadu,India,2025-04-21,Active,13295.35
C007360,Anita Jayaraman,Standard,Khora ,Kerala,India,2024-05-13,Active,4395.11
C007361,Gagan Suresh,Enterprise,Ambala,Odisha,India,2023-12-26,Active,8914.05
C007362,Inaya Dhaliwal,Standard,Hapur,Meghalaya,India,2025-08-23,Active,11369.0
C007363,Rohan Nagarajan,Standard,Anantapur,Mizoram,India,2025-04-15,Active,17319.53
C007364,Liam Mall,Premium,Parbhani,Arunachal Pradesh,India,2025-11-25,Active,7443.17
C007365,Arunima Kaur,Standard,Hazaribagh,Karnataka,India,2026-04-10,Active,10550.67
C007366,Max Ravel,Enterprise,Haridwar,Chhattisgarh,India,2025-09-26,Active,11405.05
C007367,Pooja Kanda,Premium,Ujjain,Arunachal Pradesh,India,2025-04-19,Active,20462.93
C007368,Azaan Lanka,Premium,Aligarh,Tripura,India,2024-01-17,Active,11647.95
C007369,Deepa Nagi,Enterprise,Cuttack,Andhra Pradesh,India,2024-10-18,Active,3744.94
C007370,Suhani Walla,Standard,Naihati,Bihar,India,2024-09-05,Active,3942.23
C007371,Theodore Borde,Premium,Rajpur Sonarpur,Sikkim,India,2026-02-01,Active,3847.64
C007372,Ranbir Kala,Standard,Phagwara,Sikkim,India,2024-03-08,Active,8498.43
C007373,Baghyawati Chand,Standard,Bhusawal,Arunachal Pradesh,India,2024-09-22,Active,8198.57
C007374,Kamya Kunda,Standard,Hosur,Meghalaya,India,2023-11-16,Active,12931.28
C007375,Sanaya Venkataraman,Premium,Malda,Maharashtra,India,2025-01-20,Active,7573.79
C007376,Shaurya Mall,Premium,Navi Mumbai,Manipur,India,2026-05-30,Active,10711.12
C007377,Arunima Ganguly,Standard,Hazaribagh,Goa,India,2026-01-25,Active,20036.51
C007378,Nisha Pillay,Standard,Anantapuram,Odisha,India,2025-04-02,Active,6336.27
C007379,Gautami Bassi,Standard,Lucknow,Himachal Pradesh,India,2024-02-19,Active,5886.11
C007380,Tripti Mannan,Premium,Noida,Assam,India,2024-11-01,Active,23135.94
C007381,Ishani Peri,Premium,Siwan,Tamil Nadu,India,2025-01-09,Active,11923.15
C007382,Shaurya Prabhakar,Standard,Ghaziabad,Arunachal Pradesh,India,2023-09-18,Active,6562.2
C007383,Hamsini Ghose,Standard,Ulhasnagar,Bihar,India,2026-02-01,Inactive,7253.71
C007384,Raagini Pai,Enterprise,Ratlam,Madhya Pradesh,India,2023-07-20,Active,9154.58
C007385,Abdul Kala,Premium,Raebareli,Uttar Pradesh,India,2023-12-18,Active,6569.0
C007386,Gabriel Iyengar,Standard,Bhusawal,Assam,India,2026-02-17,Active,6081.58
C007387,Arin Dora,Premium,Sirsa,Chhattisgarh,India,2026-05-15,Active,11424.58
C007388,Frado Sen,Standard,Raipur,Punjab,India,2024-08-31,Active,7421.14
C007389,Yashawini Vig,Premium,Mysore,West Bengal,India,2023-12-14,Active,13404.93
C007390,Oliver Pandit,Standard,Kulti,Gujarat,India,2024-03-11,Active,7657.43
C007391,Xavier Parmar,Premium,Amravati,Jharkhand,India,2025-02-27,Active,10692.74
C007392,Rushil Chawla,Standard,Visakhapatnam,Mizoram,India,2026-04-18,Active,9229.06
C007393,Nandini Desai,Standard,Motihari,Himachal Pradesh,India,2026-01-03,Active,6341.23
C007394,Tanveer Dutt,Standard,Sagar,Sikkim,India,2023-08-24,Active,3949.66
C007395,Gaurika Rai,Standard,Mangalore,Mizoram,India,2024-01-09,Active,11220.61
C007396,Zilmil Sodhi,Enterprise,Bathinda,Arunachal Pradesh,India,2023-09-16,Active,6572.2
C007397,Oni Mall,Enterprise,Thrissur,Meghalaya,India,2023-11-08,Active,21047.53
C007398,Hema Contractor,Enterprise,Amroha,Manipur,India,2025-12-28,Active,20682.1
C007399,Jagrati Maharaj,Enterprise,Kadapa,Bihar,India,2026-01-23,Active,10200.05
C007400,Manya Kibe,Premium,Rajpur Sonarpur,Meghalaya,India,2023-11-06,Active,7735.74
C007401,Indira Wable,Premium,Bhopal,Goa,India,2025-05-25,Active,4972.33
C007402,Urmi Borah,Enterprise,Hyderabad,Odisha,India,2026-06-02,Active,8071.11
C007403,Yatin Karnik,Standard,Dhanbad,Uttar Pradesh,India,2025-04-19,Active,6055.53
C007404,Nirja Chaudhari,Enterprise,Shimoga,Telangana,India,2025-10-29,Active,19298.36
C007405,Zansi Issac,Standard,Junagadh,Karnataka,India,2025-11-03,Active,6234.48
C007406,Kabir Tara,Premium,Srinagar,Himachal Pradesh,India,2024-09-15,Active,11632.03
C007407,Jason Chand,Standard,Gandhidham,Assam,India,2023-08-23,Active,4758.14
C007408,Karan Divan,Standard,Khammam,Uttar Pradesh,India,2023-08-04,Active,11496.34
C007409,Maanav Yadav,Standard,Kozhikode,Nagaland,India,2024-06-12,Active,5493.57
C007410,Qushi Mitra,Premium,Naihati,Bihar,India,2025-08-06,Active,14648.55
C007411,Sachi Dhillon,Standard,Imphal,Telangana,India,2026-05-21,Active,10505.21
C007412,Samaksh Karpe,Premium,Hapur,Rajasthan,India,2026-02-17,Active,20682.53
C007413,Ekantika Deep,Enterprise,Secunderabad,Kerala,India,2024-04-23,Active,1209.22
C007414,Anjali Patla,Standard,Bareilly,Goa,India,2023-11-06,Active,6591.82
C007415,Udant Ahuja,Standard,Muzaffarnagar,Maharashtra,India,2025-02-05,Active,13299.56
C007416,Onkar Yogi,Standard,Tirunelveli,West Bengal,India,2026-02-05,Active,3043.93
C007417,Advik Madan,Standard,Ujjain,Telangana,India,2023-09-05,Active,10766.52
C007418,Bishakha Raj,Premium,Nellore,Andhra Pradesh,India,2025-06-10,Active,9577.75
C007419,Kamala Sinha,Standard,Kolkata,Uttar Pradesh,India,2025-05-24,Active,9198.05
C007420,Atharv Parekh,Standard,Vijayanagaram,Bihar,India,2024-04-12,Active,18655.85
C007421,Siddharth Tara,Premium,Nanded,Rajasthan,India,2024-08-20,Active,16937.67
C007422,Ucchal Pall,Standard,Yamunanagar,Arunachal Pradesh,India,2024-03-26,Active,16737.29
C007423,Zashil Dhawan,Standard,Bhavnagar,Chhattisgarh,India,2025-10-24,Active,19423.74
C007424,Janani Comar,Premium,Kochi,Uttar Pradesh,India,2025-12-20,Active,5097.52
C007425,Sarthak Rajan,Standard,Motihari,Bihar,India,2025-06-22,Active,10296.93
C007426,Amaira Bandi,Enterprise,Katni,Sikkim,India,2023-07-22,Active,6620.76
C007427,Devika Dugal,Enterprise,Udupi,West Bengal,India,2025-01-09,Active,13380.02
C007428,Yug Deshpande,Enterprise,Udaipur,Gujarat,India,2026-01-18,Active,8429.94
C007429,Ekbal Goyal,Standard,Imphal,Uttarakhand,India,2025-08-15,Active,10878.57
C007430,Aadi Prakash,Standard,Saharanpur,Punjab,India,2026-05-11,Active,3032.03
C007431,Ishwar Patla,Standard,Kolkata,Rajasthan,India,2025-08-10,Active,6846.65
C007432,Radha Chadha,Enterprise,Karawal Nagar,Maharashtra,India,2024-08-05,Active,14476.51
C007433,Nathaniel Dara,Standard,Patiala,Odisha,India,2024-05-17,Active,9290.51
C007434,Hema Loke,Enterprise,Mumbai,Haryana,India,2023-10-27,Active,7091.74
C007435,Kavya Dasgupta,Premium,Gangtok,Punjab,India,2023-09-01,Active,7622.83
C007436,Rudra Sanghvi,Standard,Surendranagar Dudhrej,Rajasthan,India,2024-12-18,Active,9679.16
C007437,Patrick Kant,Premium,Hapur,Punjab,India,2026-05-31,Active,12944.56
C007438,Matthew Andra,Standard,Ambarnath,Mizoram,India,2025-10-05,Active,12963.4
C007439,Aarush Dewan,Premium,Tiruchirappalli,Karnataka,India,2023-10-26,Inactive,9721.32
C007440,Isaiah Sengupta,Standard,Vijayanagaram,Goa,India,2024-12-17,Active,7370.98
C007441,Sanaya Chawla,Premium,Singrauli,Telangana,India,2024-07-15,Active,8774.02
C007442,Dipta Guha,Premium,Pune,Manipur,India,2023-07-15,Inactive,8613.46
C007443,Sai Varghese,Standard,Hajipur,Tripura,India,2026-05-16,Active,6812.41
C007444,Aradhana Kapoor,Standard,Khammam,Manipur,India,2024-09-27,Inactive,6584.88
C007445,Daksh Bath,Standard,Bihar Sharif,Arunachal Pradesh,India,2025-01-30,Active,10664.76
C007446,Mugdha Khanna,Enterprise,Giridih,Mizoram,India,2023-07-05,Active,17655.15
C007447,Anita Sant,Enterprise,Alwar,Rajasthan,India,2024-11-18,Active,12867.15
C007448,Qadim Srinivasan,Standard,Jalna,Arunachal Pradesh,India,2024-04-28,Active,2681.71
C007449,Devika Sankar,Standard,Munger,Tamil Nadu,India,2025-03-22,Active,14121.07
C007450,Charita D’Alia,Standard,Serampore,Tamil Nadu,India,2024-05-30,Active,6711.5
C007451,Parth Manne,Enterprise,Hubli–Dharwad,Tamil Nadu,India,2025-01-08,Active,2821.29
C007452,Ekapad Chandra,Enterprise,Tiruppur,Tripura,India,2024-10-11,Active,8166.17
C007453,Madhavi Nayar,Standard,Nanded,West Bengal,India,2025-04-23,Active,19332.97
C007454,Kalpit Venkatesh,Enterprise,Amravati,Rajasthan,India,2025-01-12,Active,9718.28
C007455,Vivaan Sahni,Premium,Tumkur,Kerala,India,2024-06-20,Active,5389.32
C007456,Yutika Maharaj,Standard,Ahmedabad,Uttar Pradesh,India,2025-07-21,Active,6126.07
C007457,Wazir Kaul,Standard,Ghaziabad,Gujarat,India,2025-01-26,Active,17708.73
C007458,Diya Magar,Enterprise,Bahraich,Madhya Pradesh,India,2025-02-25,Active,2032.62
C007459,Hema Lanka,Standard,Ahmedabad,Chhattisgarh,India,2024-05-17,Active,10843.48
C007460,Siya Som,Standard,Siliguri,Tripura,India,2025-11-18,Active,11653.92
C007461,Tripti Srinivasan,Premium,Mirzapur,Chhattisgarh,India,2024-12-17,Active,12452.57
C007462,Om Sankaran,Premium,Motihari,Sikkim,India,2024-01-05,Active,8165.5
C007463,Neel Nadig,Standard,Kharagpur,Mizoram,India,2023-12-10,Inactive,13631.87
C007464,Lipika Goyal,Premium,Fatehpur,Uttarakhand,India,2023-09-22,Active,9820.64
C007465,Ekiya Nair,Standard,Ongole,Sikkim,India,2026-05-29,Active,6910.17
C007466,Manbir Jayaraman,Enterprise,Lucknow,Goa,India,2025-02-16,Active,7677.83
C007467,Zashil Sridhar,Standard,Tiruchirappalli,West Bengal,India,2024-11-07,Active,6396.51
C007468,Xalak Rattan,Premium,Jaipur,Chhattisgarh,India,2023-09-21,Active,11332.25
C007469,Vivaan Kibe,Standard,Raurkela Industrial Township,Odisha,India,2025-10-03,Active,8805.14
C007470,Ucchal Cherian,Standard,Narasaraopet,Tripura,India,2024-03-19,Active,5156.72
C007471,Fiyaz Majumdar,Standard,Hospet,Meghalaya,India,2025-05-19,Active,7797.73
C007472,Anthony Chadha,Enterprise,Dehradun,Nagaland,India,2025-05-07,Active,11851.92
C007473,Frederick Ray,Standard,Kumbakonam,Telangana,India,2025-07-15,Active,10489.56
C007474,Libni Tiwari,Standard,Guna,Assam,India,2024-04-11,Active,3951.2
C007475,Girindra Devi,Standard,Raichur,Gujarat,India,2025-08-14,Active,7736.88
C007476,Gayathri Basu,Premium,Hospet,Maharashtra,India,2024-11-03,Active,5205.6
C007477,Charvi Pandit,Standard,Ramgarh,Goa,India,2026-03-08,Active,11764.8
C007478,Varsha Bhagat,Standard,Bihar Sharif,Bihar,India,2026-03-28,Active,7542.35
C007479,Guneet Dayal,Enterprise,Bangalore,Uttarakhand,India,2024-07-13,Active,6952.84
C007480,Devansh Kade,Standard,Bhiwani,Uttarakhand,India,2026-03-27,Active,9731.57
C007481,Yashoda Gokhale,Enterprise,Karimnagar,Assam,India,2024-06-07,Active,6029.87
C007482,Frado Yogi,Standard,Shimla,Uttar Pradesh,India,2026-03-26,Active,18237.44
C007483,Harini Nazareth,Standard,Asansol,Karnataka,India,2025-02-07,Active,12588.86
C007484,Parth Chaudhari,Enterprise,Jodhpur,Tripura,India,2024-11-03,Active,11806.84
C007485,Chandresh Khare,Premium,Thanjavur,Mizoram,India,2025-09-09,Active,24209.73
C007486,Xalak Sachdev,Standard,Raichur,Punjab,India,2023-07-02,Active,6802.6
C007487,Vedhika Nath,Premium,Gangtok,Meghalaya,India,2024-08-23,Active,9311.23
C007488,Chandresh Kashyap,Standard,Mysore,Tripura,India,2025-05-26,Active,9900.83
C007489,Zilmil Kamdar,Premium,Kakinada,Goa,India,2025-09-13,Active,6997.54
C007490,Eiravati Desai,Premium,Allahabad,Maharashtra,India,2025-09-13,Active,2389.08
C007491,Kalpit Goda,Premium,Satara,Assam,India,2023-12-03,Active,6699.75
C007492,Damyanti Ben,Standard,Nagpur,Sikkim,India,2024-03-07,Active,7953.75
C007493,Dipta Thakur,Premium,Nangloi Jat,Goa,India,2025-03-27,Active,8294.0
C007494,Maanav Sanghvi,Premium,Bhubaneswar,Goa,India,2025-11-02,Active,7356.21
C007495,Vrishti Zachariah,Premium,Madhyamgram,Himachal Pradesh,India,2024-07-08,Inactive,8066.72
C007496,Nitara Chand,Standard,Karimnagar,Madhya Pradesh,India,2025-03-30,Active,14537.85
C007497,Zansi Bains,Premium,Mirzapur,Arunachal Pradesh,India,2025-01-09,Inactive,5677.87
C007498,Harsh Basu,Premium,Davanagere,Chhattisgarh,India,2025-10-28,Active,12417.16
C007499,Neelima Dhillon,Enterprise,Bhubaneswar,Karnataka,India,2024-04-10,Active,5351.11
C007500,Janaki Lall,Standard,Hospet,Odisha,India,2023-08-18,Active,24084.59
C007501,Nidhi Setty,Standard,Kamarhati,Jharkhand,India,2023-11-19,Active,10172.07
C007502,Andrew Krishna,Enterprise,Mahbubnagar,Nagaland,India,2025-11-02,Active,13791.25
C007503,Chanakya Dugar,Standard,Rajpur Sonarpur,Mizoram,India,2025-08-30,Active,5848.12
C007504,Faris Nayak,Premium,Saharsa,Punjab,India,2026-01-25,Active,4731.81
C007505,Mason Patel,Standard,Jalna,Telangana,India,2023-06-25,Active,18921.5
C007506,Tejas Suri,Standard,Gorakhpur,Goa,India,2024-09-10,Active,5032.09
C007507,Forum Kunda,Standard,Nanded,Goa,India,2023-09-18,Active,11487.64
C007508,Nathaniel Subramanian,Standard,Medininagar,Maharashtra,India,2025-07-20,Active,6027.05
C007509,Irya Sangha,Standard,Kolhapur,Gujarat,India,2024-05-25,Active,8010.62
C007510,Mitesh Gopal,Standard,Noida,Punjab,India,2025-01-26,Active,14225.19
C007511,Nirja Bhalla,Standard,Orai,Himachal Pradesh,India,2026-02-13,Active,6606.26
C007512,Oliver Dua,Premium,Gorakhpur,Punjab,India,2025-07-17,Active,8393.31
C007513,Aashi Patla,Premium,Varanasi,Chhattisgarh,India,2025-06-05,Active,10374.41
C007514,Warhi Edwin,Standard,Bharatpur,Chhattisgarh,India,2026-06-23,Active,14363.59
C007515,Irya Kalita,Standard,Kadapa,Karnataka,India,2025-01-27,Inactive,10157.99
C007516,Advika Soman,Standard,Pallavaram,West Bengal,India,2025-02-20,Active,9439.79
C007517,Abhimanyu Deo,Premium,Saharsa,Sikkim,India,2024-07-16,Active,27012.18
C007518,Quincy Chahal,Standard,Farrukhabad,Bihar,India,2024-02-08,Active,6457.34
C007519,Mahika Sundaram,Premium,Salem,Gujarat,India,2025-07-31,Active,10499.04
C007520,Gayathri Rout,Standard,Bhilwara,Uttar Pradesh,India,2024-12-27,Active,7699.01
C007521,Yatan Garg,Enterprise,Davanagere,Uttarakhand,India,2024-04-06,Active,23315.8
C007522,Siddharth Murty,Enterprise,Phusro,Nagaland,India,2025-12-20,Active,6253.22
C007523,David Sampath,Standard,Katihar,Nagaland,India,2026-01-10,Active,4994.93
C007524,Kala Rama,Premium,Tenali,Tamil Nadu,India,2025-01-08,Active,6428.63
C007525,Dayamai Master,Standard,Alwar,Goa,India,2025-01-26,Active,11360.61
C007526,Owen Nayak,Premium,Lucknow,Chhattisgarh,India,2025-04-28,Active,7757.97
C007527,Charan Kar,Standard,Gandhinagar,Rajasthan,India,2024-01-21,Active,7692.69
C007528,Praneel Desai,Standard,Shivpuri,Gujarat,India,2025-10-01,Active,12481.15
C007529,Viraj Karnik,Standard,Mango,Meghalaya,India,2024-11-06,Active,22530.68
C007530,Aditya Mahajan,Enterprise,Bellary,Meghalaya,India,2026-05-14,Active,10162.12
C007531,Ethan Das,Standard,Bilaspur,Tripura,India,2025-09-18,Active,9107.28
C007532,Dhruv Johal,Premium,Bilaspur,Nagaland,India,2026-03-05,Active,2936.59
C007533,Jacob Zacharia,Premium,Malegaon,Andhra Pradesh,India,2024-07-07,Active,23189.35
C007534,Reyansh Bath,Enterprise,Bokaro,Odisha,India,2026-03-10,Active,12803.68
C007535,Daksha Krish,Enterprise,Sambalpur,Meghalaya,India,2024-11-30,Active,20555.0
C007536,Dhriti Suri,Standard,Ambala,Sikkim,India,2023-10-25,Active,8524.03
C007537,Chasmum Pant,Standard,Uluberia,Mizoram,India,2024-02-27,Active,4863.62
C007538,Laksh Seshadri,Enterprise,Khammam,Bihar,India,2024-05-20,Active,17395.3
C007539,Henry Kant,Premium,Bongaigaon,Uttarakhand,India,2026-04-03,Active,3736.33
C007540,Siddharth Ganesh,Enterprise,Munger,Uttarakhand,India,2025-06-16,Active,13976.01
C007541,Bhavini Lad,Enterprise,Etawah,Mizoram,India,2024-10-16,Active,9638.58
C007542,Nathan Sarma,Standard,Bilaspur,Maharashtra,India,2023-09-13,Active,10408.33
C007543,Dhriti Venkataraman,Standard,Sambhal,Haryana,India,2023-06-28,Active,11541.7
C007544,Vrinda Bhatti,Premium,Barasat,Punjab,India,2024-05-10,Active,5777.54
C007545,Dalaja Mangal,Standard,Chandigarh,Karnataka,India,2024-12-17,Active,16013.07
C007546,Qadim Kari,Premium,Ichalkaranji,Maharashtra,India,2025-08-07,Active,6360.75
C007547,Lucky Nigam,Enterprise,Bidhannagar,Andhra Pradesh,India,2025-03-31,Inactive,11513.97
C007548,Widisha Wadhwa,Premium,Udupi,Arunachal Pradesh,India,2026-02-26,Active,6005.36
C007549,Anamika Patil,Standard,Rourkela,Kerala,India,2025-04-02,Active,5942.95
C007550,Michael Gopal,Standard,Sagar,Madhya Pradesh,India,2024-02-21,Active,8315.62
C007551,Om Bhargava,Standard,Sasaram,Arunachal Pradesh,India,2025-11-05,Active,11045.93
C007552,Siya Mandal,Standard,Guntur,Gujarat,India,2024-04-29,Active,7279.3
C007553,Manthan Srinivasan,Standard,Firozabad,Uttar Pradesh,India,2025-12-12,Inactive,21530.92
C007554,Charles Lanka,Enterprise,North Dumdum,Sikkim,India,2024-02-11,Active,7070.01
C007555,Nandini Halder,Standard,Satna,Odisha,India,2025-08-27,Active,21705.82
C007556,Pushti Pau,Standard,Pallavaram,Rajasthan,India,2024-05-30,Active,19892.17
C007557,Aadi Parmar,Premium,Udupi,Jharkhand,India,2024-06-14,Active,8490.69
C007558,Upadhriti Khanna,Standard,Katni,Meghalaya,India,2024-05-27,Active,17990.1
C007559,Azad Kadakia,Standard,Nagpur,Madhya Pradesh,India,2024-08-11,Active,10751.48
C007560,Sara Mallick,Enterprise,Bhilwara,Telangana,India,2023-08-31,Active,17403.75
C007561,Lajita Sinha,Standard,Gangtok,Tripura,India,2025-05-11,Active,11031.84
C007562,Chameli Rout,Standard,Akola,Gujarat,India,2024-04-17,Inactive,14195.06
C007563,Aarini Shukla,Standard,Mangalore,Odisha,India,2024-04-26,Active,10838.33
C007564,Ryan Pradhan,Standard,Rajkot,Manipur,India,2026-06-16,Active,4826.72
C007565,Harini Radhakrishnan,Standard,Rewa,Assam,India,2025-06-27,Active,11264.66
C007566,Avi Kota,Enterprise,Aurangabad,Mizoram,India,2025-08-12,Active,15813.05
C007567,Arin D’Alia,Premium,Rajkot,Nagaland,India,2025-07-24,Active,7607.33
C007568,Madhavi Pingle,Standard,Pondicherry,Uttarakhand,India,2024-08-07,Active,16072.5
C007569,Zansi Hora,Standard,Moradabad,Madhya Pradesh,India,2024-08-30,Active,12392.14
C007570,Oliver Munshi,Standard,Ahmednagar,Jharkhand,India,2024-05-13,Active,8504.12
C007571,Kamya Purohit,Standard,Mathura,Uttarakhand,India,2025-02-26,Active,5362.7
C007572,Aarush Om,Premium,Jorhat,Telangana,India,2025-04-03,Active,7484.15
C007573,Warjas Cheema,Premium,Belgaum,Nagaland,India,2025-11-08,Active,6336.03
C007574,Ridhi Seshadri,Standard,Chandigarh,Nagaland,India,2024-03-23,Active,9897.45
C007575,Ranbir Lata,Enterprise,Danapur,Andhra Pradesh,India,2024-11-12,Active,21231.18
C007576,Ethan Rattan,Premium,Jammu,Arunachal Pradesh,India,2024-10-04,Active,11950.77
C007577,Nitara Thaker,Premium,North Dumdum,Karnataka,India,2024-01-06,Active,2235.8
C007578,Neelima Singh,Standard,Agartala,Goa,India,2024-12-30,Active,11371.71
C007579,Fitan Banik,Standard,Kumbakonam,Meghalaya,India,2023-08-12,Active,7503.45
C007580,Veda Virk,Standard,Jaipur,Manipur,India,2024-03-17,Active,10001.32
C007581,Indira Sahni,Standard,Farrukhabad,Karnataka,India,2024-05-19,Active,7763.11
C007582,Udyati Patla,Standard,Sirsa,Maharashtra,India,2025-03-26,Active,8878.96
C007583,Urvi Banerjee,Standard,Visakhapatnam,Manipur,India,2025-10-21,Active,4713.68
C007584,Jasmit Chana,Premium,Kurnool,Bihar,India,2025-11-18,Active,21125.83
C007585,Kai Madan,Premium,Bally,Assam,India,2023-08-03,Active,6557.36
C007586,Vrishti Prasad,Standard,Indore,Sikkim,India,2024-05-12,Active,27440.32
C007587,Janani Saran,Standard,Bhimavaram,Bihar,India,2024-08-20,Inactive,11118.16
C007588,Abeer Keer,Premium,Kolhapur,Madhya Pradesh,India,2024-02-05,Inactive,20465.89
C007589,Gopal Kothari,Standard,Mathura,Mizoram,India,2026-01-28,Active,6705.74
C007590,Bishakha Puri,Premium,Ongole,Assam,India,2026-02-13,Active,6874.36
C007591,Varenya Jayaraman,Premium,Thoothukudi,Maharashtra,India,2024-12-22,Active,11602.94
C007592,Nakul Shankar,Standard,Panihati,Andhra Pradesh,India,2024-05-20,Active,7178.08
C007593,Nitara Bandi,Standard,Kadapa,Uttar Pradesh,India,2024-11-12,Active,10614.64
C007594,Ijaya Prabhakar,Enterprise,Phagwara,Uttarakhand,India,2024-09-08,Inactive,6649.56
C007595,Dakshesh Aurora,Enterprise,Sagar,Karnataka,India,2025-09-09,Active,5296.7
C007596,Kamala Jaggi,Enterprise,Udaipur,Goa,India,2024-12-13,Active,5648.79
C007597,Udarsh Batra,Standard,Srinagar,Andhra Pradesh,India,2023-10-30,Active,9024.07
C007598,Ishani Pai,Standard,Pune,Andhra Pradesh,India,2026-01-29,Active,3836.77
C007599,Kashish Hari,Premium,Cuttack,Andhra Pradesh,India,2023-10-10,Active,4445.22
C007600,Anika Sehgal,Enterprise,Bharatpur,Uttar Pradesh,India,2023-07-19,Active,5274.05
C007601,Gabriel Sharma,Standard,Dibrugarh,Uttarakhand,India,2024-05-31,Active,10112.06
C007602,Harinakshi Chandra,Standard,Tadepalligudem,Tripura,India,2024-03-24,Active,8473.29
C007603,Vedika Sood,Standard,Bhopal,West Bengal,India,2023-10-15,Active,8409.24
C007604,Ekani Balan,Standard,Shahjahanpur,Odisha,India,2026-04-28,Active,8321.43
C007605,Isaiah Srinivas,Standard,Mira-Bhayandar,West Bengal,India,2024-03-11,Inactive,16287.58
C007606,Darpan Sule,Premium,Guna,Arunachal Pradesh,India,2024-11-29,Active,4592.5
C007607,Anmol Biswas,Standard,Bhagalpur,Uttar Pradesh,India,2025-01-04,Active,10590.87
C007608,Tejas Malhotra,Standard,Asansol,Chhattisgarh,India,2023-06-27,Active,8337.37
C007609,Gaurika Guha,Enterprise,Sagar,Rajasthan,India,2025-01-01,Active,6527.68
C007610,Mitesh Magar,Standard,Berhampur,Sikkim,India,2024-10-16,Active,11790.94
C007611,Henry Dyal,Standard,Mehsana,Karnataka,India,2025-12-26,Active,9432.25
C007612,Siddharth Joshi,Standard,Sambalpur,Karnataka,India,2025-08-04,Active,7513.21
C007613,Mohammed Anne,Standard,Raiganj,Mizoram,India,2024-09-18,Active,18071.73
C007614,Gautami Kanda,Standard,Indore,Karnataka,India,2023-12-17,Active,15424.51
C007615,Chameli Raj,Standard,Lucknow,Uttar Pradesh,India,2025-04-13,Active,6638.16
C007616,Zilmil Shah,Standard,Maheshtala,Punjab,India,2026-04-01,Active,6674.23
C007617,Hitesh Dugal,Premium,Panchkula,Himachal Pradesh,India,2024-06-13,Active,19723.33
C007618,Sneha Batta,Premium,Bareilly,Goa,India,2025-03-03,Active,19996.7
C007619,Samesh Trivedi,Enterprise,Maheshtala,Goa,India,2023-07-27,Active,14333.78
C007620,Dakshesh Krish,Premium,Mau,Kerala,India,2024-04-01,Active,3995.68
C007621,Matthew Jaggi,Standard,Proddatur,Arunachal Pradesh,India,2024-02-13,Active,11278.05
C007622,Aarav Goel,Enterprise,Khammam,Kerala,India,2025-12-08,Active,13501.89
C007623,Hemani Nori,Premium,Nizamabad,Nagaland,India,2025-08-31,Active,12032.02
C007624,Ekaraj Contractor,Premium,Sasaram,Madhya Pradesh,India,2023-09-05,Active,15966.73
C007625,Kamya Balasubramanian,Enterprise,Jodhpur,Andhra Pradesh,India,2024-01-31,Inactive,7549.26
C007626,Varenya Konda,Standard,Bihar Sharif,Tamil Nadu,India,2025-06-11,Active,9753.53
C007627,Rachana Tara,Standard,Satara,West Bengal,India,2024-11-25,Active,6167.84
C007628,Janani Soman,Standard,Ambattur,Sikkim,India,2026-01-12,Active,8554.82
C007629,Aarini Nath,Standard,Kolkata,Mizoram,India,2023-08-16,Active,4595.26
C007630,Chakradhar Brar,Enterprise,Sikar,Tripura,India,2026-05-14,Active,5649.27
C007631,Ranbir Dixit,Standard,Bongaigaon,Rajasthan,India,2023-11-15,Active,5546.66
C007632,Daksha Koshy,Premium,Bhagalpur,Nagaland,India,2024-05-07,Active,1403.91
C007633,Tamanna Mahajan,Standard,Aizawl,Jharkhand,India,2023-08-06,Active,31855.62
C007634,Vincent Raval,Standard,Noida,Haryana,India,2023-10-14,Active,13265.85
C007635,Lavanya Hora,Standard,Latur,Haryana,India,2024-12-10,Active,4797.76
C007636,Bhavika Barad,Standard,Bidar,Haryana,India,2026-05-08,Active,6934.7
C007637,Falguni Atwal,Premium,Avadi,Rajasthan,India,2025-05-19,Active,12605.98
C007638,Raagini Dua,Premium,Dewas,Maharashtra,India,2025-09-11,Active,17982.64
C007639,Zashil Majumdar,Standard,Gangtok,Chhattisgarh,India,2024-09-28,Active,4649.57
C007640,Victor De,Standard,Moradabad,Goa,India,2025-01-03,Active,10146.07
C007641,Pranav Vig,Standard,Bulandshahr,Maharashtra,India,2024-08-18,Active,12789.55
C007642,Fiyaz Badal,Premium,Bharatpur,Tamil Nadu,India,2023-08-21,Active,4815.86
C007643,Jasmit Thaman,Enterprise,Kota,Punjab,India,2023-08-16,Active,7847.99
C007644,Omaja Balay,Standard,Chennai,Madhya Pradesh,India,2026-03-11,Active,10872.56
C007645,Mekhala Dubey,Standard,Machilipatnam,Karnataka,India,2023-08-27,Active,11871.64
C007646,Bhavya Goyal,Standard,Kulti,Uttarakhand,India,2025-01-13,Active,18041.0
C007647,Vihaan Date,Standard,Hazaribagh,Odisha,India,2026-06-10,Active,4091.8
C007648,Baghyawati Pingle,Standard,Durgapur,Meghalaya,India,2024-10-22,Active,11098.73
C007649,Radhika Jayaraman,Standard,New Delhi,Tamil Nadu,India,2024-01-21,Active,9834.37
C007650,Sneha Ramachandran,Standard,Bhavnagar,Manipur,India,2024-03-02,Active,5414.96
C007651,Veda Nagar,Premium,Aurangabad,Odisha,India,2023-07-23,Active,3836.39
C007652,Varenya Memon,Premium,Kumbakonam,Manipur,India,2026-01-12,Active,9624.24
C007653,Max Ghosh,Enterprise,Miryalaguda,Karnataka,India,2025-06-06,Active,6146.86
C007654,Nathan Trivedi,Premium,Khora ,Jharkhand,India,2026-03-02,Active,9204.73
C007655,Leena Naidu,Premium,Farrukhabad,Kerala,India,2023-09-04,Active,9269.96
C007656,Joshua Basu,Standard,Panvel,Goa,India,2024-06-19,Active,6017.82
C007657,Bakhshi Yadav,Standard,Jehanabad,Tamil Nadu,India,2025-09-22,Active,24968.79
C007658,Lakshit Hegde,Standard,Sangli-Miraj & Kupwad,Arunachal Pradesh,India,2023-07-19,Active,9903.24
C007659,Suhani Kari,Standard,Bhusawal,Bihar,India,2026-01-08,Active,4645.4
C007660,Leela Chokshi,Premium,Sangli-Miraj & Kupwad,Maharashtra,India,2026-02-06,Active,13834.36
C007661,Omya Sura,Standard,Kochi,Jharkhand,India,2025-07-08,Active,17281.94
C007662,Mitali Jain,Standard,Maheshtala,Nagaland,India,2026-05-21,Active,6050.08
C007663,Dipta Bhatti,Enterprise,Raurkela Industrial Township,Jharkhand,India,2025-08-17,Active,5968.45
C007664,Ishanvi Bakshi,Enterprise,Mysore,Sikkim,India,2025-02-03,Active,10825.9
C007665,Samaksh Randhawa,Standard,Ranchi,Arunachal Pradesh,India,2026-06-20,Active,3724.13
C007666,Harshil Bhasin,Standard,Kolhapur,Karnataka,India,2024-12-22,Active,13602.12
C007667,Panini Tak,Enterprise,Jorhat,Karnataka,India,2024-12-17,Active,7764.36
C007668,Lavanya Gole,Standard,Malda,Goa,India,2026-03-24,Active,11948.53
C007669,Aadi Sahota,Premium,Kamarhati,Sikkim,India,2025-03-28,Active,4918.76
C007670,Falan Sule,Premium,Bhusawal,Rajasthan,India,2023-09-30,Active,4953.74
C007671,Xalak Naik,Enterprise,Sambalpur,Tripura,India,2024-09-09,Active,12726.26
C007672,Vasana Dixit,Standard,Firozabad,Karnataka,India,2023-08-05,Active,4250.79
C007673,Abdul Sami,Standard,Ranchi,Nagaland,India,2026-06-15,Active,4781.05
C007674,Kiaan Balasubramanian,Standard,Darbhanga,Uttarakhand,India,2026-05-30,Inactive,15732.95
C007675,Vasudha Brar,Premium,Srinagar,Maharashtra,India,2026-05-24,Active,3232.76
C007676,Ekbal Bir,Standard,Raiganj,Tripura,India,2024-05-18,Active,15068.47
C007677,Ishwar Ranganathan,Standard,Jalgaon,Rajasthan,India,2023-12-15,Active,16441.28
C007678,Nachiket Tara,Premium,Morena,Uttar Pradesh,India,2023-11-05,Active,9907.95
C007679,Nisha Devan,Premium,Ghaziabad,Himachal Pradesh,India,2024-04-14,Active,7754.0
C007680,Bimala Dyal,Standard,Jehanabad,Goa,India,2023-12-05,Active,8506.55
C007681,Pranit Bumb,Premium,Satara,Rajasthan,India,2025-05-23,Active,4591.12
C007682,Arya Puri,Standard,Bellary,Tripura,India,2026-01-17,Active,13736.25
C007683,Luke Wali,Enterprise,Salem,Uttarakhand,India,2025-05-12,Active,12075.36
C007684,Charles Palan,Enterprise,Aligarh,Uttar Pradesh,India,2025-04-29,Active,18973.07
C007685,Theodore Biswas,Standard,Tezpur,Punjab,India,2024-08-03,Active,18477.45
C007686,Karan Borah,Standard,Moradabad,Uttar Pradesh,India,2025-07-24,Active,16895.38
C007687,Gauri Nagi,Premium,Giridih,Tripura,India,2023-07-10,Active,8080.11
C007688,Shravya Halder,Standard,Siwan,Odisha,India,2026-03-01,Active,13228.2
C007689,Omya Agate,Standard,Surat,Meghalaya,India,2025-05-01,Inactive,14288.03
C007690,Ishani Behl,Standard,Kadapa,Kerala,India,2023-07-12,Inactive,15512.51
C007691,Harita Gokhale,Standard,Mango,Uttarakhand,India,2026-03-15,Active,27973.69
C007692,Chandran Gopal,Premium,Karawal Nagar,Gujarat,India,2024-10-26,Inactive,16253.88
C007693,Jagvi Bansal,Premium,Kadapa,Bihar,India,2025-04-24,Active,28210.2
C007694,Omisha D’Alia,Standard,Durg,Sikkim,India,2025-02-24,Active,13348.73
C007695,Advaith Menon,Standard,Sirsa,Tripura,India,2025-06-21,Active,27289.46
C007696,Eiravati Nagy,Standard,Kollam,Gujarat,India,2026-04-21,Active,10445.82
C007697,Deepa Bains,Premium,Sultan Pur Majra,Haryana,India,2024-01-29,Active,6407.97
C007698,Yoshita Pillai,Standard,Satara,Nagaland,India,2026-02-21,Active,11885.32
C007699,Jatin Basak,Standard,Hospet,Bihar,India,2025-05-16,Active,8740.03
C007700,Tarak Dugar,Standard,Bhilwara,Bihar,India,2024-02-29,Active,23731.73
C007701,Kritika Babu,Standard,Sangli-Miraj & Kupwad,Goa,India,2025-08-19,Active,5825.04
C007702,Elijah Buch,Standard,Bhiwandi,Uttar Pradesh,India,2024-12-10,Active,7487.03
C007703,Praneel Dutta,Premium,Miryalaguda,Nagaland,India,2026-01-12,Active,14182.14
C007704,Noah Bhagat,Standard,Avadi,Rajasthan,India,2026-06-08,Active,12647.18
C007705,Tamanna Lal,Standard,Jabalpur,Chhattisgarh,India,2023-12-29,Active,7970.98
C007706,Kamya Dixit,Enterprise,Sambhal,Assam,India,2024-02-23,Active,5168.44
C007707,Warjas Atwal,Premium,Ahmedabad,Tripura,India,2023-09-21,Active,4098.11
C007708,Rushil Shankar,Standard,Raebareli,Uttarakhand,India,2025-03-04,Active,10080.26
C007709,Sathvik Kota,Standard,Anantapur,Sikkim,India,2024-06-18,Active,16128.69
C007710,Ekani Karnik,Enterprise,Satna,Odisha,India,2025-07-23,Active,9102.92
C007711,Siya Gill,Standard,Bally,Manipur,India,2025-05-08,Active,2542.38
C007712,Aarush Mohanty,Standard,Parbhani,Andhra Pradesh,India,2026-02-02,Active,1866.92
C007713,Warda Modi,Standard,Barasat,Goa,India,2024-03-26,Inactive,16916.22
C007714,Gaurangi Natarajan,Standard,Dehri,Assam,India,2025-04-28,Active,6392.71
C007715,Hardik Bhagat,Premium,Bathinda,Madhya Pradesh,India,2024-08-11,Active,3421.63
C007716,Eiravati Butala,Premium,Bhatpara,Andhra Pradesh,India,2025-04-20,Active,5033.43
C007717,Elijah Gokhale,Standard,Surat,Uttar Pradesh,India,2023-09-17,Active,8150.67
C007718,Eesha Borah,Premium,Bhiwani,Madhya Pradesh,India,2024-06-25,Active,9392.95
C007719,Baghyawati Kanda,Standard,Gandhidham,Chhattisgarh,India,2023-08-14,Active,6386.25
C007720,Tanmayi Mander,Enterprise,Jammu,Chhattisgarh,India,2024-08-16,Active,8772.12
C007721,Teerth Gulati,Enterprise,Raipur,Meghalaya,India,2025-11-17,Active,8403.66
C007722,Rachana Bains,Standard,Jamalpur,Punjab,India,2024-08-23,Active,7158.25
C007723,Jeremiah Pandya,Enterprise,Avadi,Tamil Nadu,India,2026-06-15,Active,5567.41
C007724,Balendra Kale,Premium,Tezpur,Kerala,India,2023-10-13,Active,4352.84
C007725,Damini Devi,Enterprise,Tirunelveli,Bihar,India,2026-05-22,Active,9890.07
C007726,Urmi Sur,Premium,Patiala,Assam,India,2025-07-15,Active,9950.46
C007727,Warinder Pandey,Enterprise,Gaya,Bihar,India,2025-04-11,Active,8038.96
C007728,Teerth Parikh,Premium,Kakinada,Nagaland,India,2025-11-03,Active,9957.66
C007729,Geetika Baral,Standard,Vellore,Haryana,India,2025-09-29,Active,17189.71
C007730,Brijesh More,Premium,Raipur,Mizoram,India,2026-02-03,Active,20103.21
C007731,Balveer Kara,Standard,Agartala,Assam,India,2025-01-12,Active,4985.1
C007732,Jack Dasgupta,Standard,Nangloi Jat,Uttar Pradesh,India,2026-04-02,Active,10123.91
C007733,Jagrati Dhar,Standard,Navi Mumbai,Meghalaya,India,2024-12-20,Active,8656.81
C007734,Elijah Zacharia,Premium,Yamunanagar,Nagaland,India,2024-11-30,Active,8069.43
C007735,Baghyawati Balay,Standard,Ballia,Rajasthan,India,2024-02-18,Active,12211.23
C007736,Tanveer Kulkarni,Standard,Yamunanagar,Mizoram,India,2023-08-15,Active,18336.67
C007737,William Balasubramanian,Premium,Morena,Odisha,India,2024-08-04,Active,10039.34
C007738,Gabriel Basu,Standard,Vijayanagaram,Mizoram,India,2024-04-14,Active,10916.6
C007739,Anmol Choudhary,Premium,Tiruchirappalli,Sikkim,India,2023-07-28,Active,16353.02
C007740,Indira Tank,Standard,Srinagar,Gujarat,India,2025-06-18,Active,5904.28
C007741,Chaaya Naik,Standard,Anand,Sikkim,India,2025-04-29,Active,5521.89
C007742,Raghav Barad,Standard,Hubli–Dharwad,Mizoram,India,2023-09-29,Active,7162.21
C007743,Varsha Tailor,Standard,Burhanpur,Madhya Pradesh,India,2025-11-22,Active,4002.14
C007744,Harish Prabhakar,Standard,Mysore,Odisha,India,2024-05-20,Inactive,12028.21
C007745,Aashi Krishnamurthy,Premium,Bharatpur,Andhra Pradesh,India,2025-07-24,Active,9723.27
C007746,Jeremiah Rama,Premium,Tiruvottiyur,Meghalaya,India,2024-02-13,Active,9640.31
C007747,Ekalinga Upadhyay,Standard,Ongole,Kerala,India,2023-08-03,Active,5591.18
C007748,Onveer Dhar,Standard,Bellary,Sikkim,India,2024-02-23,Active,17740.19
C007749,Shivani Pingle,Standard,Kochi,Tamil Nadu,India,2024-06-27,Active,4740.49
C007750,Mason Natt,Standard,Sikar,Punjab,India,2025-06-01,Active,16620.88
C007751,Henry Rau,Premium,Malegaon,Haryana,India,2024-04-08,Active,5983.77
C007752,Libni Lad,Standard,Visakhapatnam,Jharkhand,India,2023-12-10,Active,2376.82
C007753,Zaitra Menon,Premium,Nandyal,Tamil Nadu,India,2024-11-11,Active,12075.89
C007754,Niharika Prashad,Standard,Udaipur,Nagaland,India,2025-01-03,Active,6768.88
C007755,Zashil Mand,Standard,Guwahati,Mizoram,India,2025-09-26,Inactive,7860.81
C007756,Yashasvi Rajagopalan,Standard,Bidhannagar,Tamil Nadu,India,2023-11-28,Active,7233.55
C007757,Ridhi Mann,Standard,Bellary,Chhattisgarh,India,2025-10-27,Active,6442.1
C007758,Chakradhar Cherian,Enterprise,Sirsa,Bihar,India,2026-04-15,Active,14764.9
C007759,Girik Boase,Enterprise,Chinsurah,Maharashtra,India,2025-09-20,Active,16819.21
C007760,Kavya Uppal,Standard,Mau,Mizoram,India,2023-09-07,Active,15525.0
C007761,Om Sekhon,Premium,Sirsa,Sikkim,India,2025-11-14,Active,8536.38
C007762,Zayyan Sood,Standard,Hazaribagh,Madhya Pradesh,India,2025-03-09,Active,11430.17
C007763,Dalaja Sarin,Standard,Bihar Sharif,Assam,India,2026-04-23,Inactive,12571.95
C007764,Rishi Ratta,Standard,Kanpur,Gujarat,India,2025-06-15,Inactive,13266.82
C007765,Zaid Rajan,Enterprise,Ramgarh,Assam,India,2025-04-24,Active,11007.22
C007766,Devansh Buch,Premium,Akola,Jharkhand,India,2024-02-14,Active,10401.95
C007767,Yashoda Naik,Standard,Nellore,Goa,India,2024-11-02,Inactive,12416.16
C007768,Zashil Lata,Premium,Medininagar,Uttarakhand,India,2024-10-14,Active,12361.38
C007769,Anthony Bhatia,Standard,Farrukhabad,Karnataka,India,2024-12-21,Inactive,7668.38
C007770,Hitesh Thakkar,Standard,Rajpur Sonarpur,Arunachal Pradesh,India,2024-06-20,Active,14154.84
C007771,Qarin Brar,Standard,Bilaspur,Chhattisgarh,India,2023-07-14,Active,16572.21
C007772,Viraj Lad,Standard,Katni,Nagaland,India,2026-06-09,Inactive,19688.25
C007773,Charles Parmar,Premium,Aurangabad,Andhra Pradesh,India,2023-08-19,Active,7591.57
C007774,Daksha Sachar,Standard,Kanpur,Uttar Pradesh,India,2025-01-28,Active,13708.45
C007775,Elijah Arya,Standard,Sonipat,Kerala,India,2025-03-19,Active,13756.21
C007776,Madhav Misra,Premium,Amaravati,Punjab,India,2025-02-15,Active,8942.14
C007777,Liam Kala,Premium,Aurangabad,Goa,India,2024-11-23,Active,14927.01
C007778,Avi Ahuja,Standard,Bokaro,Arunachal Pradesh,India,2023-09-15,Active,6778.92
C007779,Udarsh More,Premium,Ballia,Goa,India,2026-04-27,Active,6938.22
C007780,Tripti Sem,Enterprise,Guna,Mizoram,India,2023-07-02,Active,10189.56
C007781,Gunbir Ramesh,Standard,Akola,West Bengal,India,2023-12-14,Active,10134.05
C007782,Yamini Muni,Enterprise,Haldia,Meghalaya,India,2023-06-30,Active,8855.83
C007783,Mitesh Garde,Premium,South Dumdum,Karnataka,India,2023-11-30,Active,4995.14
C007784,Ekalinga Dhingra,Standard,Bidar,Nagaland,India,2025-06-28,Active,9923.97
C007785,Gautami Subramaniam,Standard,Vadodara,Gujarat,India,2025-12-13,Inactive,7654.18
C007786,Januja Nagi,Premium,Imphal,Haryana,India,2024-03-15,Active,13031.07
C007787,Sarthak Shenoy,Premium,Aligarh,Nagaland,India,2025-09-17,Active,3527.27
C007788,Isha Pant,Standard,Durg,Uttarakhand,India,2025-04-29,Active,11843.05
C007789,Nirja Mahajan,Standard,Ozhukarai,Tripura,India,2026-05-18,Active,5887.35
C007790,Gaurang Mital,Standard,Unnao,Uttar Pradesh,India,2025-11-19,Active,11957.27
C007791,Praneel Lalla,Premium,Deoghar,Sikkim,India,2026-01-21,Active,3670.83
C007792,Gunbir Sarraf,Standard,New Delhi,Nagaland,India,2024-09-30,Active,4880.81
C007793,Geetika Mishra,Premium,Bhilai,Kerala,India,2024-07-10,Inactive,10909.24
C007794,Ekanta Ganguly,Premium,Amritsar,Madhya Pradesh,India,2026-01-31,Active,13627.19
C007795,Varenya Ben,Standard,Rewa,Gujarat,India,2024-07-11,Inactive,14858.63
C007796,Harinakshi Hayre,Premium,Silchar,Telangana,India,2024-06-01,Inactive,1463.02
C007797,Anjali Sandal,Standard,Kavali,Meghalaya,India,2023-09-14,Inactive,7794.38
C007798,Andrew Luthra,Standard,Silchar,Gujarat,India,2025-09-25,Active,25409.69
C007799,Vinaya Shanker,Enterprise,Nandyal,Telangana,India,2026-06-23,Active,13721.88
C007800,Fitan Baral,Enterprise,Nizamabad,Nagaland,India,2024-02-13,Active,11321.38
C007801,Chandresh Madan,Standard,Secunderabad,Gujarat,India,2023-07-29,Active,10092.07
C007802,Lekha Gala,Standard,Eluru,Odisha,India,2026-04-24,Active,8040.26
C007803,Ekanta Mandal,Standard,Sonipat,Maharashtra,India,2024-04-26,Inactive,12704.37
C007804,Warhi Koshy,Premium,Erode,Telangana,India,2024-11-05,Active,7002.11
C007805,Divya Tank,Premium,Moradabad,Telangana,India,2023-10-17,Active,11433.1
C007806,Gunbir Kari,Standard,Kochi,Tripura,India,2024-04-12,Active,3606.08
C007807,Prisha Khosla,Standard,Jabalpur,Odisha,India,2023-09-01,Active,19592.3
C007808,Warinder Kala,Standard,Jorhat,Gujarat,India,2024-10-09,Inactive,3318.24
C007809,Jhalak Hora,Premium,Karawal Nagar,Kerala,India,2023-08-31,Active,6865.59
C007810,Leena Tata,Enterprise,Bhind,Sikkim,India,2025-10-17,Active,4808.7
C007811,Libni Lala,Premium,Pudukkottai,Assam,India,2026-01-01,Active,8375.41
C007812,Januja Wason,Standard,Sasaram,Nagaland,India,2024-05-14,Active,2537.49
C007813,Kai Jani,Premium,Durgapur,Andhra Pradesh,India,2024-04-10,Inactive,7271.59
C007814,Baghyawati Kakar,Standard,Gandhinagar,Manipur,India,2025-12-10,Inactive,6113.31
C007815,Avi Boase,Standard,Serampore,Gujarat,India,2024-05-01,Active,12637.38
C007816,Harita Gara,Standard,Haridwar,Bihar,India,2026-05-28,Active,16510.16
C007817,Aahana Rege,Standard,Davanagere,Goa,India,2025-11-27,Active,4038.25
C007818,Upadhriti Jhaveri,Premium,Kishanganj,Kerala,India,2024-05-02,Active,9608.76
C007819,Vrishti Yadav,Premium,Suryapet,Assam,India,2023-09-15,Active,7771.34
C007820,Simon Sinha,Enterprise,Bellary,Maharashtra,India,2024-01-02,Active,13214.63
C007821,Kai Pall,Standard,Malegaon,Mizoram,India,2025-05-25,Active,21701.26
C007822,Tarak Cherian,Standard,Pondicherry,Tamil Nadu,India,2025-03-18,Active,16191.27
C007823,Frederick Loke,Enterprise,Thrissur,Bihar,India,2024-03-28,Active,6326.14
C007824,Naksh Pall,Enterprise,Pondicherry,West Bengal,India,2023-11-14,Active,13343.16
C007825,Frado Batta,Standard,Imphal,Bihar,India,2025-01-05,Active,4616.73
C007826,Meera Mall,Standard,Unnao,Tripura,India,2024-07-16,Active,11738.08
C007827,Umang Mishra,Standard,Tiruvottiyur,West Bengal,India,2024-10-22,Active,13568.09
C007828,Avni Pandya,Premium,Jalgaon,Odisha,India,2026-03-09,Active,5949.16
C007829,Bishakha Saran,Standard,Pimpri-Chinchwad,Manipur,India,2025-11-29,Active,9648.03
C007830,Gayathri Shetty,Standard,Hospet,Himachal Pradesh,India,2023-10-03,Active,14430.82
C007831,Akshay Kakar,Standard,Bhavnagar,Chhattisgarh,India,2026-06-17,Active,22156.47
C007832,Yatin Parsa,Enterprise,Kollam,Kerala,India,2025-03-07,Active,6541.56
C007833,Girindra Som,Standard,Nagpur,Haryana,India,2025-11-03,Active,19309.01
C007834,Mitesh Pandey,Standard,Amritsar,Maharashtra,India,2024-09-25,Active,7649.65
C007835,Kevin Babu,Standard,Guntur,Madhya Pradesh,India,2023-12-05,Active,10112.16
C007836,Vanya Sinha,Standard,Udaipur,Maharashtra,India,2026-03-30,Active,9668.05
C007837,Sudiksha Dara,Premium,Panvel,Odisha,India,2023-09-06,Active,5267.7
C007838,Faqid Oommen,Standard,Bahraich,Haryana,India,2025-09-26,Active,11995.84
C007839,Teerth Dutta,Enterprise,Jalgaon,Goa,India,2024-08-29,Active,9759.68
C007840,Fiyaz Kamdar,Premium,Bihar Sharif,Himachal Pradesh,India,2025-02-28,Active,15075.95
C007841,Riya Lall,Standard,Bettiah,Odisha,India,2023-07-27,Active,10965.23
C007842,Oni Minhas,Standard,Sasaram,Andhra Pradesh,India,2025-10-20,Active,9088.69
C007843,Oviya Chokshi,Premium,Avadi,Bihar,India,2024-07-07,Active,10788.01
C007844,Gagan Nagy,Premium,Mirzapur,Arunachal Pradesh,India,2026-04-07,Active,13771.95
C007845,Abhiram Palla,Premium,Kishanganj,Nagaland,India,2025-10-30,Active,8084.41
C007846,Yashica Iyer,Premium,Pondicherry,Nagaland,India,2023-08-27,Active,11626.53
C007847,Yochana Gulati,Standard,Singrauli,Telangana,India,2023-11-24,Active,11813.27
C007848,Udant Gera,Premium,Panipat,Tamil Nadu,India,2025-07-05,Active,7473.07
C007849,Saanvi Parikh,Standard,Mangalore,West Bengal,India,2025-05-17,Active,4692.3
C007850,Nidra Nath,Standard,Ulhasnagar,Telangana,India,2025-11-09,Active,6137.53
C007851,Dhruv Krishnan,Premium,Allahabad,Maharashtra,India,2026-03-11,Active,13324.23
C007852,Quincy Gokhale,Standard,Kozhikode,Gujarat,India,2026-04-06,Active,15334.18
C007853,Ryan Dugar,Enterprise,Silchar,Karnataka,India,2024-03-31,Active,4340.75
C007854,Urvashi Dugar,Standard,Khora ,Sikkim,India,2025-02-07,Active,2559.05
C007855,Chanakya Murthy,Standard,Hosur,Gujarat,India,2025-08-07,Active,5547.78
C007856,Mahika Sachar,Premium,Raebareli,Manipur,India,2025-08-25,Active,15644.61
C007857,Panini Borde,Standard,Ajmer,Meghalaya,India,2024-09-22,Active,9076.87
C007858,Ayushman Narula,Standard,Arrah,Nagaland,India,2023-11-15,Active,11346.94
C007859,Krishna Atwal,Standard,Haridwar,Goa,India,2023-07-03,Active,6795.14
C007860,Hemal Guha,Standard,Bhubaneswar,Nagaland,India,2025-09-30,Active,9471.09
C007861,Prisha Barman,Standard,Noida,Goa,India,2025-01-14,Active,15642.82
C007862,Qarin Viswanathan,Standard,Gandhinagar,Manipur,India,2023-10-26,Active,15773.76
C007863,Isaac Dara,Standard,Haldia,Haryana,India,2025-04-20,Active,9136.01
C007864,Ishanvi Baral,Standard,Raipur,Madhya Pradesh,India,2024-05-26,Inactive,11054.41
C007865,Abhiram Kari,Standard,Motihari,Uttarakhand,India,2025-09-25,Active,12270.8
C007866,George Nagy,Standard,Naihati,Tripura,India,2024-08-25,Active,8925.65
C007867,Omisha Kumer,Standard,Aurangabad,Manipur,India,2023-08-31,Active,4889.47
C007868,Nidhi Shenoy,Premium,Bettiah,Gujarat,India,2024-03-08,Inactive,7904.06
C007869,Pushti Arya,Premium,Gopalpur,Telangana,India,2024-02-22,Active,9700.15
C007870,Ijaya Balay,Standard,Khandwa,Meghalaya,India,2025-06-20,Active,11704.65
C007871,Falguni Chopra,Standard,Thane,Odisha,India,2023-08-08,Active,5373.03
C007872,Meghana Ghose,Standard,Dhule,Rajasthan,India,2024-07-11,Active,6729.75
C007873,Hema Sharma,Enterprise,Ozhukarai,Goa,India,2026-01-21,Active,13208.42
C007874,Naksh Hans,Enterprise,Mahbubnagar,Gujarat,India,2026-06-22,Active,15424.06
C007875,Chatresh Yadav,Premium,Vasai-Virar,Himachal Pradesh,India,2023-11-15,Active,7199.65
C007876,Jagrati Bhardwaj,Premium,Farrukhabad,Goa,India,2024-01-11,Active,4441.39
C007877,Gautam Banik,Standard,Bareilly,Andhra Pradesh,India,2025-03-17,Active,6051.05
C007878,Naksh Sarkar,Premium,Bahraich,Chhattisgarh,India,2025-10-16,Active,18643.8
C007879,Jonathan Nair,Standard,Nagercoil,Nagaland,India,2024-12-31,Inactive,15221.37
C007880,Charles Devan,Standard,Barasat,Nagaland,India,2023-10-13,Active,7255.67
C007881,Frado Mangal,Standard,Haldia,Madhya Pradesh,India,2023-09-19,Active,15799.0
C007882,Balhaar Tailor,Premium,Nanded,Gujarat,India,2026-03-30,Active,989.51
C007883,Gagan Kumar,Standard,Shimoga,Bihar,India,2024-01-21,Active,5560.5
C007884,Balendra Ramakrishnan,Premium,Dewas,Jharkhand,India,2023-10-24,Active,14244.47
C007885,Lopa Gole,Standard,Avadi,Sikkim,India,2024-09-16,Active,4313.24
C007886,Jagrati Bora,Standard,Naihati,Gujarat,India,2024-04-11,Active,15137.59
C007887,Indira Desai,Standard,Faridabad,Chhattisgarh,India,2023-12-15,Active,9716.73
C007888,Netra Rajagopalan,Standard,Solapur,Arunachal Pradesh,India,2024-09-12,Active,17045.71
C007889,David Sheth,Standard,Kirari Suleman Nagar,Jharkhand,India,2024-03-14,Active,17197.31
C007890,Laban Gopal,Standard,Ujjain,Tamil Nadu,India,2024-01-14,Active,7035.34
C007891,Gopal Grewal,Standard,Raurkela Industrial Township,Karnataka,India,2023-09-07,Active,10891.91
C007892,Chatresh Mitra,Standard,Karaikudi,Haryana,India,2026-04-15,Active,15271.36
C007893,Ekapad Dhillon,Premium,Rajahmundry,Haryana,India,2025-10-12,Active,10286.22
C007894,Finn Muni,Premium,Bhind,Haryana,India,2024-02-08,Active,10493.2
C007895,Reyansh Malhotra,Enterprise,Udaipur,Arunachal Pradesh,India,2026-05-20,Active,9574.17
C007896,Adya Zachariah,Premium,Belgaum,Rajasthan,India,2024-07-10,Active,5434.48
C007897,Robert Loyal,Standard,Kulti,Arunachal Pradesh,India,2024-02-09,Active,17984.32
C007898,Odika Karnik,Standard,Amroha,Goa,India,2025-01-13,Active,10999.75
C007899,Mugdha Shankar,Standard,Baranagar,Andhra Pradesh,India,2025-11-19,Active,2684.99
C007900,Eta Shah,Premium,Gorakhpur,Uttarakhand,India,2023-07-09,Active,17604.05
C007901,Chandran Bhatia,Standard,Chandrapur,Assam,India,2026-04-01,Active,24347.06
C007902,Harshil Mammen,Standard,Shivpuri,Kerala,India,2025-02-07,Active,7784.92
C007903,Ijaya Banik,Premium,Khandwa,Gujarat,India,2023-11-30,Active,9431.4
C007904,Upma Kar,Premium,Jalandhar,Rajasthan,India,2025-11-12,Active,14849.96
C007905,Pushti Mittal,Standard,Dhanbad,Maharashtra,India,2025-07-27,Active,6843.13
C007906,Niharika Varty,Standard,Malegaon,Uttarakhand,India,2025-02-24,Active,12087.02
C007907,Vaishnavi Tandon,Premium,Kollam,Mizoram,India,2024-01-04,Active,13185.22
C007908,Forum Parsa,Enterprise,Asansol,Meghalaya,India,2023-12-03,Active,10007.35
C007909,Charvi Saini,Standard,Gwalior,Arunachal Pradesh,India,2023-09-28,Active,16592.88
C007910,Pooja Setty,Enterprise,Jaipur,Meghalaya,India,2023-11-12,Active,11740.71
C007911,Yutika Seshadri,Standard,Gangtok,Karnataka,India,2025-08-10,Active,5670.1
C007912,Shravya Chatterjee,Standard,Bhind,Assam,India,2026-04-19,Active,16940.33
C007913,Veer Vora,Standard,Durgapur,Uttar Pradesh,India,2025-10-09,Inactive,15803.9
C007914,Ladli Sant,Enterprise,Thane,Andhra Pradesh,India,2023-12-11,Active,10182.98
C007915,Qarin Menon,Standard,Vasai-Virar,Odisha,India,2024-04-19,Active,13141.75
C007916,Lakshit Varty,Enterprise,Nizamabad,Gujarat,India,2025-11-20,Active,8246.13
C007917,Maanav Om,Standard,Bidar,West Bengal,India,2025-02-14,Active,2210.67
C007918,Ekavir Dugal,Standard,Bathinda,Tamil Nadu,India,2024-07-10,Active,3822.71
C007919,Peter Kumar,Standard,Bhimavaram,Tamil Nadu,India,2025-07-25,Active,6288.45
C007920,Yashasvi Kanda,Standard,Imphal,Madhya Pradesh,India,2024-01-31,Active,2097.83
C007921,Thomas Bala,Premium,Gulbarga,Sikkim,India,2025-01-28,Active,11473.19
C007922,Jyoti Kulkarni,Enterprise,Ichalkaranji,Karnataka,India,2024-08-14,Active,15847.09
C007923,Avi Nadig,Standard,Sultan Pur Majra,Maharashtra,India,2025-04-12,Active,4798.03
C007924,Saumya Barman,Premium,Loni,Karnataka,India,2026-05-01,Active,9395.69
C007925,Krisha Parsa,Premium,Jammu,Assam,India,2023-10-04,Active,5221.02
C007926,Vasatika Taneja,Standard,Gandhinagar,Mizoram,India,2026-06-23,Active,3950.05
C007927,Vinaya Varkey,Premium,Bhavnagar,Tamil Nadu,India,2023-10-02,Active,4781.09
C007928,Fitan Sidhu,Enterprise,Chinsurah,Uttar Pradesh,India,2026-03-06,Active,3660.03
C007929,Avni Sarkar,Standard,Panchkula,Nagaland,India,2024-05-09,Active,13338.33
C007930,Anika Chadha,Standard,Tadepalligudem,Odisha,India,2026-03-30,Active,12887.48
C007931,Madhavi Sood,Standard,Vellore,Haryana,India,2025-09-11,Active,6700.46
C007932,Charles Wadhwa,Premium,Hazaribagh,Uttar Pradesh,India,2023-08-16,Active,12783.11
C007933,Chandresh Issac,Enterprise,Panchkula,Karnataka,India,2024-02-08,Active,9291.05
C007934,Mahika Dave,Standard,Bhopal,Uttar Pradesh,India,2023-11-19,Active,16941.12
C007935,Advik Jayaraman,Standard,Bhilwara,Maharashtra,India,2024-02-16,Active,5005.92
C007936,Arunima Agate,Premium,Karawal Nagar,Himachal Pradesh,India,2026-05-11,Active,5848.83
C007937,Aayush Jani,Standard,Rewa,Manipur,India,2023-08-01,Active,7847.4
C007938,Girindra Bhardwaj,Premium,Ahmednagar,Gujarat,India,2023-11-14,Active,5050.31
C007939,Rushil Vaidya,Premium,Nangloi Jat,Arunachal Pradesh,India,2026-05-24,Active,6994.07
C007940,Yutika Dani,Standard,Avadi,Kerala,India,2024-06-14,Active,8569.34
C007941,Naveen Setty,Enterprise,Bijapur,Bihar,India,2023-08-04,Active,2513.85
C007942,Rayaan Singhal,Standard,Bardhaman,Arunachal Pradesh,India,2024-03-03,Active,21409.69
C007943,Gopal Rama,Standard,Baranagar,Madhya Pradesh,India,2024-02-20,Inactive,5527.46
C007944,Chakrika Cherian,Standard,Gandhidham,Kerala,India,2024-12-02,Active,7225.43
C007945,Pahal Wagle,Standard,Kulti,Andhra Pradesh,India,2024-12-31,Active,13368.02
C007946,Warhi Sur,Standard,Davanagere,West Bengal,India,2026-02-13,Active,9181.92
C007947,Jatin Nagar,Enterprise,Visakhapatnam,Goa,India,2025-02-24,Active,16329.69
C007948,Gabriel Bhattacharyya,Premium,Hindupur,Uttar Pradesh,India,2026-06-06,Active,4105.9
C007949,Chaman Vohra,Standard,Anantapur,Madhya Pradesh,India,2024-03-28,Active,8595.95
C007950,Abhiram Chad,Enterprise,Loni,Chhattisgarh,India,2024-12-15,Active,12456.87
C007951,Wyatt Raj,Standard,Sasaram,Meghalaya,India,2025-10-15,Active,9219.15
C007952,Pratyush Yogi,Standard,Pimpri-Chinchwad,Sikkim,India,2024-05-09,Inactive,4354.0
C007953,Hemang Ray,Enterprise,Khandwa,Manipur,India,2024-07-17,Active,7229.52
C007954,Keya Sengupta,Standard,Bongaigaon,Uttarakhand,India,2025-10-19,Active,16362.71
C007955,Shivani Morar,Premium,Jabalpur,Telangana,India,2025-03-07,Active,9846.78
C007956,Jack Gopal,Standard,Mehsana,Odisha,India,2026-04-12,Active,12662.96
C007957,Nandini Nair,Standard,Rewa,Manipur,India,2025-06-15,Active,7445.21
C007958,Ronith Mishra,Standard,Kolkata,Rajasthan,India,2024-06-18,Active,26542.18
C007959,Andrew Kari,Premium,Khora ,Meghalaya,India,2026-01-18,Active,12329.22
C007960,Wriddhish Johal,Standard,Ahmednagar,West Bengal,India,2024-09-25,Inactive,3062.81
C007961,Dayita Rajan,Standard,Vijayanagaram,Mizoram,India,2024-12-24,Active,4445.07
C007962,Balhaar Behl,Enterprise,Guntur,Odisha,India,2025-01-10,Active,20274.48
C007963,Noah Dixit,Standard,Kirari Suleman Nagar,Manipur,India,2024-01-10,Active,7233.8
C007964,Dalaja Gade,Standard,Amaravati,West Bengal,India,2025-02-16,Active,7052.45
C007965,Sai Bava,Enterprise,Tirupati,Himachal Pradesh,India,2025-03-27,Active,8686.13
C007966,Ekalinga Pillai,Premium,Pondicherry,Assam,India,2024-10-03,Active,10885.02
C007967,Abhimanyu Rajan,Standard,New Delhi,Mizoram,India,2023-08-09,Active,16948.45
C007968,Ladli Kata,Standard,Noida,Assam,India,2024-11-22,Inactive,23079.74
C007969,Qabil Choudhry,Standard,Kirari Suleman Nagar,Chhattisgarh,India,2025-03-03,Active,8382.13
C007970,Simon Sachdeva,Standard,Bardhaman,Himachal Pradesh,India,2024-07-11,Active,8159.16
C007971,Aarini Choudhury,Premium,Ajmer,Tripura,India,2026-04-01,Active,11755.87
C007972,Wridesh Samra,Standard,Amaravati,Manipur,India,2025-07-10,Active,6329.3
C007973,Ojasvi Natt,Premium,Bhubaneswar,Goa,India,2025-12-15,Active,9750.89
C007974,Damyanti Bail,Standard,Sri Ganganagar,Andhra Pradesh,India,2025-01-27,Active,6556.54
C007975,Tarak Mandal,Standard,Kadapa,Assam,India,2025-07-02,Inactive,11701.28
C007976,Edhitha Merchant,Enterprise,Chandrapur,Maharashtra,India,2026-01-20,Active,5847.3
C007977,Anvi Dhillon,Premium,Eluru,Goa,India,2023-10-23,Inactive,13811.63
C007978,Ayush Chowdhury,Premium,Chinsurah,Goa,India,2025-05-27,Active,8464.98
C007979,Hemal Nanda,Standard,Vellore,Madhya Pradesh,India,2026-01-12,Active,8384.74
C007980,Patrick Garg,Standard,Visakhapatnam,Rajasthan,India,2023-08-03,Active,10535.68
C007981,Samarth Ravel,Standard,Nagercoil,Rajasthan,India,2024-02-17,Active,14215.87
C007982,Amaira Boase,Premium,Darbhanga,Tripura,India,2024-04-06,Active,14439.63
C007983,Hredhaan Borah,Standard,Rohtak,Madhya Pradesh,India,2024-11-16,Active,4911.85
C007984,Gautami Dass,Standard,Mathura,Punjab,India,2023-11-26,Active,7912.94
C007985,Devansh Mody,Premium,Mangalore,Telangana,India,2026-03-22,Active,11670.01
C007986,Ayush Kota,Standard,Yamunanagar,Maharashtra,India,2026-05-16,Active,18909.3
C007987,Veda Sachar,Standard,Sambalpur,Uttar Pradesh,India,2025-09-04,Active,9225.88
C007988,Anusha Jayaraman,Standard,Jodhpur,Tripura,India,2024-05-12,Active,1730.15
C007989,Rayaan Ramesh,Enterprise,Begusarai,Odisha,India,2024-12-14,Active,4941.79
C007990,Vivaan Andra,Enterprise,South Dumdum,Maharashtra,India,2025-09-24,Active,11602.81
C007991,Sai Sem,Premium,Gangtok,Bihar,India,2024-05-24,Active,4819.22
C007992,Akshay Borde,Standard,Orai,Uttarakhand,India,2025-06-09,Active,4277.83
C007993,Triveni Om,Premium,Panchkula,Maharashtra,India,2024-03-24,Active,1064.83
C007994,Mekhala Sachar,Premium,Amravati,Meghalaya,India,2025-11-14,Active,6633.76
C007995,Gaurav Korpal,Enterprise,Kamarhati,Uttar Pradesh,India,2026-01-19,Active,8973.08
C007996,Lohit Patel,Standard,Salem,Arunachal Pradesh,India,2023-08-28,Active,7495.71
C007997,Girindra Bajwa,Standard,Thoothukudi,Himachal Pradesh,India,2025-08-15,Active,14960.72
C007998,Timothy Contractor,Premium,Arrah,West Bengal,India,2023-10-08,Active,20878.62
C007999,Kashish Dugal,Standard,Dibrugarh,Andhra Pradesh,India,2024-01-25,Active,5764.97
C008000,Oeshi Murthy,Standard,Bhalswa Jahangir Pur,Goa,India,2026-01-25,Active,10838.1
C008001,Yashodhara Anne,Standard,Madhyamgram,Tamil Nadu,India,2023-10-19,Active,13857.67
C008002,Nilima Chauhan,Standard,Thane,Nagaland,India,2025-03-10,Active,7628.8
C008003,Jagdish Lala,Standard,Kota,Gujarat,India,2025-11-13,Active,7171.98
C008004,Januja Kant,Standard,New Delhi,Himachal Pradesh,India,2025-06-12,Active,15498.21
C008005,Anthony Sathe,Premium,Eluru,Andhra Pradesh,India,2025-07-16,Active,9527.64
C008006,Chatresh Dube,Standard,Belgaum,Sikkim,India,2024-04-17,Active,7923.92
C008007,Pranav Sundaram,Standard,Udupi,West Bengal,India,2024-04-10,Active,14940.17
C008008,Xavier Bhatt,Standard,Kishanganj,Uttar Pradesh,India,2024-01-07,Active,14888.05
C008009,Nisha De,Enterprise,Bareilly,Goa,India,2025-11-21,Active,5367.66
C008010,Nikita Chander,Standard,Faridabad,West Bengal,India,2024-07-22,Active,1809.33
C008011,Samarth Grewal,Standard,Khandwa,Gujarat,India,2024-04-10,Active,9921.0
C008012,Siddharth Menon,Premium,Morbi,Bihar,India,2024-09-02,Active,1454.87
C008013,Charvi Desai,Standard,Bhilai,Assam,India,2025-09-17,Active,1105.05
C008014,Triveni Gade,Premium,Ramagundam,Bihar,India,2025-04-21,Active,4694.06
C008015,Anthony Sami,Standard,Akola,Assam,India,2025-09-29,Active,2641.6
C008016,Eta Munshi,Standard,Hyderabad,Haryana,India,2025-06-19,Active,6058.5
C008017,Upadhriti Date,Standard,Bhiwani,Chhattisgarh,India,2024-02-13,Active,6809.84
C008018,Gavin Grover,Enterprise,Nizamabad,Telangana,India,2024-09-01,Active,7629.49
C008019,Shaurya Bajaj,Standard,Varanasi,Goa,India,2024-11-25,Active,9435.38
C008020,Saumya Dhar,Premium,Berhampore,Kerala,India,2023-11-23,Active,7612.47
C008021,Hredhaan Mitter,Standard,Patiala,Bihar,India,2025-06-16,Active,7642.78
C008022,Turvi Dash,Premium,Farrukhabad,Maharashtra,India,2023-10-31,Active,12460.78
C008023,Vritti Ratti,Standard,Latur,Nagaland,India,2023-07-04,Active,13226.24
C008024,Sanya Mandal,Standard,Siliguri,Telangana,India,2025-08-10,Active,11081.28
C008025,Eta Bail,Enterprise,Faridabad,Rajasthan,India,2023-09-21,Active,9065.17
C008026,Nimrat Saxena,Premium,Jammu,Tripura,India,2024-08-18,Active,8910.86
C008027,Umang Swaminathan,Standard,Miryalaguda,Chhattisgarh,India,2025-07-07,Active,17662.86
C008028,Ekani Jani,Premium,Dewas,Uttar Pradesh,India,2024-05-16,Active,7008.46
C008029,Samar Nath,Premium,Rourkela,Chhattisgarh,India,2024-02-08,Active,4771.76
C008030,Ekbal Madan,Standard,Ozhukarai,Tripura,India,2025-10-19,Active,3847.17
C008031,Indira Jain,Standard,Tiruchirappalli,Madhya Pradesh,India,2024-01-20,Active,15569.07
C008032,Upadhriti Sem,Standard,Ajmer,Karnataka,India,2024-03-07,Active,4935.61
C008033,Imaran Rattan,Standard,Kakinada,Madhya Pradesh,India,2023-08-23,Active,9242.01
C008034,Qadim Dugar,Standard,Kumbakonam,Bihar,India,2025-07-22,Active,14852.5
C008035,Chatresh Aurora,Standard,Dibrugarh,Nagaland,India,2024-10-19,Active,9556.4
C008036,Bhanumati Sankaran,Standard,Bardhaman,Punjab,India,2024-11-03,Active,7353.69
C008037,Nimrat Sem,Enterprise,Hazaribagh,Manipur,India,2026-02-27,Active,10921.1
C008038,Hitesh Thaman,Premium,Rajkot,Assam,India,2023-10-01,Active,5292.98
C008039,Barkha Sidhu,Premium,Ambattur,Himachal Pradesh,India,2025-03-18,Active,14233.16
C008040,Gaurav Anne,Premium,Warangal,Tripura,India,2023-08-18,Active,19467.61
C008041,Rajeshri Soni,Standard,Meerut,Nagaland,India,2025-10-15,Active,11716.15
C008042,Yatin Mahajan,Standard,Akola,Telangana,India,2024-06-16,Active,10656.17
C008043,Michael Ranganathan,Enterprise,Aurangabad,Meghalaya,India,2025-11-06,Active,9870.51
C008044,Kabir Sethi,Premium,Mirzapur,Madhya Pradesh,India,2023-12-27,Active,3497.8
C008045,Abhimanyu Setty,Standard,Jehanabad,Maharashtra,India,2025-06-15,Active,7323.19
C008046,Nicholas Kulkarni,Standard,Salem,Uttar Pradesh,India,2026-02-24,Active,6884.52
C008047,Chandran Mitter,Standard,Tezpur,Andhra Pradesh,India,2026-03-29,Active,8861.85
C008048,Balhaar Khurana,Standard,Dhule,Rajasthan,India,2025-02-06,Active,4491.42
C008049,Chakradhar Choudhry,Enterprise,Jamshedpur,Mizoram,India,2025-08-10,Inactive,17580.93
C008050,Jacob Vala,Premium,Kolhapur,Madhya Pradesh,India,2023-11-25,Active,7566.6
C008051,Qabil Chadha,Standard,Tenali,Assam,India,2024-06-11,Active,6614.46
C008052,Benjamin Amble,Standard,Asansol,Meghalaya,India,2026-06-17,Active,15284.41
C008053,Bachittar Parmar,Standard,Bahraich,Manipur,India,2025-07-28,Inactive,3892.41
C008054,Jagdish Bakshi,Premium,Singrauli,Bihar,India,2025-12-29,Active,24995.79
C008055,Manan Kadakia,Standard,Haldia,Goa,India,2025-04-08,Active,7780.32
C008056,Ikshita Bala,Standard,Barasat,Gujarat,India,2024-08-30,Active,13553.87
C008057,Bimala Buch,Enterprise,Bangalore,Telangana,India,2024-12-08,Active,8783.36
C008058,Pushti Dhar,Enterprise,Ongole,Arunachal Pradesh,India,2025-01-18,Active,4244.11
C008059,Ati Saran,Standard,Jaunpur,Uttar Pradesh,India,2024-10-22,Active,17641.45
C008060,Gaurika Wali,Standard,Delhi,Arunachal Pradesh,India,2025-05-24,Inactive,15467.15
C008061,Jeet Madan,Premium,Pali,Jharkhand,India,2024-09-22,Active,14004.07
C008062,Unnati Yogi,Enterprise,Madurai,Tripura,India,2026-05-23,Active,5981.87
C008063,Ishani Mannan,Standard,Rampur,Mizoram,India,2025-07-11,Active,7177.69
C008064,Vamakshi Shroff,Standard,Jalgaon,Uttarakhand,India,2024-05-16,Active,13396.49
C008065,Jagat Dalal,Standard,Bijapur,Himachal Pradesh,India,2024-03-20,Active,13952.6
C008066,Aarav Bawa,Enterprise,Tiruchirappalli,Andhra Pradesh,India,2025-04-07,Active,11454.3
C008067,Tanveer Agate,Enterprise,Vellore,Rajasthan,India,2024-04-16,Active,11047.91
C008068,Yochana Tiwari,Premium,Kamarhati,Tamil Nadu,India,2025-11-27,Active,17485.04
C008069,Vyanjana Swaminathan,Premium,Salem,Andhra Pradesh,India,2025-06-11,Active,11967.06
C008070,Onkar Sama,Premium,Ballia,Madhya Pradesh,India,2026-06-21,Active,10642.32
C008071,Harini Padmanabhan,Standard,Tadepalligudem,Mizoram,India,2023-10-25,Active,5242.12
C008072,Advaith Wali,Enterprise,Tiruchirappalli,Jharkhand,India,2024-06-05,Inactive,14426.53
C008073,Janani Mohanty,Standard,Begusarai,Punjab,India,2024-02-21,Active,7908.11
C008074,Yashoda Kant,Premium,Panipat,Odisha,India,2026-04-21,Active,22654.6
C008075,Ekani Menon,Standard,Bijapur,Assam,India,2025-04-10,Active,9186.3
C008076,Benjamin Bobal,Standard,Rajahmundry,Maharashtra,India,2024-11-29,Active,7749.91
C008077,Aahana Narayan,Standard,Rohtak,Himachal Pradesh,India,2025-09-29,Active,15085.26
C008078,Ekani Agate,Standard,Secunderabad,Karnataka,India,2023-11-04,Active,12354.56
C008079,Pavani Chander,Premium,Hospet,Tamil Nadu,India,2025-11-19,Active,10747.94
C008080,Yamini Dora,Standard,Malda,Mizoram,India,2026-03-08,Active,9280.7
C008081,Barkha Merchant,Enterprise,Unnao,Himachal Pradesh,India,2023-09-20,Active,8888.94
C008082,Amrita Prasad,Standard,Ludhiana,Gujarat,India,2024-09-14,Active,9877.58
C008083,Arunima Sahota,Enterprise,Kolhapur,Telangana,India,2026-05-18,Active,7773.55
C008084,Chakradev Chacko,Enterprise,Tiruppur,Himachal Pradesh,India,2024-04-03,Active,6322.36
C008085,Manya Naidu,Premium,Kollam,Jharkhand,India,2025-03-20,Active,13883.3
C008086,Vedant Nath,Premium,Aizawl,Arunachal Pradesh,India,2024-06-24,Active,16387.67
C008087,Yashasvi Ranganathan,Standard,Chinsurah,Assam,India,2025-04-16,Active,10174.44
C008088,Warinder Konda,Standard,Sangli-Miraj & Kupwad,Himachal Pradesh,India,2026-05-04,Active,4066.65
C008089,Raghav Sathe,Standard,Raebareli,West Bengal,India,2026-05-13,Active,5968.54
C008090,Kala Koshy,Standard,Aligarh,Madhya Pradesh,India,2024-05-31,Active,9315.15
C008091,Lavanya Kaur,Standard,Raiganj,Arunachal Pradesh,India,2023-12-07,Active,18280.43
C008092,Wakeeta Raval,Premium,Muzaffarnagar,Assam,India,2024-04-27,Active,4554.35
C008093,Abeer Buch,Standard,Raipur,Nagaland,India,2023-11-23,Active,9249.43
C008094,Kamya Varma,Standard,Kulti,Arunachal Pradesh,India,2023-07-07,Active,7305.75
C008095,Qushi Butala,Standard,Bhilwara,Bihar,India,2024-05-14,Active,5665.63
C008096,Jacob Rege,Premium,Barasat,Gujarat,India,2025-01-12,Active,13276.67
C008097,Harshil Badami,Standard,Aligarh,Jharkhand,India,2024-05-07,Active,11988.99
C008098,Sanaya Chandra,Standard,Gwalior,Jharkhand,India,2026-01-02,Active,14134.82
C008099,Jacob Sampath,Standard,Bellary,Meghalaya,India,2026-05-09,Active,14034.54
C008100,Ijaya Natarajan,Standard,Jamnagar,Telangana,India,2024-06-12,Active,12891.52
C008101,Aishani Deo,Premium,Udupi,Manipur,India,2024-10-07,Active,2040.96
C008102,Shivansh Sawhney,Standard,Machilipatnam,Andhra Pradesh,India,2025-06-11,Active,9028.41
C008103,Ijaya Sandal,Premium,Meerut,Nagaland,India,2023-11-08,Active,5154.04
C008104,Pranit Soni,Standard,Erode,Bihar,India,2026-01-03,Inactive,2910.33
C008105,Nandini Ben,Premium,Ulhasnagar,Assam,India,2025-07-24,Active,20069.8
C008106,Ayushman Goel,Standard,Agra,West Bengal,India,2025-01-21,Inactive,11481.91
C008107,Rushil Balakrishnan,Standard,Guna,Kerala,India,2024-05-26,Active,2499.86
C008108,Om Choudhury,Enterprise,Muzaffarpur,Maharashtra,India,2024-03-05,Active,23395.85
C008109,Libni Tandon,Standard,Ghaziabad,Karnataka,India,2026-03-09,Active,11124.46
C008110,Azad Goswami,Standard,Machilipatnam,Meghalaya,India,2026-04-23,Active,16337.22
C008111,Upasna Zacharia,Standard,Tadipatri,Maharashtra,India,2023-09-13,Active,7289.95
C008112,Prisha Ratti,Premium,Mau,Tripura,India,2025-04-04,Active,9594.23
C008113,Reva Aurora,Standard,Faridabad,Maharashtra,India,2024-12-26,Active,7735.28
C008114,Ishaan Bora,Standard,Sikar,Assam,India,2025-03-24,Active,14797.04
C008115,Chatura Mammen,Enterprise,Shimoga,Himachal Pradesh,India,2023-07-03,Active,5264.56
C008116,Samarth Panchal,Standard,Vijayawada,Uttarakhand,India,2024-10-15,Active,29789.45
C008117,Shivansh Dutta,Premium,Gangtok,Rajasthan,India,2023-10-27,Active,21586.26
C008118,Ishaan Ray,Standard,Tumkur,Haryana,India,2024-09-06,Active,8905.78
C008119,Chakrika Ganesan,Premium,Dhule,West Bengal,India,2026-03-02,Active,9274.55
C008120,Harish Talwar,Enterprise,Munger,Punjab,India,2025-11-01,Active,11755.4
C008121,Rushil Sant,Standard,Bhavnagar,Rajasthan,India,2023-07-13,Inactive,5261.94
C008122,Thomas Dhar,Standard,Kulti,Haryana,India,2024-02-11,Active,2237.63
C008123,Ishaan Pandit,Enterprise,Sri Ganganagar,Uttar Pradesh,India,2023-11-08,Active,5707.07
C008124,Akshay Talwar,Standard,Tinsukia,Assam,India,2025-01-22,Active,7466.13
C008125,Idika Dhar,Premium,Muzaffarpur,Uttarakhand,India,2024-09-23,Active,12384.96
C008126,Frado Ramaswamy,Premium,Aizawl,Uttar Pradesh,India,2026-05-13,Inactive,10479.41
C008127,Lopa Aggarwal,Enterprise,Shivpuri,Kerala,India,2026-05-12,Active,13413.99
C008128,Aadhya Sinha,Enterprise,Giridih,Odisha,India,2025-12-23,Active,7701.01
C008129,Hemang Vala,Enterprise,Berhampur,Maharashtra,India,2026-02-28,Active,5469.21
C008130,Krisha Gola,Standard,Sambhal,Arunachal Pradesh,India,2025-01-22,Active,5596.67
C008131,George Chahal,Standard,Suryapet,Goa,India,2026-04-10,Active,12497.87
C008132,Rajata Raju,Standard,Panihati,Meghalaya,India,2024-11-28,Active,10231.3
C008133,Charvi Banik,Standard,Shahjahanpur,Sikkim,India,2026-02-22,Active,3943.24
C008134,Umang Kant,Standard,Howrah,Odisha,India,2023-10-27,Active,12672.85
C008135,Balendra Choudhary,Enterprise,Adoni,Gujarat,India,2025-11-08,Active,31906.09
C008136,Maanav Chokshi,Standard,Chandigarh,Goa,India,2024-11-22,Active,5077.09
C008137,Tamanna Bains,Standard,Kalyan-Dombivli,Sikkim,India,2024-12-25,Active,6018.65
C008138,Samarth Sami,Enterprise,Arrah,Punjab,India,2024-09-12,Active,7785.13
C008139,Zaid Khare,Premium,Vellore,Jharkhand,India,2023-11-06,Active,14901.68
C008140,Rachit Hayer,Enterprise,Jalandhar,Goa,India,2024-01-17,Inactive,12242.67
C008141,Yahvi Yogi,Standard,Bardhaman,Manipur,India,2024-11-08,Inactive,13563.13
C008142,Neel Hayer,Premium,Shahjahanpur,Bihar,India,2026-06-17,Active,3026.64
C008143,George Khanna,Standard,Thane,Tripura,India,2024-10-27,Active,14143.21
C008144,Karan Sura,Standard,Satara,Tripura,India,2026-06-04,Active,5649.57
C008145,Lila Sanghvi,Standard,Jorhat,Madhya Pradesh,India,2024-06-26,Active,18395.94
C008146,Wriddhish Bhargava,Enterprise,Khammam,Mizoram,India,2024-08-29,Active,7250.52
C008147,Urvi Sami,Premium,Fatehpur,Madhya Pradesh,India,2024-11-06,Active,11202.67
C008148,Nirja Rastogi,Standard,Solapur,Jharkhand,India,2025-07-14,Active,3723.15
C008149,Zashil Kala,Standard,Jhansi,Gujarat,India,2024-09-15,Active,13957.01
C008150,Tanmayi Dara,Standard,Anantapur,Nagaland,India,2025-07-22,Active,5961.91
C008151,Maanav Sura,Standard,Sikar,Andhra Pradesh,India,2025-01-10,Active,11072.54
C008152,Saksham Mangal,Standard,Ozhukarai,Mizoram,India,2025-02-13,Active,12656.14
C008153,Eesha Bal,Standard,Fatehpur,Assam,India,2024-05-02,Active,11255.27
C008154,Ekavir Doshi,Enterprise,Lucknow,Mizoram,India,2024-12-04,Active,14798.0
C008155,Neha Gole,Standard,Malegaon,Assam,India,2026-03-18,Active,4558.06
C008156,Utkarsh Kaul,Standard,Pimpri-Chinchwad,Himachal Pradesh,India,2024-03-09,Active,3912.06
C008157,Zaid Pathak,Standard,Rohtak,Gujarat,India,2025-06-03,Active,2580.16
C008158,Nakul Mallick,Standard,Kollam,Telangana,India,2024-12-04,Active,8855.41
C008159,Yuvraj Wali,Standard,Dharmavaram,Himachal Pradesh,India,2025-06-28,Active,19902.16
C008160,Ubika Mangat,Premium,Nizamabad,Himachal Pradesh,India,2024-03-24,Active,10083.14
C008161,Eshana Nori,Enterprise,Anand,Chhattisgarh,India,2024-12-18,Active,9496.54
C008162,Charles Char,Standard,Bettiah,Himachal Pradesh,India,2024-01-12,Active,8820.44
C008163,Warjas Upadhyay,Standard,Nanded,Chhattisgarh,India,2026-06-10,Active,12405.28
C008164,Dayita Swaminathan,Enterprise,Kavali,Arunachal Pradesh,India,2025-05-10,Active,6091.87
C008165,Wahab Barad,Premium,Gandhinagar,Jharkhand,India,2026-01-12,Active,6187.17
C008166,Nicholas Agate,Premium,Bhilwara,Meghalaya,India,2024-11-07,Active,6355.09
C008167,Devansh Hari,Standard,Panvel,Uttar Pradesh,India,2024-03-14,Active,2132.4
C008168,Zilmil Nazareth,Standard,Aurangabad,Uttarakhand,India,2023-12-08,Active,21963.49
C008169,Arjun Setty,Enterprise,Amroha,Karnataka,India,2023-07-21,Active,1833.95
C008170,Theodore Raj,Standard,Howrah,Arunachal Pradesh,India,2026-05-16,Active,5846.95
C008171,Ubika Dubey,Enterprise,Karnal,Nagaland,India,2024-06-06,Active,18615.65
C008172,Ekta Vora,Standard,Panchkula,Odisha,India,2023-07-29,Active,8613.66
C008173,Ishanvi Dugar,Standard,Ballia,Rajasthan,India,2025-10-30,Active,13259.22
C008174,Mugdha Palla,Standard,Raiganj,Chhattisgarh,India,2024-05-27,Active,21531.83
C008175,Warinder Bala,Standard,Chennai,Karnataka,India,2026-03-02,Active,13809.42
C008176,Ekavir Dhaliwal,Premium,Bellary,Uttar Pradesh,India,2026-03-04,Active,2433.67
C008177,Karan Bhattacharyya,Premium,Aurangabad,Arunachal Pradesh,India,2024-06-18,Active,16624.16
C008178,Amaira Contractor,Premium,Ghaziabad,Manipur,India,2025-06-19,Active,12129.63
C008179,Harinakshi Bhat,Enterprise,Rajpur Sonarpur,Punjab,India,2026-01-08,Active,14068.18
C008180,Mekhala Balasubramanian,Standard,Agartala,Kerala,India,2023-12-11,Active,8200.59
C008181,Aarush Singh,Enterprise,Giridih,Haryana,India,2025-08-15,Active,5756.25
C008182,Amol Puri,Premium,Mau,Tripura,India,2023-08-19,Active,13745.3
C008183,Lavanya Borah,Standard,Farrukhabad,Himachal Pradesh,India,2024-07-19,Active,20535.93
C008184,Ayaan Kurian,Premium,Begusarai,Telangana,India,2025-12-02,Active,4617.8
C008185,Dakshesh Mutti,Standard,Mumbai,Himachal Pradesh,India,2023-10-04,Active,13446.61
C008186,Charvi Das,Standard,Bhilai,Arunachal Pradesh,India,2023-09-17,Active,6136.06
C008187,Nilima Bedi,Standard,Bhalswa Jahangir Pur,Madhya Pradesh,India,2025-08-21,Active,10131.06
C008188,Veda Sen,Standard,Bahraich,Manipur,India,2023-11-26,Active,14776.65
C008189,Nathaniel Kadakia,Standard,Mango,Tripura,India,2025-04-16,Inactive,13189.25
C008190,Unni Kannan,Enterprise,Phagwara,Madhya Pradesh,India,2025-05-29,Active,6636.93
C008191,Nimrat Aggarwal,Standard,Shivpuri,Telangana,India,2025-03-31,Active,9748.15
C008192,Mahika Mahajan,Standard,Ratlam,Meghalaya,India,2026-03-06,Active,8444.44
C008193,Andrew Bakshi,Premium,Akola,Jharkhand,India,2024-06-28,Active,8405.33
C008194,Ronith Ravel,Enterprise,Kottayam,Rajasthan,India,2025-07-26,Active,6620.39
C008195,Indali Sem,Standard,Jalandhar,West Bengal,India,2025-12-13,Active,7382.3
C008196,Chaitaly Som,Standard,Amaravati,Goa,India,2025-05-06,Active,6383.01
C008197,Nikita Thaker,Standard,Vadodara,Odisha,India,2023-12-19,Active,9023.47
C008198,Ayushman Chaudhary,Standard,Thanjavur,Jharkhand,India,2025-03-14,Active,12346.5
C008199,Advay Bala,Premium,Sultan Pur Majra,Gujarat,India,2023-12-27,Active,19499.39
C008200,Osha Saini,Standard,Kirari Suleman Nagar,Kerala,India,2023-07-21,Active,11850.78
C008201,Warinder Kaur,Standard,Purnia,Kerala,India,2024-10-07,Active,5459.02
C008202,Unni Bath,Premium,Bally,Haryana,India,2023-10-15,Active,9974.4
C008203,Ayush Srivastava,Premium,Amritsar,Punjab,India,2025-11-30,Active,7070.21
C008204,Kashish Baral,Standard,Chittoor,Tripura,India,2024-10-01,Active,13091.7
C008205,Mekhala Saran,Standard,Ghaziabad,Sikkim,India,2025-12-13,Active,11820.76
C008206,Chakradhar Pant,Standard,Srikakulam,Assam,India,2025-12-09,Active,29790.51
C008207,Ethan Bakshi,Standard,Bharatpur,Meghalaya,India,2025-12-07,Active,11567.09
C008208,Pooja Sharma,Standard,Jalna,Andhra Pradesh,India,2025-05-12,Active,7726.99
C008209,Samesh Gour,Enterprise,Adoni,West Bengal,India,2026-03-10,Active,3643.94
C008210,Praneel Johal,Premium,Tezpur,Tamil Nadu,India,2025-09-20,Active,12711.61
C008211,Nirja Kant,Standard,Alwar,Tripura,India,2025-02-20,Active,3439.44
C008212,Girik Sawhney,Standard,Akola,Madhya Pradesh,India,2023-12-10,Active,16198.45
C008213,Ranbir Ganesh,Standard,Latur,Andhra Pradesh,India,2023-12-23,Active,6689.18
C008214,Garima Sibal,Standard,Thrissur,Maharashtra,India,2025-07-18,Active,4250.67
C008215,Samar Pillay,Premium,Nizamabad,Mizoram,India,2024-08-11,Active,13631.17
C008216,Kashvi Palla,Standard,Kharagpur,Uttar Pradesh,India,2025-06-22,Active,20724.08
C008217,Devika Dave,Enterprise,Hubli–Dharwad,West Bengal,India,2025-12-01,Active,15438.17
C008218,Janani Sant,Premium,Ratlam,Rajasthan,India,2023-10-02,Active,8297.95
C008219,Andrew Jain,Standard,Saharsa,Bihar,India,2023-08-15,Active,23852.78
C008220,Viraj Wali,Premium,Bhopal,Mizoram,India,2025-04-05,Active,9432.66
C008221,Bhanumati Mitter,Standard,Bahraich,Rajasthan,India,2024-09-28,Active,1394.23
C008222,Sneha Chhabra,Enterprise,Rajpur Sonarpur,Nagaland,India,2024-04-22,Active,3276.26
C008223,Warjas Tella,Standard,Jabalpur,Mizoram,India,2025-12-15,Active,4004.98
C008224,Wridesh Yogi,Standard,Katihar,Mizoram,India,2025-02-25,Active,12353.64
C008225,Sathvik Nazareth,Standard,Loni,Tripura,India,2023-11-10,Active,2803.39
C008226,Brinda Shanker,Premium,Sultan Pur Majra,Mizoram,India,2023-08-19,Active,4690.98
C008227,Radha Kashyap,Standard,Erode,Nagaland,India,2024-05-20,Active,11310.65
C008228,Qadim Choudhary,Premium,Chinsurah,Assam,India,2023-09-26,Active,11541.41
C008229,Anita Dugar,Premium,Pondicherry,Uttar Pradesh,India,2023-07-07,Active,9447.92
C008230,Sanaya Upadhyay,Premium,Jabalpur,Gujarat,India,2025-10-18,Active,8363.96
C008231,Daksh Thakkar,Enterprise,Arrah,Haryana,India,2025-01-19,Active,3107.05
C008232,Yash Shan,Premium,Thiruvananthapuram,Arunachal Pradesh,India,2023-10-04,Inactive,13785.81
C008233,Rushil Chahal,Standard,Mira-Bhayandar,Meghalaya,India,2024-01-04,Active,3198.13
C008234,Yutika Balay,Standard,Shimoga,Haryana,India,2025-11-14,Active,9312.22
C008235,Umang Sura,Standard,Durgapur,Chhattisgarh,India,2023-08-26,Active,10127.9
C008236,Aarush Kohli,Enterprise,Nizamabad,Karnataka,India,2024-03-25,Active,5438.45
C008237,Riya Agrawal,Premium,Bulandshahr,West Bengal,India,2026-02-06,Active,9789.66
C008238,Ganga Chopra,Standard,Thane,Jharkhand,India,2024-08-14,Active,6919.93
C008239,Anusha Mutti,Enterprise,Nandyal,Sikkim,India,2024-10-31,Active,7054.46
C008240,Farhan Seth,Standard,Vijayawada,Himachal Pradesh,India,2025-06-25,Active,4483.7
C008241,Charvi Chhabra,Premium,Guntur,Haryana,India,2024-06-17,Active,9870.35
C008242,Dalaja Goswami,Premium,Tumkur,Manipur,India,2025-03-24,Active,6210.14
C008243,Gauri Lal,Standard,Sangli-Miraj & Kupwad,Bihar,India,2024-08-03,Active,6696.14
C008244,Chanchal Contractor,Enterprise,Kharagpur,Gujarat,India,2024-04-30,Active,4327.57
C008245,Saumya Tailor,Premium,Moradabad,Maharashtra,India,2023-08-05,Active,14679.17
C008246,Sarthak Salvi,Premium,Chennai,Uttarakhand,India,2024-03-28,Active,12766.89
C008247,Nikita Banerjee,Premium,Fatehpur,West Bengal,India,2024-06-05,Active,31091.42
C008248,Vrishti Handa,Standard,Panipat,Madhya Pradesh,India,2024-12-03,Active,15176.27
C008249,Yashodhara Manne,Premium,Jhansi,Manipur,India,2025-08-25,Active,14493.23
C008250,Sneha Sarraf,Standard,Satara,Manipur,India,2024-07-28,Active,6970.89
C008251,Ethan Tella,Standard,Pondicherry,Bihar,India,2024-07-31,Active,14876.67
C008252,Krish Rajagopal,Premium,Korba,Himachal Pradesh,India,2025-12-17,Active,12851.84
C008253,Harrison Yogi,Standard,Maheshtala,Uttarakhand,India,2025-07-04,Active,13687.92
C008254,Fitan Jhaveri,Standard,Udupi,Arunachal Pradesh,India,2024-11-15,Active,9189.96
C008255,Unni Chandra,Premium,Serampore,Mizoram,India,2023-12-02,Active,9683.39
C008256,Tanish Karpe,Standard,Ozhukarai,Haryana,India,2024-03-15,Active,8779.56
C008257,William Agarwal,Premium,Ozhukarai,Chhattisgarh,India,2026-06-14,Inactive,23800.92
C008258,Atharv Badami,Enterprise,Sri Ganganagar,Assam,India,2023-09-20,Active,7858.94
C008259,Wishi Balay,Standard,Agartala,Manipur,India,2025-05-17,Active,8288.8
C008260,Dalbir Singhal,Standard,Rampur,Uttar Pradesh,India,2025-04-05,Active,5300.21
C008261,Anika Mitra,Standard,Bardhaman,Rajasthan,India,2025-04-10,Active,13189.19
C008262,Jackson Rattan,Premium,Aurangabad,Bihar,India,2024-10-05,Active,8145.91
C008263,Tamanna Dua,Standard,Moradabad,Jharkhand,India,2024-07-28,Active,8025.97
C008264,Vasana Goyal,Standard,Madhyamgram,Himachal Pradesh,India,2023-07-30,Active,7810.24
C008265,Jagrati Setty,Standard,Raiganj,Assam,India,2024-09-08,Active,4474.21
C008266,Nidra Dube,Premium,Gandhinagar,Sikkim,India,2024-04-08,Active,4421.81
C008267,Saumya Varkey,Standard,Hubli–Dharwad,Manipur,India,2023-12-21,Active,11900.65
C008268,Rajata Dhawan,Enterprise,Nangloi Jat,Mizoram,India,2025-06-23,Active,4080.24
C008269,Saumya Dutta,Premium,Chapra,Andhra Pradesh,India,2023-12-17,Inactive,6530.01
C008270,Simon Hayre,Enterprise,Bhiwani,Karnataka,India,2023-10-01,Active,11886.29
C008271,Ganga Dugar,Standard,Gandhidham,Assam,India,2026-01-17,Active,8769.34
C008272,Rushil Kashyap,Standard,Alwar,Madhya Pradesh,India,2024-11-12,Active,4597.42
C008273,Harshil Balasubramanian,Enterprise,Bihar Sharif,Tripura,India,2025-10-20,Active,12599.53
C008274,Urvi Varghese,Standard,Durgapur,Madhya Pradesh,India,2025-07-29,Active,12788.35
C008275,Banjeet Sandhu,Standard,Machilipatnam,Rajasthan,India,2025-11-05,Active,5506.76
C008276,Kamala Prakash,Standard,Dindigul,Uttar Pradesh,India,2024-11-16,Active,4347.49
C008277,Rudra Parmar,Standard,Muzaffarnagar,Bihar,India,2024-06-19,Inactive,5152.4
C008278,Balveer Chhabra,Enterprise,Begusarai,Uttarakhand,India,2025-11-19,Active,3860.47
C008279,Darika Mitra,Standard,Uluberia,Sikkim,India,2023-10-14,Active,9788.71
C008280,Max Sahota,Premium,Panchkula,Karnataka,India,2023-09-06,Active,6593.72
C008281,Ishwar Chahal,Enterprise,Varanasi,Arunachal Pradesh,India,2024-12-27,Active,13376.16
C008282,Samar Narain,Premium,Mumbai,Chhattisgarh,India,2023-07-06,Active,18178.67
C008283,Dev Parsa,Enterprise,Ghaziabad,Karnataka,India,2025-07-20,Active,12045.53
C008284,Warjas Deol,Enterprise,Khandwa,Telangana,India,2023-12-21,Active,10877.7
C008285,Advik Loke,Standard,Bhalswa Jahangir Pur,Nagaland,India,2024-02-09,Active,12595.11
C008286,Radhika Luthra,Standard,Kanpur,Haryana,India,2024-02-06,Active,10667.97
C008287,Panini Hari,Premium,Nagercoil,Maharashtra,India,2024-05-03,Inactive,5741.62
C008288,Hardik Bail,Premium,Yamunanagar,Arunachal Pradesh,India,2024-05-17,Active,9819.14
C008289,Dev Dhaliwal,Standard,Morena,Assam,India,2025-05-14,Active,7471.91
C008290,Januja Butala,Standard,Rohtak,Kerala,India,2023-12-04,Active,18155.02
C008291,Kavya Balay,Standard,Darbhanga,Jharkhand,India,2025-04-19,Active,8823.67
C008292,Saumya Minhas,Standard,Tiruchirappalli,Assam,India,2024-04-20,Active,12026.74
C008293,Pavani Pradhan,Standard,Sonipat,Mizoram,India,2023-08-06,Active,18306.86
C008294,Girindra Mangal,Standard,Ratlam,Nagaland,India,2024-09-13,Active,6234.63
C008295,Hardik Date,Standard,Raipur,Haryana,India,2024-11-10,Active,4534.43
C008296,Qadim Kala,Standard,Junagadh,Jharkhand,India,2026-03-07,Active,12551.94
C008297,Lucky Shenoy,Standard,Shahjahanpur,Sikkim,India,2025-09-07,Inactive,6211.31
C008298,David Nori,Enterprise,Vadodara,West Bengal,India,2026-05-24,Active,3410.63
C008299,Thomas Tata,Standard,Sambhal,Himachal Pradesh,India,2024-09-06,Active,3580.62
C008300,Saanvi Malhotra,Standard,Delhi,Uttar Pradesh,India,2024-05-31,Active,17008.0
C008301,Tara Narula,Premium,Jabalpur,Tamil Nadu,India,2025-06-26,Active,11233.2
C008302,Adya Bhakta,Premium,Jammu,Chhattisgarh,India,2025-03-20,Inactive,11921.81
C008303,Kritika Bala,Enterprise,Moradabad,Tamil Nadu,India,2024-05-19,Active,8387.28
C008304,Wahab Goel,Premium,Karaikudi,Andhra Pradesh,India,2025-09-06,Active,8633.66
C008305,Nirja Rajagopalan,Standard,Bhalswa Jahangir Pur,Andhra Pradesh,India,2026-06-09,Active,4909.12
C008306,Shivani Mandal,Standard,Purnia,Maharashtra,India,2024-10-03,Active,12567.66
C008307,Charan Issac,Standard,Barasat,Manipur,India,2025-06-03,Active,7273.44
C008308,Krishna Kaur,Standard,Guwahati,Manipur,India,2024-04-21,Active,8130.32
C008309,Kalpit Master,Standard,Dehradun,Rajasthan,India,2025-09-30,Active,5693.21
C008310,Lucky Behl,Standard,Tiruchirappalli,Tamil Nadu,India,2025-10-20,Active,13783.48
C008311,Charan Goda,Standard,Visakhapatnam,Assam,India,2024-07-16,Active,9283.13
C008312,Fariq Shere,Standard,Bhiwani,Kerala,India,2024-01-04,Active,6813.42
C008313,Kritika Menon,Standard,Hubli–Dharwad,Rajasthan,India,2025-09-01,Active,6006.6
C008314,Gaurangi Narula,Standard,Howrah,Telangana,India,2024-12-18,Active,4922.4
C008315,Naksh Bhat,Premium,Aurangabad,Arunachal Pradesh,India,2025-01-27,Active,5796.26
C008316,Elijah Wagle,Standard,Amaravati,West Bengal,India,2025-06-12,Active,8950.29
C008317,Kamala Natt,Standard,Cuttack,Himachal Pradesh,India,2023-11-24,Active,8201.53
C008318,Chandani Mandal,Standard,Panihati,Tamil Nadu,India,2025-01-28,Active,13354.56
C008319,Abha Kara,Premium,Vijayawada,Bihar,India,2025-01-07,Active,6542.64
C008320,Eta Prabhu,Standard,Siwan,Goa,India,2025-08-20,Active,15848.09
C008321,Bakhshi Chander,Standard,Sambalpur,Arunachal Pradesh,India,2025-07-22,Active,18283.31
C008322,Simon Pillai,Premium,Rohtak,Haryana,India,2023-08-19,Active,13902.0
C008323,Anvi Sidhu,Standard,Phusro,Bihar,India,2024-07-03,Active,11730.12
C008324,Lekha Sahota,Standard,Ambala,Tamil Nadu,India,2023-08-22,Active,1939.62
C008325,Abdul Borra,Standard,Morena,Maharashtra,India,2023-07-12,Active,9463.87
C008326,Yadavi Rai,Standard,Naihati,Mizoram,India,2025-02-14,Active,5779.31
C008327,Falan Dhaliwal,Standard,Nizamabad,Assam,India,2023-06-29,Active,13352.75
C008328,Harsh Rana,Standard,South Dumdum,Haryana,India,2024-10-27,Active,13761.62
C008329,Dayamai Natarajan,Premium,Nangloi Jat,Odisha,India,2024-06-11,Active,10171.26
C008330,Peter Nair,Standard,Deoghar,Haryana,India,2026-01-04,Active,17340.96
C008331,Aadhya Chandra,Standard,Morena,Tripura,India,2025-05-18,Active,3186.77
C008332,Samuel Sankar,Standard,Deoghar,Meghalaya,India,2025-04-14,Active,15868.42
C008333,Wahab Khosla,Standard,Karnal,Punjab,India,2025-12-08,Active,14238.43
C008334,Bishakha Sehgal,Enterprise,Madurai,Punjab,India,2026-01-21,Active,10623.28
C008335,Advaith Kumer,Standard,Raurkela Industrial Township,Himachal Pradesh,India,2023-06-26,Active,8733.65
C008336,Jai Wason,Standard,Guwahati,Andhra Pradesh,India,2024-05-14,Inactive,7226.34
C008337,Simon Chandran,Premium,Tiruppur,Arunachal Pradesh,India,2024-05-18,Active,12457.01
C008338,Girik Wali,Premium,Bhalswa Jahangir Pur,Jharkhand,India,2024-07-01,Active,14068.23
C008339,Saumya Shah,Enterprise,Deoghar,Punjab,India,2023-12-07,Active,10992.02
C008340,Zarna Sodhi,Standard,Nangloi Jat,Arunachal Pradesh,India,2024-07-20,Active,7771.15
C008341,Anya Murty,Premium,Nagercoil,West Bengal,India,2025-05-31,Active,4490.58
C008342,Varenya Wadhwa,Standard,Panihati,Andhra Pradesh,India,2025-07-23,Active,5955.58
C008343,Faraj Khalsa,Standard,Gangtok,Maharashtra,India,2025-07-24,Active,24354.14
C008344,Aarav Loyal,Standard,Ulhasnagar,Telangana,India,2025-05-28,Active,15022.1
C008345,Parth Patil,Standard,Phagwara,Gujarat,India,2024-09-19,Active,6376.43
C008346,Tanish Mallick,Standard,Kota,Uttarakhand,India,2025-06-12,Active,5324.21
C008347,Ayaan Munshi,Standard,Haridwar,Jharkhand,India,2025-02-20,Active,13113.13
C008348,Chandran Saraf,Standard,Asansol,Tamil Nadu,India,2026-01-04,Active,14440.64
C008349,Lavanya Raj,Standard,Mathura,Nagaland,India,2025-04-15,Active,6148.74
C008350,Ubika Nayak,Standard,Mahbubnagar,Assam,India,2023-09-11,Active,14767.0
C008351,Akshay Anand,Standard,Gurgaon,Uttar Pradesh,India,2024-07-19,Active,8232.88
C008352,Jai Naidu,Premium,Tirupati,Nagaland,India,2025-03-22,Active,10933.39
C008353,Vritti Uppal,Standard,Cuttack,Goa,India,2025-07-24,Active,7460.01
C008354,Sudiksha Ghose,Standard,Raebareli,Jharkhand,India,2025-03-05,Active,8313.0
C008355,Atharv Puri,Standard,Burhanpur,Madhya Pradesh,India,2025-04-11,Active,15320.6
C008356,Rishi Shroff,Standard,Silchar,Nagaland,India,2026-05-28,Active,6111.41
C008357,Naksh Barad,Standard,Lucknow,Punjab,India,2025-10-18,Active,5018.12
C008358,David Bobal,Standard,Farrukhabad,Karnataka,India,2024-08-14,Active,10641.87
C008359,Chatresh Tella,Premium,Munger,Bihar,India,2024-07-07,Active,11898.31
C008360,Yochana Barad,Premium,Gorakhpur,Mizoram,India,2025-04-13,Active,4202.8
C008361,Tanmayi Mital,Standard,Sultan Pur Majra,Jharkhand,India,2024-06-04,Active,12049.97
C008362,Panini Bora,Enterprise,Pune,Gujarat,India,2023-07-07,Active,7667.71
C008363,Abha Date,Standard,Nashik,Maharashtra,India,2024-02-01,Active,5548.87
C008364,Raksha Kale,Premium,Belgaum,Meghalaya,India,2023-09-18,Active,4447.52
C008365,Tarak Grover,Standard,Amritsar,Arunachal Pradesh,India,2025-04-03,Active,8199.01
C008366,Isaac Devi,Premium,Kadapa,Maharashtra,India,2024-09-25,Active,11953.87
C008367,Zaid Chad,Standard,Ambarnath,Maharashtra,India,2023-11-24,Active,7630.22
C008368,Jeremiah Wali,Standard,Nagercoil,Punjab,India,2023-08-03,Active,9532.21
C008369,Guneet Dora,Standard,Akola,Arunachal Pradesh,India,2025-08-18,Active,16565.89
C008370,David Bhakta,Enterprise,Amravati,Nagaland,India,2024-11-09,Inactive,5637.89
C008371,Anita Natt,Enterprise,Ahmednagar,Uttar Pradesh,India,2024-06-05,Active,12724.43
C008372,Aadi Balasubramanian,Premium,Tenali,Odisha,India,2025-06-16,Active,6282.69
C008373,Kala Sidhu,Standard,Bhilwara,Andhra Pradesh,India,2026-01-17,Active,7941.99
C008374,Triya Gokhale,Standard,Bijapur,Punjab,India,2025-07-07,Active,12859.52
C008375,Udant Prabhakar,Standard,Asansol,Arunachal Pradesh,India,2023-09-09,Inactive,6545.32
C008376,Orinder Mandal,Standard,Srinagar,Kerala,India,2024-02-25,Inactive,3773.67
C008377,Yasti Dash,Standard,Tirunelveli,Manipur,India,2024-05-30,Active,7543.43
C008378,Eta Sur,Standard,Kota,Bihar,India,2023-10-24,Inactive,9050.51
C008379,Chandresh Divan,Standard,Ichalkaranji,Sikkim,India,2024-02-10,Active,10851.96
C008380,Gautam Majumdar,Standard,Ramgarh,Gujarat,India,2025-02-26,Active,4982.71
C008381,Indali Bora,Standard,Kulti,Karnataka,India,2025-06-17,Active,5971.83
C008382,Sathvik Sathe,Standard,Bhilwara,Karnataka,India,2025-08-16,Active,6487.99
C008383,Maanav Chaudhry,Premium,Visakhapatnam,Goa,India,2025-05-05,Active,5449.06
C008384,Falan Gupta,Premium,Bhiwani,Madhya Pradesh,India,2025-05-13,Active,9940.49
C008385,Amaira Mahajan,Standard,Begusarai,Punjab,India,2024-03-23,Inactive,9466.38
C008386,Omisha Dave,Standard,Guntakal,Nagaland,India,2023-09-08,Active,8131.82
C008387,Adya D’Alia,Standard,Gangtok,Gujarat,India,2024-09-03,Active,12411.18
C008388,Matthew Wadhwa,Standard,Alwar,Andhra Pradesh,India,2023-11-01,Active,6981.72
C008389,Dakshesh Nayak,Standard,Amaravati,Rajasthan,India,2025-05-05,Active,4971.84
C008390,Eshana Bhalla,Premium,Katihar,Mizoram,India,2026-01-14,Active,13429.87
C008391,Hardik Chaudhary,Premium,Bardhaman,Karnataka,India,2024-05-25,Active,9927.77
C008392,Aadi Gopal,Standard,Madurai,Meghalaya,India,2024-08-21,Active,5157.53
C008393,Isha Pradhan,Premium,Vasai-Virar,Bihar,India,2024-02-25,Active,14340.99
C008394,Mitesh Chawla,Standard,Jalgaon,Madhya Pradesh,India,2025-03-04,Active,7656.91
C008395,Gabriel Naidu,Enterprise,Suryapet,Karnataka,India,2024-03-13,Active,23090.18
C008396,Geetika Anand,Standard,Khammam,Sikkim,India,2025-06-05,Active,26385.58
C008397,Tanish Suri,Standard,Tumkur,Himachal Pradesh,India,2024-01-23,Inactive,5571.16
C008398,Wridesh Grover,Enterprise,Saharsa,Kerala,India,2025-09-17,Active,4494.25
C008399,Quincy Babu,Standard,Narasaraopet,Mizoram,India,2023-07-25,Active,6101.81
C008400,Kai Varty,Enterprise,Nangloi Jat,Gujarat,India,2025-11-15,Inactive,9821.87
C008401,Ikshita Jaggi,Enterprise,Ajmer,Rajasthan,India,2025-08-14,Active,16461.76
C008402,Abhimanyu Jhaveri,Standard,Malda,Manipur,India,2024-01-29,Active,16650.06
C008403,Luke Bhalla,Standard,Cuttack,Jharkhand,India,2025-12-21,Inactive,6542.41
C008404,Nakul Krishna,Enterprise,Ratlam,Goa,India,2023-06-30,Active,5780.55
C008405,Jagdish Shere,Premium,Adoni,Karnataka,India,2026-05-30,Active,4732.17
C008406,Bina Dewan,Enterprise,Darbhanga,Haryana,India,2026-03-17,Active,9861.38
C008407,Bhavini Shere,Standard,Mumbai,Tripura,India,2025-11-03,Active,4796.65
C008408,Peter Mitter,Premium,Raiganj,Andhra Pradesh,India,2026-02-13,Active,2457.58
C008409,Omaja Borde,Enterprise,Bhubaneswar,Odisha,India,2025-03-01,Active,10036.62
C008410,Krisha Brar,Standard,Rajpur Sonarpur,Madhya Pradesh,India,2024-05-13,Active,9550.25
C008411,Rachit Randhawa,Premium,Miryalaguda,Meghalaya,India,2023-08-25,Active,4479.44
C008412,Christopher Dey,Enterprise,Bhavnagar,Mizoram,India,2025-02-24,Active,5713.59
C008413,Arin Gokhale,Standard,Rajahmundry,Meghalaya,India,2026-04-26,Active,17455.65
C008414,Yashvi Sant,Standard,Kirari Suleman Nagar,Uttar Pradesh,India,2025-07-08,Inactive,17834.2
C008415,Udyati Swaminathan,Premium,Ranchi,West Bengal,India,2025-04-18,Active,17056.08
C008416,Farhan Sen,Standard,Vellore,Arunachal Pradesh,India,2025-09-20,Active,4080.71
C008417,Hemani Jain,Premium,Unnao,Himachal Pradesh,India,2023-11-06,Active,11734.63
C008418,Gautami Kale,Standard,Tiruppur,Goa,India,2024-03-23,Active,5929.22
C008419,Arin Bedi,Premium,Bulandshahr,Rajasthan,India,2024-09-30,Active,4631.99
C008420,Anthony More,Standard,Pallavaram,Kerala,India,2024-07-16,Active,10976.94
C008421,Ganga Sama,Enterprise,Jammu,Haryana,India,2025-05-15,Active,8657.08
C008422,Chanakya Chanda,Premium,Berhampore,Goa,India,2023-07-20,Inactive,7480.67
C008423,Zayan Nadig,Standard,Uluberia,Goa,India,2024-10-16,Active,2841.81
C008424,Yashodhara Rai,Enterprise,Kalyan-Dombivli,Odisha,India,2024-03-21,Active,9896.61
C008425,Siya Bhatnagar,Standard,Rampur,Haryana,India,2024-01-14,Active,32486.9
C008426,Jalsa Patil,Standard,Nizamabad,Arunachal Pradesh,India,2025-01-16,Active,14027.37
C008427,Darpan Savant,Standard,Malegaon,Himachal Pradesh,India,2023-09-11,Active,22123.17
C008428,Bhavya Rana,Standard,Hazaribagh,West Bengal,India,2026-06-21,Inactive,5555.19
C008429,Samar Khatri,Standard,Tiruvottiyur,Uttar Pradesh,India,2023-08-22,Active,7164.78
C008430,Zaitra Warrior,Premium,Aurangabad,Goa,India,2024-07-20,Active,5315.08
C008431,Yasti Butala,Standard,Dibrugarh,Bihar,India,2024-05-02,Active,12006.32
C008432,Bimala Anand,Premium,Ramgarh,Uttar Pradesh,India,2026-03-01,Active,4859.71
C008433,Onkar Dube,Standard,Agartala,Uttar Pradesh,India,2024-10-11,Active,6987.11
C008434,Omaja Wagle,Standard,Sri Ganganagar,Telangana,India,2024-01-08,Active,4402.41
C008435,Isaiah Din,Standard,Jalna,Gujarat,India,2023-08-31,Active,8199.18
C008436,Rajata Sahota,Standard,Kolhapur,Bihar,India,2024-07-26,Active,40628.44
C008437,Geetika Tripathi,Standard,Muzaffarnagar,Meghalaya,India,2023-08-20,Active,9865.21
C008438,Wazir Chad,Enterprise,Karnal,Andhra Pradesh,India,2023-10-25,Active,10871.98
C008439,Upadhriti Doshi,Standard,Nashik,Assam,India,2024-06-20,Active,12955.32
C008440,Nidra Venkataraman,Standard,Ghaziabad,Uttar Pradesh,India,2026-03-28,Active,6840.7
C008441,Faris Rege,Standard,Karimnagar,Sikkim,India,2026-03-14,Active,4353.65
C008442,Arin Thakkar,Premium,Howrah,Telangana,India,2025-02-02,Active,9823.67
C008443,Jasmit Patla,Standard,Tinsukia,Gujarat,India,2026-02-02,Active,14404.05
C008444,Hemani Rout,Standard,Ozhukarai,West Bengal,India,2025-02-08,Active,12027.71
C008445,Bahadurjit Banerjee,Standard,Hospet,Kerala,India,2024-07-29,Active,11423.17
C008446,Leena Sha,Standard,Machilipatnam,Chhattisgarh,India,2023-09-09,Active,10798.59
C008447,Ayushman Patel,Premium,Gangtok,Chhattisgarh,India,2023-12-22,Active,8040.13
C008448,Daksha Tella,Standard,Chittoor,Rajasthan,India,2025-11-29,Inactive,11549.94
C008449,Alexander Dhar,Premium,Giridih,Himachal Pradesh,India,2025-08-26,Active,7648.7
C008450,Diya Gole,Standard,Gopalpur,West Bengal,India,2025-07-26,Active,9830.87
C008451,Lakshmi Hans,Enterprise,Patiala,Mizoram,India,2025-01-04,Active,8568.95
C008452,Gabriel Pillay,Standard,Eluru,Uttarakhand,India,2023-07-09,Active,7469.08
C008453,Hemal Seth,Enterprise,Madanapalle,Rajasthan,India,2023-11-10,Active,9659.37
C008454,Dayita Gokhale,Standard,Machilipatnam,Chhattisgarh,India,2026-05-28,Active,19149.05
C008455,Falan Dora,Premium,Fatehpur,Jharkhand,India,2025-06-28,Active,10380.25
C008456,Aayush Srinivas,Standard,Surat,Punjab,India,2023-07-09,Active,9902.3
C008457,Ubika Shroff,Standard,Gwalior,Bihar,India,2024-05-14,Active,14739.56
C008458,Barkha Gupta,Standard,Ichalkaranji,Manipur,India,2026-01-05,Active,13686.13
C008459,Brinda Yohannan,Enterprise,Jaipur,Sikkim,India,2025-12-13,Active,9944.27
C008460,Reva Desai,Standard,Chennai,Manipur,India,2023-11-30,Active,14116.91
C008461,Guneet Pillay,Standard,Bangalore,Uttar Pradesh,India,2025-06-20,Active,4907.12
C008462,Gauri Batta,Premium,Raichur,Nagaland,India,2025-11-10,Active,22954.54
C008463,Omisha Murthy,Enterprise,Arrah,Chhattisgarh,India,2025-09-08,Active,20884.24
C008464,Wazir Mitra,Standard,Haridwar,Nagaland,India,2024-07-16,Active,6676.47
C008465,Ekta Magar,Enterprise,Chandigarh,Kerala,India,2023-08-31,Active,7764.09
C008466,Yashasvi Bhargava,Premium,Farrukhabad,West Bengal,India,2023-10-09,Active,14325.59
C008467,Madhav Gupta,Premium,Ramagundam,Punjab,India,2024-10-03,Active,20202.56
C008468,Amara Dey,Premium,Srinagar,Kerala,India,2023-08-01,Active,12800.01
C008469,Samar Bhardwaj,Standard,Rajahmundry,Chhattisgarh,India,2025-05-14,Active,9005.86
C008470,Eiravati Mand,Premium,Bijapur,Karnataka,India,2026-01-23,Inactive,12208.82
C008471,Geetika Wason,Premium,Tadipatri,Haryana,India,2025-04-06,Active,5394.3
C008472,Nidra Atwal,Premium,Udupi,Punjab,India,2023-07-09,Active,16682.65
C008473,Kalpit Lala,Enterprise,Hajipur,Goa,India,2024-02-29,Active,13371.49
C008474,Girish Deshpande,Standard,Maheshtala,Telangana,India,2023-10-01,Active,8962.72
C008475,Jagrati Nagy,Enterprise,Katihar,Meghalaya,India,2024-10-25,Active,4674.76
C008476,Wahab Parmar,Standard,Jaunpur,Maharashtra,India,2026-06-21,Active,1712.49
C008477,Chandran Shenoy,Enterprise,Khora ,Telangana,India,2023-09-23,Active,7449.68
C008478,Ranbir Jain,Standard,Muzaffarnagar,Karnataka,India,2023-09-23,Active,13320.84
C008479,Fiyaz Cherian,Standard,Shivpuri,Maharashtra,India,2024-12-13,Active,4100.71
C008480,Abdul Minhas,Premium,Shimla,Uttarakhand,India,2025-04-24,Active,5251.2
C008481,Benjamin Natt,Standard,Erode,Uttarakhand,India,2024-08-25,Active,15722.84
C008482,Harinakshi Issac,Standard,Deoghar,Bihar,India,2024-07-18,Active,8574.38
C008483,Anthony Muni,Standard,Mathura,Arunachal Pradesh,India,2025-02-21,Active,20008.81
C008484,Hitesh Garde,Standard,Berhampur,Karnataka,India,2024-08-03,Active,5143.6
C008485,Osha Din,Enterprise,Bally,Nagaland,India,2025-06-29,Active,13983.31
C008486,Widisha Shanker,Premium,Alwar,Assam,India,2024-09-16,Active,8790.44
C008487,Aarush Comar,Enterprise,Munger,Kerala,India,2026-01-30,Active,7019.21
C008488,Yashica Nanda,Standard,Pimpri-Chinchwad,Gujarat,India,2026-02-14,Active,11692.56
C008489,Bina Behl,Standard,Tiruchirappalli,Mizoram,India,2024-11-27,Active,5049.47
C008490,Sanaya Anand,Premium,Bilaspur,Tripura,India,2023-08-30,Active,3410.87
C008491,Michael Koshy,Standard,Loni,Madhya Pradesh,India,2026-06-21,Active,10877.72
C008492,Darika Kota,Enterprise,Gudivada,Mizoram,India,2023-11-21,Active,13945.16
C008493,Jagvi Keer,Premium,Nagercoil,Nagaland,India,2024-12-09,Active,15151.74
C008494,Ubika Deol,Standard,Imphal,Uttarakhand,India,2026-02-27,Active,7449.94
C008495,Tanish Vohra,Standard,Vijayanagaram,Jharkhand,India,2025-10-06,Active,4609.44
C008496,Rushil Kumer,Standard,Kurnool,Tamil Nadu,India,2024-08-28,Active,3924.89
C008497,Nikita Sant,Enterprise,Bongaigaon,Meghalaya,India,2024-12-20,Active,4343.78
C008498,Vyanjana D’Alia,Enterprise,Singrauli,Uttarakhand,India,2025-07-21,Active,5298.93
C008499,Aishani Venkataraman,Premium,Bellary,Telangana,India,2024-12-25,Active,7415.74
C008500,Raagini Sathe,Premium,Ongole,Uttarakhand,India,2025-10-17,Active,14847.83
C008501,Girindra Borah,Standard,Pimpri-Chinchwad,Kerala,India,2025-04-08,Active,8116.57
C008502,Alka Kalita,Premium,Phagwara,Nagaland,India,2024-09-13,Active,4396.03
C008503,Tanmayi Pingle,Standard,South Dumdum,Bihar,India,2024-09-04,Active,7777.65
C008504,Indali Sandal,Standard,Panvel,Himachal Pradesh,India,2023-10-25,Active,16287.78
C008505,Harita Vaidya,Standard,Medininagar,Uttarakhand,India,2025-05-22,Active,12391.06
C008506,Yug Din,Premium,Malegaon,Karnataka,India,2024-09-10,Active,581.61
C008507,Urishilla Misra,Premium,Deoghar,Maharashtra,India,2025-11-01,Active,11133.59
C008508,Ria Bath,Premium,Jammu,Himachal Pradesh,India,2025-06-19,Active,5969.56
C008509,Prisha Garg,Standard,Sirsa,Jharkhand,India,2025-01-10,Active,6300.63
C008510,Yashoda Mitter,Standard,Sambhal,Haryana,India,2024-07-31,Active,15081.93
C008511,Warda Edwin,Standard,Motihari,Kerala,India,2026-02-21,Inactive,5155.02
C008512,Daniel Sachar,Enterprise,Chinsurah,Jharkhand,India,2024-10-04,Active,2381.95
C008513,Zaitra Butala,Premium,Tadipatri,Chhattisgarh,India,2025-01-08,Active,23278.76
C008514,Abhiram Chopra,Standard,Chittoor,Assam,India,2023-07-07,Active,13495.03
C008515,Rajeshri Mutti,Standard,Tenali,Gujarat,India,2023-10-13,Active,4774.22
C008516,Leena Sharma,Standard,Satara,Kerala,India,2024-06-19,Active,6957.08
C008517,Timothy Bahl,Premium,Alwar,Uttar Pradesh,India,2023-10-31,Active,11851.46
C008518,Jhalak Pillai,Standard,Kulti,Bihar,India,2025-10-18,Active,13302.26
C008519,Tanish Chaudhari,Standard,Gurgaon,Sikkim,India,2025-08-05,Active,9161.57
C008520,Harita Chana,Enterprise,Dehri,Kerala,India,2026-02-13,Active,8466.94
C008521,Vinaya Date,Premium,Bilaspur,Maharashtra,India,2024-11-10,Active,12369.9
C008522,Harsh Bakshi,Enterprise,Udupi,Goa,India,2026-03-19,Active,12612.86
C008523,Jeevika Padmanabhan,Premium,Kalyan-Dombivli,Jharkhand,India,2026-02-26,Active,4001.12
C008524,Anay Rajagopal,Standard,Rourkela,Mizoram,India,2023-09-05,Active,8372.9
C008525,Praneel Jain,Standard,Ulhasnagar,Maharashtra,India,2023-12-16,Active,6712.72
C008526,Charles Jhaveri,Premium,Thrissur,Mizoram,India,2025-02-11,Active,11551.22
C008527,Vedika Saini,Premium,Orai,Goa,India,2025-04-13,Active,6671.78
C008528,Falak Bava,Enterprise,Panchkula,Sikkim,India,2024-07-18,Active,11090.7
C008529,Avni Sangha,Standard,Aligarh,Bihar,India,2023-09-03,Active,4141.97
C008530,Yatin Behl,Premium,Ranchi,Sikkim,India,2024-05-01,Inactive,8641.44
C008531,Gaurang Bala,Standard,Aligarh,Gujarat,India,2025-09-16,Active,13864.87
C008532,Bachittar Kamdar,Standard,Haridwar,Assam,India,2025-05-17,Active,9940.89
C008533,Gauri Toor,Enterprise,Noida,Kerala,India,2025-09-16,Inactive,5555.96
C008534,Aahana Kumer,Standard,Serampore,Goa,India,2024-02-02,Active,9931.75
C008535,Kiaan Biswas,Standard,Nashik,Manipur,India,2024-04-17,Active,9594.17
C008536,Harita Ramachandran,Standard,Kavali,Assam,India,2024-07-21,Inactive,8921.14
C008537,Urishilla Basak,Standard,Moradabad,Maharashtra,India,2025-02-27,Active,3186.28
C008538,Qasim Chahal,Enterprise,Bidhannagar,Assam,India,2025-01-21,Active,2874.38
C008539,Chaaya Bassi,Standard,Madhyamgram,Chhattisgarh,India,2024-09-08,Inactive,6835.07
C008540,Fitan Varghese,Standard,New Delhi,Gujarat,India,2024-09-09,Active,10000.94
C008541,Joshua Sule,Standard,Mysore,Kerala,India,2025-03-16,Active,16843.43
C008542,Karan Mand,Standard,Pali,Assam,India,2024-05-29,Active,12976.69
C008543,Warhi Swamy,Premium,Berhampur,Himachal Pradesh,India,2023-09-08,Active,9809.33
C008544,Zehaan Sastry,Standard,Sonipat,Punjab,India,2025-08-30,Active,4676.47
C008545,Dalbir Kumer,Enterprise,Mathura,Madhya Pradesh,India,2024-07-28,Active,13946.94
C008546,Geetika Kannan,Standard,North Dumdum,Mizoram,India,2024-10-25,Active,5333.32
C008547,Gopal Sha,Standard,Panipat,Mizoram,India,2026-04-29,Active,7101.77
C008548,Mohammed Setty,Enterprise,Agartala,Andhra Pradesh,India,2024-01-22,Active,2596.04
C008549,Timothy Hari,Standard,Korba,Mizoram,India,2025-10-26,Active,9735.65
C008550,Warda Narasimhan,Standard,Ghaziabad,Mizoram,India,2025-12-03,Inactive,7047.81
C008551,Lakshmi Rout,Enterprise,Anantapur,Sikkim,India,2025-02-16,Active,9174.58
C008552,Mugdha Saran,Premium,Nangloi Jat,Telangana,India,2024-01-03,Active,8842.46
C008553,Indira Bhatti,Premium,Miryalaguda,Manipur,India,2026-05-28,Active,2514.56
C008554,Kabir Vohra,Standard,Sirsa,Maharashtra,India,2026-02-27,Active,6428.75
C008555,Imaran Parmer,Enterprise,Visakhapatnam,Gujarat,India,2025-09-19,Active,3576.15
C008556,Chanakya Devan,Premium,Rajahmundry,Gujarat,India,2025-03-29,Active,5778.41
C008557,Ikshita Dube,Standard,Rohtak,Madhya Pradesh,India,2026-01-01,Active,14335.33
C008558,Zaitra Bandi,Standard,Jamalpur,Jharkhand,India,2025-08-27,Active,6786.36
C008559,Frado Lata,Premium,Kottayam,West Bengal,India,2023-11-10,Active,21885.69
C008560,Anjali Bhasin,Standard,Thoothukudi,Punjab,India,2024-04-30,Active,6855.66
C008561,Megha Bir,Standard,Morena,Jharkhand,India,2023-08-23,Active,5035.89
C008562,Shaurya Dugar,Premium,Amaravati,Tamil Nadu,India,2025-12-02,Active,7716.44
C008563,Lopa Vora,Premium,Belgaum,Nagaland,India,2024-12-09,Active,3575.71
C008564,Rachana Saini,Standard,Nashik,Uttar Pradesh,India,2025-06-18,Active,6725.77
C008565,Yashvi Roy,Standard,Serampore,Assam,India,2024-12-05,Active,4473.93
C008566,Widisha Brar,Standard,Giridih,Bihar,India,2024-01-03,Active,3973.29
C008567,Anita Goyal,Standard,Amravati,Tamil Nadu,India,2025-03-26,Active,16805.97
C008568,Widisha Kapur,Standard,Morena,Meghalaya,India,2025-09-29,Active,21230.82
C008569,Chavvi Varty,Standard,Gurgaon,Jharkhand,India,2023-12-14,Inactive,4378.13
C008570,Amrita Kumer,Standard,Fatehpur,Gujarat,India,2025-11-28,Active,6484.68
C008571,Qushi Natt,Standard,Varanasi,Himachal Pradesh,India,2025-04-22,Inactive,13653.64
C008572,Mugdha Barad,Standard,Bardhaman,Haryana,India,2023-07-01,Active,5525.76
C008573,Dayamai Bhatt,Enterprise,Nagercoil,Chhattisgarh,India,2024-12-20,Active,13101.14
C008574,Yahvi Joshi,Premium,Jalgaon,Sikkim,India,2024-02-11,Active,13094.38
C008575,Idika Dora,Standard,Bangalore,Kerala,India,2026-05-25,Active,7548.59
C008576,Wridesh Shenoy,Premium,Bally,Tripura,India,2026-02-09,Active,2513.19
C008577,Qadim Barad,Premium,Mango,Assam,India,2024-02-20,Active,4528.76
C008578,Xiti Kulkarni,Premium,Singrauli,Goa,India,2026-02-09,Active,3761.23
C008579,Sneha Vyas,Standard,Panchkula,Haryana,India,2025-01-30,Active,5585.1
C008580,Vivaan Edwin,Standard,Nangloi Jat,Manipur,India,2023-09-20,Active,9325.2
C008581,Veda Shenoy,Premium,Naihati,Meghalaya,India,2023-07-20,Active,4781.64
C008582,Arya Dyal,Standard,Sambalpur,Karnataka,India,2024-06-20,Active,19543.48
C008583,Ansh Kaul,Premium,Jamnagar,Jharkhand,India,2025-07-03,Active,10218.34
C008584,Rudra Sengupta,Standard,Dharmavaram,Rajasthan,India,2025-06-24,Active,12798.8
C008585,Alexander Bora,Premium,Gorakhpur,Goa,India,2025-10-01,Active,1421.94
C008586,Ijaya Chokshi,Standard,Uluberia,Gujarat,India,2025-07-08,Active,15449.64
C008587,Jagvi Kadakia,Standard,Kirari Suleman Nagar,Karnataka,India,2024-02-14,Active,24858.03
C008588,Vasana Rai,Standard,Raebareli,Gujarat,India,2023-08-09,Active,10645.66
C008589,Yashica Pant,Premium,Bharatpur,Nagaland,India,2026-01-23,Active,10071.43
C008590,Chandresh Pingle,Premium,Bhind,Assam,India,2024-06-15,Active,14295.39
C008591,Irya Ray,Standard,Ramgarh,Karnataka,India,2024-07-27,Inactive,16413.04
C008592,Aayush Gandhi,Standard,Chapra,Assam,India,2024-04-17,Active,4733.97
C008593,Ubika Magar,Standard,Belgaum,Karnataka,India,2025-05-12,Inactive,12921.4
C008594,Lavanya Char,Enterprise,Gorakhpur,West Bengal,India,2024-01-18,Active,10176.68
C008595,Edhitha Sharaf,Premium,Jamnagar,Himachal Pradesh,India,2024-10-02,Active,11543.86
C008596,Zarna Sastry,Premium,Fatehpur,Telangana,India,2024-05-21,Active,8039.25
C008597,Vasatika Mangal,Standard,Dibrugarh,Rajasthan,India,2026-01-11,Active,8705.94
C008598,Rayaan Shukla,Standard,Begusarai,Meghalaya,India,2023-11-09,Active,9480.9
C008599,Jasmit Handa,Standard,Mumbai,Rajasthan,India,2025-07-20,Active,4101.04
C008600,Sai Murty,Standard,Secunderabad,Sikkim,India,2024-11-18,Active,5792.78
C008601,Tanvi Din,Standard,Jalandhar,Bihar,India,2024-11-11,Active,8050.84
C008602,Hredhaan Chahal,Enterprise,Amravati,Mizoram,India,2026-03-19,Active,13809.53
C008603,Ekiya Bhat,Premium,New Delhi,Mizoram,India,2024-07-12,Active,5301.99
C008604,Yug Saran,Standard,Kulti,Andhra Pradesh,India,2024-09-20,Inactive,21663.87
C008605,Chanchal Hegde,Enterprise,Bidar,Goa,India,2023-08-03,Active,2905.81
C008606,Yashawini Krishnan,Standard,Sirsa,Tamil Nadu,India,2023-08-18,Active,5713.58
C008607,Aarini Rattan,Standard,Jammu,Maharashtra,India,2023-08-25,Active,9863.19
C008608,Vincent Vohra,Standard,Panihati,Arunachal Pradesh,India,2024-05-05,Active,9519.64
C008609,Kashish Narula,Standard,Mysore,Kerala,India,2025-02-11,Inactive,9609.7
C008610,David Mangat,Standard,Tenali,Arunachal Pradesh,India,2023-08-27,Active,16838.98
C008611,Gaurav Tank,Enterprise,Vellore,Chhattisgarh,India,2024-08-29,Active,4673.82
C008612,Balendra Khalsa,Standard,Amritsar,Andhra Pradesh,India,2025-07-30,Active,6167.51
C008613,Robert Toor,Enterprise,Panihati,Gujarat,India,2024-03-09,Active,3710.89
C008614,Brijesh Char,Standard,Durgapur,Himachal Pradesh,India,2023-10-07,Active,19752.0
C008615,Lucky Nagarajan,Standard,Nandyal,West Bengal,India,2026-05-18,Active,12682.83
C008616,Siddharth Choudhury,Standard,Thane,Andhra Pradesh,India,2024-02-21,Active,7653.02
C008617,Osha Hegde,Standard,Davanagere,Manipur,India,2026-06-14,Active,3640.55
C008618,Jagdish De,Enterprise,Gurgaon,Telangana,India,2024-07-17,Active,14897.66
C008619,Matthew Bobal,Premium,Rampur,Manipur,India,2025-07-03,Active,5772.53
C008620,Yamini Dewan,Standard,Navi Mumbai,Nagaland,India,2025-02-10,Active,8215.56
C008621,Chaitaly Saran,Standard,Rajahmundry,Jharkhand,India,2024-05-04,Active,9633.85
C008622,Atharv Behl,Premium,Ujjain,Punjab,India,2025-09-05,Active,8502.22
C008623,Girish Korpal,Standard,Surendranagar Dudhrej,West Bengal,India,2025-06-01,Active,12049.18
C008624,Girindra Mall,Enterprise,Avadi,Nagaland,India,2024-05-10,Active,4444.18
C008625,Benjamin Chaudhuri,Standard,Secunderabad,Jharkhand,India,2023-09-24,Active,11253.61
C008626,Pallavi Chadha,Standard,Bihar Sharif,Sikkim,India,2023-10-03,Inactive,7845.3
C008627,Daksh Trivedi,Standard,Bidhannagar,Haryana,India,2024-08-13,Active,12556.28
C008628,Gaurang Korpal,Enterprise,Singrauli,Kerala,India,2023-07-06,Active,8463.27
C008629,Nisha Banerjee,Standard,Singrauli,Maharashtra,India,2024-02-05,Active,9853.47
C008630,Joshua Toor,Standard,Aizawl,West Bengal,India,2025-10-12,Active,11928.69
C008631,Caleb Patil,Enterprise,Rajkot,Tamil Nadu,India,2026-04-22,Active,6331.49
C008632,Falguni Viswanathan,Standard,Bulandshahr,Gujarat,India,2023-12-01,Inactive,7209.05
C008633,Wishi Suri,Premium,Sangli-Miraj & Kupwad,Telangana,India,2024-06-06,Active,17639.54
C008634,Pushti Srinivasan,Premium,Sirsa,Telangana,India,2024-07-23,Active,12823.06
C008635,Charan Kadakia,Standard,Kharagpur,West Bengal,India,2025-12-06,Active,6637.15
C008636,Yoshita Mann,Standard,Jhansi,Rajasthan,India,2024-04-01,Active,15619.73
C008637,Madhavi Dhaliwal,Standard,Aurangabad,Arunachal Pradesh,India,2023-07-09,Active,4530.62
C008638,Yagnesh Devi,Standard,Bettiah,Sikkim,India,2025-09-02,Active,23815.71
C008639,Deepa Sachdeva,Standard,Parbhani,Tripura,India,2024-05-10,Active,5807.53
C008640,Rushil Pingle,Premium,Rampur,Uttarakhand,India,2026-03-25,Active,7912.16
C008641,Manan Sharma,Enterprise,Ludhiana,Madhya Pradesh,India,2024-08-18,Active,13120.85
C008642,Tejas Yadav,Standard,Munger,Chhattisgarh,India,2025-12-19,Active,15593.83
C008643,Mason Nayak,Standard,Thrissur,Maharashtra,India,2025-01-20,Inactive,10821.14
C008644,Priya Samra,Standard,Nangloi Jat,Nagaland,India,2024-03-10,Active,10433.66
C008645,Warda Saran,Standard,Bhiwani,Uttar Pradesh,India,2024-11-19,Active,10167.53
C008646,Eshana Kothari,Standard,Suryapet,Rajasthan,India,2024-09-01,Active,10728.61
C008647,Adya Mand,Enterprise,Ulhasnagar,Telangana,India,2023-10-31,Active,11868.68
C008648,Xavier Lad,Standard,Gulbarga,West Bengal,India,2025-07-08,Active,15707.47
C008649,Vihaan Bahl,Premium,Warangal,Uttarakhand,India,2025-03-11,Active,14198.9
C008650,Vamakshi Kapadia,Standard,Noida,Uttarakhand,India,2024-05-15,Active,5284.06
C008651,Nakul Kakar,Premium,Anantapuram,Goa,India,2024-01-01,Active,5870.1
C008652,Ira Saha,Premium,Dharmavaram,Himachal Pradesh,India,2025-07-02,Active,15260.5
C008653,Sanya Singhal,Standard,Rewa,Uttarakhand,India,2024-04-13,Active,9797.68
C008654,Janani Baria,Standard,Kadapa,Punjab,India,2025-03-17,Active,5437.87
C008655,Hemani Parekh,Standard,Khammam,Andhra Pradesh,India,2024-06-04,Active,6684.18
C008656,Pavani Chanda,Premium,Serampore,Goa,India,2025-01-02,Active,14280.41
C008657,Charita Prabhu,Standard,Haridwar,Madhya Pradesh,India,2026-02-04,Inactive,6991.07
C008658,Mekhala Wason,Premium,Uluberia,Chhattisgarh,India,2024-10-05,Active,7534.94
C008659,Anirudh Lal,Standard,Rajpur Sonarpur,Jharkhand,India,2024-08-01,Active,9703.14
C008660,Reva Halder,Standard,Hazaribagh,Sikkim,India,2026-02-12,Active,14998.2
C008661,Naveen Borra,Enterprise,Adoni,Assam,India,2024-01-22,Inactive,10570.34
C008662,Yahvi Master,Premium,Haldia,Assam,India,2025-08-31,Active,2785.05
C008663,Samaksh Dhawan,Standard,Sirsa,Sikkim,India,2024-11-19,Active,18980.43
C008664,Bachittar Dhaliwal,Standard,Thiruvananthapuram,Nagaland,India,2024-11-10,Active,10891.05
C008665,Yauvani Mishra,Standard,Ratlam,Chhattisgarh,India,2025-09-07,Inactive,10568.82
C008666,Frado Ghosh,Standard,Madhyamgram,Odisha,India,2024-07-02,Active,8753.08
C008667,Guneet Nazareth,Standard,Gudivada,Odisha,India,2023-09-23,Active,19892.42
C008668,Chandresh Gokhale,Premium,Bihar Sharif,Sikkim,India,2024-07-26,Active,4465.81
C008669,Luke More,Premium,Kamarhati,West Bengal,India,2025-02-09,Active,6775.39
C008670,Pavani Mukherjee,Standard,Faridabad,Assam,India,2023-11-08,Inactive,15661.0
C008671,Om Gour,Enterprise,Bilaspur,Madhya Pradesh,India,2024-11-06,Active,12031.5
C008672,Indrajit Sankar,Standard,Kulti,Andhra Pradesh,India,2025-08-06,Active,5863.1
C008673,Hritik Gupta,Standard,Bulandshahr,Madhya Pradesh,India,2024-03-22,Active,8197.81
C008674,Gabriel Mandal,Standard,Agra,Maharashtra,India,2025-07-09,Inactive,15410.64
C008675,Gaurang Nori,Premium,Shivpuri,Punjab,India,2026-04-07,Active,6054.77
C008676,Balhaar Pai,Standard,Sambhal,Karnataka,India,2026-05-31,Active,15612.2
C008677,Pranit Nadig,Standard,Junagadh,Odisha,India,2024-09-28,Active,5928.43
C008678,Radhika Deshmukh,Standard,Fatehpur,Mizoram,India,2024-06-27,Active,7790.19
C008679,Wahab Bala,Premium,Ahmedabad,Odisha,India,2023-07-30,Active,7596.95
C008680,Rajeshri Khurana,Enterprise,Mysore,Odisha,India,2024-10-05,Active,13464.87
C008681,Aachal Puri,Standard,Raurkela Industrial Township,Bihar,India,2025-10-05,Active,12964.36
C008682,Mekhala Saran,Standard,Nagpur,Himachal Pradesh,India,2025-03-05,Active,6543.58
C008683,Adweta Gokhale,Premium,Gandhinagar,Tamil Nadu,India,2024-11-25,Active,7829.49
C008684,Dominic Pall,Enterprise,Kishanganj,Goa,India,2024-03-24,Active,3476.03
C008685,Robert Bobal,Standard,Rampur,Uttarakhand,India,2024-03-04,Active,15736.38
C008686,Vidhi Chakraborty,Standard,Bangalore,Arunachal Pradesh,India,2025-07-25,Active,9355.99
C008687,Umang Toor,Standard,Thoothukudi,Himachal Pradesh,India,2024-11-03,Active,11660.07
C008688,Jeremiah Sodhi,Standard,Hospet,Mizoram,India,2024-02-15,Active,6692.4
C008689,Agastya Madan,Enterprise,Darbhanga,Haryana,India,2025-06-12,Active,4200.68
C008690,Kavya Lala,Standard,Ajmer,Mizoram,India,2025-05-01,Active,5057.22
C008691,Jagdish Sawhney,Standard,Rampur,Chhattisgarh,India,2024-03-07,Inactive,15503.17
C008692,Odika Dara,Enterprise,Kottayam,Punjab,India,2025-11-02,Active,10634.77
C008693,Karan Grewal,Standard,Guna,Tamil Nadu,India,2026-02-18,Active,16434.64
C008694,Odika Kulkarni,Standard,Erode,Madhya Pradesh,India,2024-11-11,Active,8482.6
C008695,Raagini Atwal,Standard,Medininagar,Tripura,India,2025-10-01,Active,9764.43
C008696,Harinakshi Sampath,Premium,Satna,Mizoram,India,2023-12-06,Active,4072.25
C008697,Falguni Dhar,Standard,Ozhukarai,Uttar Pradesh,India,2024-06-23,Active,20852.55
C008698,Ayush Banerjee,Enterprise,Aurangabad,West Bengal,India,2025-07-12,Active,18330.22
C008699,Aryan Gopal,Standard,Nadiad,Tripura,India,2023-09-12,Inactive,10769.03
C008700,Vedhika Bava,Premium,Gaya,Haryana,India,2026-02-26,Active,13193.46
C008701,Damyanti Mutti,Premium,Tadepalligudem,Telangana,India,2024-01-18,Active,10647.56
C008702,Meera Bali,Premium,Bharatpur,Gujarat,India,2023-07-08,Active,13891.65
C008703,Suhani Majumdar,Standard,Hyderabad,Rajasthan,India,2026-02-23,Active,3269.07
C008704,Mason Vasa,Premium,Pali,Rajasthan,India,2025-07-31,Active,20708.2
C008705,Girik Goswami,Standard,Kishanganj,Mizoram,India,2026-05-28,Active,10360.92
C008706,Aishani Rajagopal,Standard,Jalgaon,Manipur,India,2024-05-16,Active,13191.67
C008707,Jasmit Balakrishnan,Standard,Thoothukudi,Mizoram,India,2024-09-16,Active,12048.39
C008708,Lohit Joshi,Standard,Pondicherry,Meghalaya,India,2025-07-09,Active,6275.4
C008709,Xalak Soman,Standard,Gudivada,Mizoram,India,2026-01-06,Active,12585.53
C008710,Tejas Bhakta,Standard,Bally,Mizoram,India,2024-10-30,Active,19772.66
C008711,Waida Chakraborty,Standard,Anand,Manipur,India,2025-01-04,Active,2479.25
C008712,Eta Varughese,Premium,Vellore,Maharashtra,India,2025-11-05,Active,14253.77
C008713,Ekanta Bansal,Premium,Nagaon,Andhra Pradesh,India,2023-10-16,Inactive,12428.6
C008714,Manbir Sampath,Standard,Gurgaon,Arunachal Pradesh,India,2023-12-12,Active,4713.37
C008715,Girik Viswanathan,Enterprise,Khammam,Goa,India,2023-08-02,Active,7847.14
C008716,Amaira Parsa,Enterprise,Pondicherry,Mizoram,India,2025-05-09,Active,2055.86
C008717,Liam Bansal,Standard,Machilipatnam,Karnataka,India,2026-05-09,Active,5421.21
C008718,Turvi Pant,Premium,Bongaigaon,West Bengal,India,2024-05-15,Inactive,4514.53
C008719,Kashvi Padmanabhan,Enterprise,Amritsar,Punjab,India,2025-09-29,Active,10684.13
C008720,Bhavani Khalsa,Standard,Suryapet,Himachal Pradesh,India,2023-08-20,Active,6253.6
C008721,Ayushman Gour,Premium,Hindupur,Nagaland,India,2025-01-16,Active,6516.99
C008722,Oliver Cheema,Standard,Surendranagar Dudhrej,West Bengal,India,2023-12-30,Active,3160.34
C008723,Nilima Chauhan,Standard,Barasat,Jharkhand,India,2025-07-09,Active,15566.32
C008724,Kritika Bajwa,Enterprise,Motihari,Odisha,India,2025-07-01,Active,20915.38
C008725,Riya Samra,Standard,Chandigarh,Meghalaya,India,2024-12-30,Active,9303.04
C008726,Aarush Wagle,Enterprise,Aurangabad,Bihar,India,2026-04-16,Active,16991.94
C008727,Madhav Gera,Standard,Ghaziabad,Rajasthan,India,2025-11-18,Active,12102.71
C008728,Abhimanyu Chopra,Standard,Kochi,Tripura,India,2025-05-11,Inactive,4398.12
C008729,Raagini Sunder,Standard,Bidhannagar,Jharkhand,India,2024-01-15,Active,5997.25
C008730,Vedika Loyal,Standard,Thane,Meghalaya,India,2024-01-07,Active,2011.24
C008731,Andrew Deep,Enterprise,Jamalpur,Nagaland,India,2025-10-19,Active,10111.2
C008732,Viraj Lall,Premium,Bhavnagar,Goa,India,2026-03-10,Inactive,3556.84
C008733,Omkaar Bajwa,Standard,Cuttack,Bihar,India,2025-11-13,Active,9174.77
C008734,Rudra Bhandari,Standard,Tirupati,Bihar,India,2025-10-19,Active,30713.21
C008735,Damini Kala,Standard,Maheshtala,Tripura,India,2024-02-02,Active,10278.09
C008736,Chaman Mukherjee,Premium,Coimbatore,West Bengal,India,2026-03-06,Active,11387.35
C008737,Shivansh Bath,Standard,Ghaziabad,Telangana,India,2025-01-24,Active,5851.58
C008738,Baghyawati Patil,Standard,Rohtak,Bihar,India,2024-03-04,Active,13898.02
C008739,Bahadurjit Kade,Enterprise,Sikar,Uttarakhand,India,2024-03-27,Active,15304.59
C008740,Rachana Narayanan,Standard,Bangalore,Tamil Nadu,India,2023-08-21,Active,2323.45
C008741,Chaman Ray,Standard,Akola,Goa,India,2025-06-16,Active,13347.43
C008742,Tamanna Lata,Premium,Giridih,Jharkhand,India,2025-06-08,Active,6548.59
C008743,Anya Singh,Enterprise,Dehradun,Himachal Pradesh,India,2024-09-20,Active,14283.47
C008744,Zayan Varghese,Standard,Dibrugarh,Mizoram,India,2023-06-26,Active,9038.23
C008745,Finn Dhar,Standard,Pudukkottai,Gujarat,India,2025-02-05,Active,16614.68
C008746,Bhavna Vala,Standard,Mangalore,Jharkhand,India,2024-06-02,Active,8119.14
C008747,Vasatika Gour,Standard,Farrukhabad,Bihar,India,2026-01-07,Active,11808.46
C008748,Arya Kumer,Standard,Alwar,Assam,India,2024-05-10,Active,14654.08
C008749,Jonathan Dalal,Standard,Sagar,Meghalaya,India,2024-06-30,Active,18523.11
C008750,Qabil Jayaraman,Standard,Bikaner,Andhra Pradesh,India,2024-03-23,Active,8138.19
C008751,Theodore Keer,Premium,Kharagpur,Goa,India,2025-11-15,Active,6052.69
C008752,Arin Naik,Standard,Asansol,Bihar,India,2025-09-29,Active,16284.33
C008753,Hardik Choudhury,Enterprise,Pondicherry,Tripura,India,2023-09-14,Active,3103.04
C008754,Parth Andra,Standard,Haridwar,Uttarakhand,India,2024-11-06,Active,6520.32
C008755,Lohit Goel,Premium,Varanasi,Telangana,India,2024-05-20,Active,14362.38
C008756,Joshua Seth,Standard,Ramgarh,Uttar Pradesh,India,2023-07-28,Active,6401.89
C008757,Tanay Tailor,Premium,Ozhukarai,Nagaland,India,2023-08-08,Active,7738.21
C008758,Kamya Sura,Standard,North Dumdum,Tripura,India,2026-06-06,Active,5858.73
C008759,Amrita Pandey,Standard,Tiruchirappalli,Tripura,India,2025-01-23,Active,13496.65
C008760,Sai Mittal,Standard,Bahraich,Sikkim,India,2024-04-18,Active,3497.92
C008761,Lohit Taneja,Premium,Nadiad,Assam,India,2024-01-18,Inactive,4954.31
C008762,Aahana Lall,Standard,Ahmednagar,Himachal Pradesh,India,2024-03-29,Active,5279.96
C008763,Faris Din,Standard,Kamarhati,Odisha,India,2025-03-02,Active,8515.91
C008764,Tristan Dixit,Premium,Motihari,Kerala,India,2026-04-17,Active,6238.49
C008765,Sanaya Salvi,Premium,Belgaum,Odisha,India,2024-04-30,Active,15212.29
C008766,Chaman Sagar,Standard,Sasaram,Rajasthan,India,2026-02-09,Inactive,21212.83
C008767,Simon Agate,Standard,Bellary,Uttarakhand,India,2025-02-28,Active,11768.02
C008768,Prisha Kothari,Standard,Loni,Goa,India,2025-03-16,Active,13402.28
C008769,Jhalak Parmer,Standard,Chittoor,Punjab,India,2025-12-14,Active,6134.22
C008770,Tara Devi,Enterprise,Burhanpur,Assam,India,2025-08-25,Active,3024.96
C008771,Watika Bhardwaj,Premium,Raebareli,Uttar Pradesh,India,2025-04-22,Active,19056.0
C008772,Ridhi Bhat,Standard,Kalyan-Dombivli,Manipur,India,2025-06-25,Active,8790.66
C008773,Brinda Char,Standard,Rourkela,Uttarakhand,India,2023-08-23,Inactive,7476.01
C008774,Hredhaan Bala,Premium,Chapra,Goa,India,2025-01-10,Active,12922.07
C008775,Max Ganesh,Premium,Pondicherry,Goa,India,2023-07-14,Active,9692.35
C008776,Nitara Salvi,Standard,Guna,Bihar,India,2023-11-16,Active,9265.81
C008777,Omisha Gupta,Standard,Chandrapur,Jharkhand,India,2025-05-22,Active,11581.19
C008778,Lajita Ray,Standard,Sagar,Gujarat,India,2024-05-30,Active,3773.64
C008779,Lohit Sur,Standard,Kadapa,Himachal Pradesh,India,2024-03-18,Active,12806.97
C008780,Watika Prakash,Standard,Nashik,Mizoram,India,2025-08-11,Active,10601.95
C008781,Krishna Acharya,Standard,Surendranagar Dudhrej,Jharkhand,India,2025-12-12,Active,9026.31
C008782,Rishi D’Alia,Premium,Gorakhpur,Andhra Pradesh,India,2024-09-21,Active,8020.02
C008783,Libni Sur,Enterprise,Korba,Haryana,India,2024-07-31,Active,10841.91
C008784,Vasana Dixit,Premium,Nagpur,Punjab,India,2024-04-08,Active,13016.89
C008785,Balhaar Varkey,Standard,Etawah,Uttarakhand,India,2026-04-29,Active,4679.28
C008786,Neha Prakash,Standard,Faridabad,Haryana,India,2026-05-06,Inactive,4248.1
C008787,Guneet Peri,Premium,Panihati,Uttarakhand,India,2024-02-11,Active,9590.81
C008788,Laban Comar,Standard,Chandigarh,Uttar Pradesh,India,2025-05-31,Inactive,11621.24
C008789,Anika Prasad,Premium,Udaipur,Goa,India,2024-05-29,Inactive,6861.6
C008790,Indira Anand,Standard,Thiruvananthapuram,Uttarakhand,India,2023-12-26,Active,16288.57
C008791,Hemangini Shetty,Premium,Bally,Assam,India,2023-10-27,Inactive,16780.38
C008792,Agastya Prasad,Standard,Kishanganj,Chhattisgarh,India,2024-08-13,Active,9517.01
C008793,Udarsh Wason,Enterprise,Gwalior,Meghalaya,India,2023-07-04,Inactive,11958.06
C008794,Lucky Tandon,Enterprise,Gandhinagar,Odisha,India,2024-08-14,Active,19524.06
C008795,Reyansh Arya,Premium,Pondicherry,Sikkim,India,2025-12-31,Active,3128.64
C008796,Wishi Narayan,Standard,Jhansi,Uttarakhand,India,2023-09-11,Inactive,6741.51
C008797,Ekansh Sane,Enterprise,Bareilly,Nagaland,India,2023-09-28,Active,12518.38
C008798,Anusha Chowdhury,Premium,Tiruppur,Tamil Nadu,India,2025-09-29,Active,12884.59
C008799,Rachit Morar,Standard,Medininagar,Gujarat,India,2024-05-28,Active,12649.8
C008800,Charvi Kalita,Standard,Mangalore,Maharashtra,India,2024-07-29,Active,7116.78
C008801,Pranav Nagar,Premium,Haridwar,Andhra Pradesh,India,2024-12-22,Active,13932.99
C008802,Viraj Mahajan,Standard,Jalgaon,Bihar,India,2024-03-18,Active,9093.35
C008803,Nimrat Rao,Standard,Salem,Madhya Pradesh,India,2025-01-23,Active,7233.72
C008804,Chanchal Grewal,Premium,Madanapalle,Tripura,India,2023-07-24,Active,6038.53
C008805,Charita Bhattacharyya,Enterprise,Miryalaguda,Bihar,India,2024-06-11,Active,11996.89
C008806,Yachana Yohannan,Standard,Gurgaon,Jharkhand,India,2023-11-23,Active,8051.59
C008807,Jack Saraf,Enterprise,Noida,Gujarat,India,2023-08-30,Active,6793.25
C008808,Ishanvi Dhawan,Standard,Naihati,Meghalaya,India,2025-08-03,Active,11699.94
C008809,Idika Jayaraman,Standard,Jamnagar,Manipur,India,2023-08-18,Active,8011.24
C008810,Faris Sen,Standard,Miryalaguda,Haryana,India,2025-08-01,Active,16642.52
C008811,Wazir Warrior,Premium,Bhatpara,Madhya Pradesh,India,2026-04-23,Active,2158.55
C008812,Jacob Ray,Standard,Maheshtala,Tripura,India,2023-11-10,Active,7967.41
C008813,Falguni Salvi,Premium,Gurgaon,Uttarakhand,India,2026-04-21,Active,7820.81
C008814,Laban Dara,Enterprise,Kavali,Gujarat,India,2024-03-12,Active,9008.21
C008815,Qarin Tank,Standard,Malda,Rajasthan,India,2024-12-14,Active,16807.01
C008816,Zayan Varkey,Standard,Bhiwani,Tamil Nadu,India,2024-12-21,Active,4929.21
C008817,Libni Prabhakar,Standard,North Dumdum,Chhattisgarh,India,2025-12-11,Active,2881.47
C008818,Eta Narula,Standard,Agartala,Assam,India,2026-05-07,Active,4201.74
C008819,Sai Barman,Standard,Munger,Telangana,India,2024-05-08,Active,6018.93
C008820,Bahadurjit Dhawan,Standard,Gopalpur,Gujarat,India,2025-08-22,Active,7121.75
C008821,Azaan Chakrabarti,Standard,Orai,Odisha,India,2025-03-26,Active,6409.33
C008822,Ekavir Prashad,Enterprise,Siwan,Kerala,India,2026-04-28,Active,6448.36
C008823,Pooja Chada,Enterprise,Kadapa,Punjab,India,2023-07-23,Active,19260.02
C008824,Praneel Jayaraman,Enterprise,Ongole,Madhya Pradesh,India,2024-07-19,Active,5512.63
C008825,Yadavi Prakash,Premium,Amaravati,West Bengal,India,2023-08-09,Active,12740.35
C008826,Gaurika Srivastava,Premium,Danapur,Arunachal Pradesh,India,2025-08-22,Active,25390.94
C008827,Wyatt Narayanan,Premium,Guwahati,Karnataka,India,2025-03-11,Active,11412.92
C008828,Tarak Borah,Premium,Uluberia,Telangana,India,2025-11-25,Active,3104.79
C008829,Adya Saxena,Premium,Amroha,Jharkhand,India,2024-11-29,Active,5597.52
C008830,Sanaya Som,Standard,Mathura,Jharkhand,India,2025-05-24,Active,11513.61
C008831,Sai Char,Premium,Kakinada,Goa,India,2023-09-07,Active,15481.31
C008832,Omisha Khalsa,Standard,Aligarh,Goa,India,2023-10-03,Active,6961.44
C008833,Zashil Misra,Standard,Bardhaman,Haryana,India,2026-01-28,Active,13430.15
C008834,Karan Prakash,Premium,Meerut,Himachal Pradesh,India,2025-02-26,Active,8401.07
C008835,Jeremiah Dyal,Premium,Ongole,Uttar Pradesh,India,2024-09-29,Active,11403.63
C008836,Nachiket Narain,Premium,Bhatpara,Tamil Nadu,India,2024-04-26,Active,2439.65
C008837,Manya Talwar,Standard,Tiruvottiyur,Nagaland,India,2026-06-08,Active,22257.93
C008838,Charvi Sarkar,Standard,Khandwa,Assam,India,2025-10-07,Active,8912.48
C008839,Rudra Dayal,Standard,Ghaziabad,Haryana,India,2025-02-04,Active,7559.84
C008840,Meghana Narasimhan,Standard,Bikaner,Madhya Pradesh,India,2024-04-26,Active,12777.9
C008841,Mugdha Bhardwaj,Premium,Jaunpur,Himachal Pradesh,India,2025-03-06,Inactive,6376.99
C008842,Kritika Lall,Premium,Panchkula,Uttarakhand,India,2025-08-31,Active,13599.6
C008843,Tristan Randhawa,Premium,Akola,Goa,India,2024-05-05,Inactive,24758.45
C008844,Anusha Choudhury,Standard,Raichur,Jharkhand,India,2025-07-30,Active,7932.13
C008845,Ishita Gala,Premium,Sambhal,Tamil Nadu,India,2024-10-03,Inactive,5108.17
C008846,Charan Datta,Standard,Bhimavaram,Bihar,India,2024-08-27,Active,6956.8
C008847,Chanakya Ramanathan,Standard,Aurangabad,Goa,India,2023-12-05,Active,28114.97
C008848,Faris Sahni,Premium,Bathinda,Punjab,India,2023-10-10,Active,8413.62
C008849,Ganga Edwin,Premium,Ahmednagar,Himachal Pradesh,India,2023-08-16,Inactive,5241.85
C008850,Divya Kashyap,Standard,Kakinada,Andhra Pradesh,India,2024-08-03,Active,10855.63
C008851,Dayita Krishna,Enterprise,Sultan Pur Majra,Karnataka,India,2024-01-21,Active,10434.04
C008852,Victor Vyas,Standard,Pimpri-Chinchwad,Mizoram,India,2023-09-17,Active,2861.67
C008853,Kala Reddy,Standard,Hyderabad,Jharkhand,India,2024-04-28,Active,12684.11
C008854,Gaurangi Nori,Enterprise,Maheshtala,Mizoram,India,2025-11-08,Active,14287.64
C008855,Upadhriti Khosla,Standard,Giridih,Andhra Pradesh,India,2024-12-20,Active,3083.35
C008856,Bishakha Manne,Premium,Saharanpur,Bihar,India,2023-06-25,Active,26562.58
C008857,Urvi Mand,Premium,Jaipur,Karnataka,India,2025-01-21,Active,5545.32
C008858,Anusha Dayal,Standard,Gudivada,Bihar,India,2024-01-11,Active,15028.52
C008859,Champak Dhaliwal,Enterprise,Dindigul,Bihar,India,2026-05-10,Active,3561.72
C008860,Tanveer Soman,Premium,Belgaum,Gujarat,India,2026-06-01,Active,12778.47
C008861,Darpan Raja,Enterprise,Shimoga,Odisha,India,2026-04-12,Active,12746.4
C008862,Amruta Nagar,Standard,Farrukhabad,Bihar,India,2026-05-06,Active,20095.34
C008863,Hemangini Varghese,Premium,Gaya,Andhra Pradesh,India,2026-05-03,Active,4128.95
C008864,Mohini Garg,Premium,Hospet,Meghalaya,India,2026-01-26,Active,3309.78
C008865,Manthan Nadkarni,Premium,Madanapalle,Chhattisgarh,India,2024-11-14,Active,7458.61
C008866,Michael Tailor,Standard,Meerut,Uttarakhand,India,2025-09-30,Active,15129.69
C008867,Ekanta Pradhan,Standard,Berhampur,Kerala,India,2026-06-02,Active,19180.68
C008868,Charvi Ghosh,Standard,Begusarai,Tamil Nadu,India,2025-09-30,Active,17967.03
C008869,Rachit Oak,Standard,Karnal,Nagaland,India,2024-12-10,Active,6969.93
C008870,Luke Kibe,Standard,Uluberia,Chhattisgarh,India,2024-08-24,Active,6633.87
C008871,Ishanvi Shah,Standard,Silchar,Nagaland,India,2025-04-05,Active,9901.98
C008872,Rajeshri Mohan,Premium,Kolhapur,Odisha,India,2024-10-15,Active,7937.0
C008873,Ladli Dubey,Premium,Sambhal,Meghalaya,India,2025-12-30,Active,3145.63
C008874,Yauvani Raja,Standard,Aligarh,Karnataka,India,2024-02-14,Active,12343.06
C008875,Onveer Apte,Standard,Gurgaon,Tripura,India,2026-03-20,Active,6802.5
C008876,Ansh Khare,Standard,Guntur,Meghalaya,India,2025-01-22,Active,15132.4
C008877,Fiyaz Raval,Standard,Belgaum,Chhattisgarh,India,2026-04-19,Active,1827.03
C008878,Deepa Varkey,Enterprise,Kirari Suleman Nagar,Kerala,India,2024-05-02,Active,20267.03
C008879,Faris Sagar,Premium,Kanpur,Madhya Pradesh,India,2023-12-24,Active,5369.07
C008880,Lajita Handa,Premium,Ambala,Karnataka,India,2026-01-20,Active,8835.19
C008881,Yadavi Krishnan,Enterprise,Ongole,Uttar Pradesh,India,2025-06-05,Active,9762.97
C008882,Raghav Raj,Standard,Belgaum,Assam,India,2025-07-08,Active,14815.29
C008883,Saanvi Kunda,Premium,Howrah,Karnataka,India,2024-06-15,Active,4613.93
C008884,Kamala Cherian,Standard,Gandhinagar,Karnataka,India,2023-11-17,Active,12881.52
C008885,Gauri Loke,Standard,Burhanpur,Uttarakhand,India,2025-07-16,Active,4630.03
C008886,Anjali Pandit,Enterprise,Tiruppur,Himachal Pradesh,India,2025-01-01,Active,9908.4
C008887,Ethan Halder,Enterprise,Pune,Gujarat,India,2025-05-12,Active,12466.63
C008888,Siya Kakar,Standard,Unnao,Tamil Nadu,India,2025-07-24,Active,4722.11
C008889,Chandran Dutt,Enterprise,Dehradun,Telangana,India,2026-04-21,Active,8347.21
C008890,Vivaan Pant,Standard,Patiala,Gujarat,India,2024-12-23,Active,6988.09
C008891,Lucky Sen,Standard,Amaravati,Chhattisgarh,India,2025-09-19,Active,6599.68
C008892,Vedant Raghavan,Premium,Rohtak,Tamil Nadu,India,2026-01-18,Active,7283.22
C008893,Kiaan Rajagopal,Standard,Silchar,Nagaland,India,2023-10-25,Active,2979.81
C008894,Vamakshi Pandey,Standard,Thrissur,Goa,India,2025-07-10,Active,15060.82
C008895,Gaurang Tank,Premium,Lucknow,Odisha,India,2024-01-02,Active,6861.91
C008896,Lopa Date,Standard,Danapur,Tamil Nadu,India,2025-12-11,Active,8388.94
C008897,Harshil Memon,Standard,Ratlam,Karnataka,India,2025-01-14,Active,8363.65
C008898,Lucky Khanna,Enterprise,Madurai,Madhya Pradesh,India,2025-08-22,Active,15281.12
C008899,Akshay Gole,Standard,Bally,Punjab,India,2024-11-14,Active,8499.54
C008900,Ryan Chatterjee,Standard,Farrukhabad,Uttarakhand,India,2023-07-25,Active,22400.1
C008901,Ronith Sarkar,Premium,Chandigarh,Madhya Pradesh,India,2023-12-29,Active,11182.36
C008902,Falguni Toor,Premium,Agartala,Rajasthan,India,2026-05-29,Active,3199.35
C008903,Ryan Swamy,Enterprise,Gurgaon,Gujarat,India,2024-05-20,Inactive,8823.74
C008904,Urmi Varghese,Standard,Parbhani,Karnataka,India,2025-09-09,Active,17645.91
C008905,Elijah Rana,Standard,Dibrugarh,Himachal Pradesh,India,2024-12-17,Active,11376.52
C008906,Meghana Bassi,Premium,Patna,Nagaland,India,2023-12-30,Active,5661.89
C008907,Eshana Doctor,Standard,Kozhikode,Maharashtra,India,2024-06-06,Active,10408.23
C008908,Aditya Chaudhari,Enterprise,Eluru,Goa,India,2024-06-16,Active,6102.42
C008909,Timothy Sangha,Standard,Latur,Mizoram,India,2025-07-06,Active,18113.51
C008910,Yashodhara Rastogi,Enterprise,Raebareli,Uttarakhand,India,2025-02-21,Active,8203.06
C008911,Brinda Chander,Standard,Siwan,Rajasthan,India,2024-02-08,Active,4738.39
C008912,Indrajit Bala,Enterprise,Pali,Jharkhand,India,2025-09-12,Active,2223.78
C008913,Parth Natarajan,Premium,Kochi,Kerala,India,2023-10-29,Inactive,21083.42
C008914,Chandresh Mitra,Standard,Anand,Tripura,India,2025-08-12,Active,10159.1
C008915,Lakshit Gaba,Standard,Amravati,Meghalaya,India,2025-08-02,Active,15770.57
C008916,Wriddhish Bhandari,Standard,Dehradun,Maharashtra,India,2023-08-30,Active,10854.38
C008917,Qushi Kala,Standard,Kurnool,West Bengal,India,2025-10-11,Active,15296.46
C008918,Akshay Deshmukh,Standard,Kulti,Kerala,India,2024-12-27,Active,8587.3
C008919,Bina Mandal,Premium,Orai,Punjab,India,2026-06-20,Active,12443.38
C008920,Dipta Viswanathan,Standard,Kottayam,Kerala,India,2024-11-13,Inactive,10107.33
C008921,Ekantika Kanda,Premium,Madurai,West Bengal,India,2024-10-28,Active,29185.68
C008922,Frederick Munshi,Standard,Thane,Jharkhand,India,2023-11-02,Active,9138.63
C008923,Hemal Chada,Enterprise,Deoghar,Bihar,India,2024-09-27,Active,15009.7
C008924,Manan Konda,Standard,Sagar,Tamil Nadu,India,2026-01-18,Inactive,7111.74
C008925,Rajeshri De,Enterprise,Proddatur,Tripura,India,2026-06-10,Active,13213.45
C008926,Yashasvi Arora,Enterprise,Jalandhar,Odisha,India,2024-11-13,Active,4462.71
C008927,Yauvani Shanker,Enterprise,Vijayawada,Telangana,India,2025-03-12,Active,15288.28
C008928,Prisha Minhas,Enterprise,Sirsa,Nagaland,India,2023-06-30,Inactive,8059.8
C008929,Aashi Bajaj,Standard,Motihari,Odisha,India,2026-03-26,Active,6513.18
C008930,Xavier Soni,Premium,Mangalore,Nagaland,India,2026-06-19,Inactive,11420.85
C008931,Sara Mann,Premium,Gandhidham,Himachal Pradesh,India,2025-11-13,Active,15086.93
C008932,Ucchal Sur,Premium,Faridabad,Mizoram,India,2023-10-23,Active,13106.96
C008933,Kamya Chandran,Standard,Gopalpur,Uttarakhand,India,2023-10-21,Active,6887.18
C008934,Madhav Sami,Enterprise,Jorhat,Meghalaya,India,2026-01-06,Active,7380.28
C008935,Frederick Pandit,Standard,Vellore,Telangana,India,2023-08-24,Active,14923.34
C008936,Umang Sahni,Standard,Mahbubnagar,Haryana,India,2023-11-09,Active,9343.12
C008937,Zayan Chander,Premium,Jamnagar,Kerala,India,2024-08-22,Active,14854.7
C008938,Zaitra Kaur,Premium,Yamunanagar,Himachal Pradesh,India,2024-03-27,Active,15194.93
C008939,Isaiah More,Standard,Morbi,Karnataka,India,2026-03-14,Active,1706.15
C008940,Lekha Sagar,Standard,Khandwa,Jharkhand,India,2023-08-18,Active,3717.15
C008941,Harinakshi Palla,Standard,Hyderabad,Nagaland,India,2025-09-13,Active,8515.54
C008942,Vansha Bava,Enterprise,Anand,Sikkim,India,2024-05-29,Active,5011.24
C008943,Anvi Randhawa,Enterprise,Bongaigaon,Bihar,India,2023-08-27,Active,15088.64
C008944,Ethan Dhawan,Premium,Bellary,Meghalaya,India,2025-03-08,Inactive,3613.78
C008945,Neelima Bail,Enterprise,Arrah,Jharkhand,India,2025-01-16,Active,11425.33
C008946,Daniel Goda,Standard,Munger,Mizoram,India,2024-11-27,Active,9949.65
C008947,Chakradev Munshi,Standard,Katihar,Bihar,India,2023-07-14,Active,6099.6
C008948,Eiravati Bava,Enterprise,Sambhal,Chhattisgarh,India,2025-02-27,Active,18860.65
C008949,Omya Borde,Standard,Dhanbad,Meghalaya,India,2023-10-18,Inactive,6792.73
C008950,Udant Bora,Standard,Etawah,Uttarakhand,India,2026-06-01,Active,8342.9
C008951,Abhimanyu Seth,Enterprise,Bhusawal,Mizoram,India,2024-06-02,Active,4239.0
C008952,Yuvraj Nazareth,Standard,Guntur,Sikkim,India,2025-12-29,Active,8106.47
C008953,Rachana Sha,Standard,Tadepalligudem,Meghalaya,India,2024-10-24,Active,20146.53
C008954,Nicholas Sule,Standard,Ongole,Himachal Pradesh,India,2024-09-13,Active,7912.29
C008955,Ladli Wable,Standard,Pudukkottai,Odisha,India,2025-08-22,Active,9007.9
C008956,Lekha Bali,Premium,Hosur,Arunachal Pradesh,India,2024-05-24,Active,12679.74
C008957,Zaid Guha,Standard,Coimbatore,Rajasthan,India,2024-11-28,Active,10537.41
C008958,Upasna Kota,Premium,Silchar,Kerala,India,2025-12-27,Active,10453.67
C008959,Lohit Tripathi,Standard,Amroha,Maharashtra,India,2025-04-06,Active,10913.19
C008960,Kamala Divan,Standard,Vijayawada,Bihar,India,2025-06-17,Active,23805.6
C008961,Manya Chokshi,Standard,Anantapuram,Gujarat,India,2025-09-24,Active,7676.81
C008962,Chatura Chad,Standard,Kirari Suleman Nagar,Uttar Pradesh,India,2025-07-15,Inactive,8152.16
C008963,Vedika Kota,Premium,Machilipatnam,Meghalaya,India,2024-06-23,Active,14500.86
C008964,Ikbal Grewal,Enterprise,Faridabad,West Bengal,India,2024-12-01,Inactive,6887.38
C008965,Ekani Sarna,Standard,Gandhinagar,Arunachal Pradesh,India,2026-02-18,Active,15463.75
C008966,Raksha Yadav,Standard,Coimbatore,Sikkim,India,2025-09-11,Active,9225.42
C008967,Abhiram Rajan,Premium,Anantapur,Tripura,India,2023-08-07,Active,18450.15
C008968,Henry Toor,Standard,Madurai,Himachal Pradesh,India,2024-10-13,Active,13098.58
C008969,Damini Bora,Premium,Hajipur,Meghalaya,India,2024-11-08,Active,8496.47
C008970,Faris Memon,Standard,Phusro,Arunachal Pradesh,India,2026-03-21,Active,7857.61
C008971,Chaitaly Cherian,Standard,Gaya,West Bengal,India,2026-04-11,Active,16972.56
C008972,Vyanjana Seshadri,Standard,Panihati,Uttar Pradesh,India,2023-09-28,Active,12212.73
C008973,Gopal Dave,Standard,Katihar,Kerala,India,2026-02-27,Active,9895.8
C008974,Nitesh Taneja,Enterprise,Bellary,Bihar,India,2026-03-11,Active,9438.56
C008975,Krish Gaba,Standard,Junagadh,Meghalaya,India,2025-06-07,Inactive,16789.97
C008976,Yoshita Rege,Premium,Karnal,Assam,India,2026-04-12,Active,29065.17
C008977,Triya Bobal,Premium,Giridih,Tripura,India,2026-06-11,Active,12556.74
C008978,Upma Mitra,Standard,Rajahmundry,West Bengal,India,2023-07-27,Inactive,13542.71
C008979,Rohan Salvi,Enterprise,Tadipatri,Uttar Pradesh,India,2026-01-29,Active,7276.66
C008980,Hemal Chacko,Standard,Kottayam,Tamil Nadu,India,2024-08-09,Inactive,12078.99
C008981,Aachal Dara,Standard,Mira-Bhayandar,Jharkhand,India,2024-11-25,Active,13498.77
C008982,Devansh Gandhi,Standard,Naihati,Gujarat,India,2024-04-12,Active,7862.16
C008983,Ekavir Sahota,Standard,Mirzapur,Karnataka,India,2025-01-04,Active,7960.12
C008984,Alexander Dube,Standard,Rampur,Maharashtra,India,2024-01-15,Active,7056.96
C008985,Mitesh Gera,Standard,Ichalkaranji,Jharkhand,India,2023-09-22,Active,6984.58
C008986,Kalpit Prakash,Premium,Davanagere,Odisha,India,2025-01-18,Active,8144.28
C008987,Peter Chaudhry,Premium,Bikaner,Odisha,India,2024-10-06,Active,3551.39
C008988,Chasmum Pandey,Enterprise,Sirsa,Arunachal Pradesh,India,2023-10-20,Active,15511.74
C008989,Maanas Kuruvilla,Standard,Moradabad,Mizoram,India,2025-02-18,Active,10627.98
C008990,Rudra Thaman,Standard,Bellary,Tripura,India,2024-04-06,Active,3715.15
C008991,Ucchal Lad,Standard,Ballia,Goa,India,2024-08-22,Active,13341.26
C008992,Agastya Kakar,Standard,Ajmer,Meghalaya,India,2024-11-23,Active,15458.36
C008993,Garima Pant,Standard,Jalna,West Bengal,India,2025-06-25,Active,7691.7
C008994,Eshana Prasad,Premium,Proddatur,Andhra Pradesh,India,2024-11-19,Active,9281.39
C008995,Michael Halder,Standard,Ramagundam,Punjab,India,2024-04-12,Active,28725.93
C008996,Krishna Dutta,Premium,Aurangabad,Andhra Pradesh,India,2026-03-05,Active,11576.91
C008997,George Guha,Standard,Rajahmundry,Bihar,India,2023-07-16,Active,6116.48
C008998,Agastya Puri,Premium,Mumbai,Madhya Pradesh,India,2024-09-24,Active,7394.76
C008999,Mason Prabhu,Standard,Kavali,Mizoram,India,2024-04-18,Active,4331.79
C009000,Yagnesh Biswas,Premium,Jamnagar,Bihar,India,2025-07-01,Active,6578.4
C009001,Aishani Kota,Premium,Saharsa,Chhattisgarh,India,2023-10-01,Active,5483.94
C009002,Yuvraj Ganesh,Premium,Rajkot,Meghalaya,India,2024-11-15,Active,7386.7
C009003,Oliver Jaggi,Standard,Vijayawada,Nagaland,India,2024-03-22,Active,17128.31
C009004,Guneet Natarajan,Standard,Ramgarh,Mizoram,India,2023-09-17,Inactive,13328.47
C009005,Veda Bala,Standard,Malegaon,Madhya Pradesh,India,2025-10-23,Active,4908.91
C009006,Ira Magar,Premium,Jalandhar,Karnataka,India,2024-06-11,Active,22810.8
C009007,Jeet Buch,Standard,Coimbatore,Gujarat,India,2023-12-18,Active,14702.8
C009008,Eshana Murty,Enterprise,Ujjain,Manipur,India,2024-02-22,Active,2445.94
C009009,Chaaya Deshmukh,Standard,Siwan,Odisha,India,2024-09-09,Active,8516.01
C009010,David Puri,Standard,Tirunelveli,Meghalaya,India,2025-11-21,Active,13013.97
C009011,Rohan Lalla,Premium,Dewas,Arunachal Pradesh,India,2024-11-12,Active,6871.81
C009012,William Ahluwalia,Standard,Farrukhabad,Bihar,India,2024-01-11,Active,7186.26
C009013,Harsh Barman,Standard,New Delhi,Maharashtra,India,2024-10-13,Active,7772.3
C009014,Gopal Badami,Standard,Alwar,Jharkhand,India,2025-03-04,Active,11028.8
C009015,Manthan Dass,Enterprise,Sambalpur,Bihar,India,2026-01-08,Active,3828.0
C009016,Sanaya Pandya,Standard,Ozhukarai,Nagaland,India,2025-08-24,Active,1098.77
C009017,Mugdha Panchal,Standard,Bongaigaon,Goa,India,2024-04-28,Active,7242.5
C009018,Meghana Puri,Standard,Satara,Tamil Nadu,India,2025-10-24,Active,10195.0
C009019,Riya Shenoy,Enterprise,Ambattur,Rajasthan,India,2025-05-16,Active,7033.28
C009020,Yash Kaur,Standard,Nashik,Jharkhand,India,2026-01-03,Active,12157.3
C009021,Nidra Dayal,Premium,Saharsa,Kerala,India,2023-07-18,Active,29648.93
C009022,Ijaya Sarkar,Standard,Bareilly,Maharashtra,India,2025-05-08,Active,5357.29
C009023,Indira Dara,Premium,Berhampore,Haryana,India,2025-01-17,Active,20392.67
C009024,Tanmayi Rai,Standard,Cuttack,Tamil Nadu,India,2025-05-25,Active,17944.18
C009025,Bina Purohit,Premium,Visakhapatnam,Bihar,India,2024-08-19,Active,2312.83
C009026,Lucky Chander,Premium,Bhagalpur,Uttar Pradesh,India,2023-07-16,Active,4272.81
C009027,Charvi Baral,Enterprise,Aurangabad,Arunachal Pradesh,India,2026-05-03,Active,18709.48
C009028,Waida Sura,Standard,Baranagar,Manipur,India,2024-08-16,Active,13432.58
C009029,Oeshi Bobal,Premium,Munger,Telangana,India,2023-10-08,Active,9842.8
C009030,Waida Nayar,Enterprise,North Dumdum,Meghalaya,India,2025-09-08,Active,17478.59
C009031,Oliver Mangal,Premium,Aizawl,Kerala,India,2024-06-18,Active,8112.88
C009032,Hemang Gupta,Standard,Navi Mumbai,Tamil Nadu,India,2025-08-29,Active,7548.98
C009033,Xavier Mutti,Enterprise,Agra,Gujarat,India,2024-09-26,Active,6204.74
C009034,Manan Dara,Standard,Tenali,Sikkim,India,2026-03-27,Active,9989.82
C009035,Samar Kapadia,Standard,Cuttack,Telangana,India,2025-08-29,Active,4561.88
C009036,Ucchal Mangal,Premium,Dhule,Chhattisgarh,India,2024-10-30,Active,12044.86
C009037,Veda Lala,Standard,Guwahati,West Bengal,India,2026-02-01,Active,6786.27
C009038,Onkar Chacko,Enterprise,Junagadh,Uttarakhand,India,2023-11-19,Active,4299.34
C009039,Lakshit Krishnamurthy,Standard,Pallavaram,Kerala,India,2025-04-26,Inactive,7291.36
C009040,Maanas Oak,Standard,Warangal,Punjab,India,2025-01-03,Active,11246.97
C009041,Rayaan Kulkarni,Standard,Jodhpur,Meghalaya,India,2025-02-03,Active,6686.51
C009042,Frederick Reddy,Premium,Suryapet,Meghalaya,India,2024-11-26,Active,11006.68
C009043,Harsh Edwin,Standard,Delhi,Telangana,India,2024-02-10,Active,11567.41
C009044,Onkar Kata,Standard,Varanasi,Himachal Pradesh,India,2025-04-17,Active,10378.58
C009045,Krish Dewan,Standard,Ghaziabad,Maharashtra,India,2025-10-17,Active,9015.46
C009046,Viraj Chada,Standard,Nizamabad,Tamil Nadu,India,2024-08-23,Active,18046.89
C009047,Yochana Dugal,Standard,Alwar,Madhya Pradesh,India,2025-06-17,Active,8182.87
C009048,Varsha Dhar,Enterprise,Serampore,Chhattisgarh,India,2026-03-08,Active,4722.36
C009049,Urvashi Bhalla,Standard,Rajahmundry,Punjab,India,2026-06-24,Active,8886.03
C009050,Theodore Ram,Standard,Jaunpur,Sikkim,India,2023-10-15,Active,24495.91
C009051,Hritik Kari,Standard,Bhilwara,Uttarakhand,India,2024-10-28,Active,13731.3
C009052,Nidhi Sachdeva,Standard,Bhimavaram,West Bengal,India,2026-03-02,Active,10129.91
C009053,Prisha Bhatti,Premium,Jhansi,Goa,India,2023-07-18,Active,25617.9
C009054,Anita Hegde,Standard,Gaya,Uttarakhand,India,2025-02-19,Active,19187.78
C009055,Faraj Sachdev,Standard,Bathinda,Telangana,India,2024-02-18,Active,13791.05
C009056,Ekta Mohan,Standard,Hospet,Tripura,India,2025-04-12,Active,4050.56
C009057,Kala Date,Standard,Faridabad,Punjab,India,2025-09-25,Active,24417.71
C009058,Ikshita Golla,Standard,Srikakulam,Nagaland,India,2025-03-10,Active,12217.71
C009059,Anusha Bhat,Standard,Dewas,Karnataka,India,2025-06-01,Active,15376.22
C009060,Neel Agate,Standard,Bhubaneswar,West Bengal,India,2024-04-14,Active,11154.53
C009061,Wyatt Balan,Standard,Meerut,Karnataka,India,2025-05-09,Active,3069.06
C009062,Warinder Srinivasan,Premium,Ahmedabad,Tripura,India,2023-11-01,Active,11977.03
C009063,Krishna Kunda,Standard,Tirupati,Manipur,India,2026-03-25,Active,3903.48
C009064,Aradhana Soni,Enterprise,Ambarnath,Haryana,India,2025-08-16,Active,6003.55
C009065,Dayita Ramakrishnan,Standard,Bilaspur,Assam,India,2025-05-24,Active,7958.65
C009066,Rushil Sarkar,Premium,Bharatpur,Telangana,India,2024-11-18,Inactive,7203.61
C009067,Ijaya Karpe,Enterprise,Katihar,Kerala,India,2025-10-23,Active,10973.55
C009068,Krish Reddy,Standard,Jodhpur,West Bengal,India,2025-03-10,Active,11277.04
C009069,Saanvi Hora,Premium,Farrukhabad,Chhattisgarh,India,2026-05-29,Active,9308.31
C009070,Yug Mohanty,Enterprise,Varanasi,Sikkim,India,2024-02-06,Active,7343.57
C009071,Ishanvi Nadkarni,Standard,Jalna,Gujarat,India,2024-03-04,Active,5411.07
C009072,Kabir Kakar,Standard,Amroha,Nagaland,India,2025-12-30,Active,7309.62
C009073,Anita Warrior,Standard,Ambarnath,Tripura,India,2025-06-01,Active,9474.99
C009074,Lekha Bhagat,Enterprise,Uluberia,Uttar Pradesh,India,2024-06-13,Active,22960.96
C009075,Girindra Ahluwalia,Standard,Rohtak,Arunachal Pradesh,India,2025-08-15,Active,6981.8
C009076,Sai Kale,Standard,Kozhikode,Punjab,India,2025-09-22,Active,5181.14
C009077,Bimala Dasgupta,Premium,Anantapur,Jharkhand,India,2026-02-07,Active,1883.67
C009078,Vasatika Devan,Premium,Nanded,Himachal Pradesh,India,2025-06-13,Active,8216.15
C009079,Teerth Chakrabarti,Standard,Bhalswa Jahangir Pur,Uttarakhand,India,2026-05-14,Active,17728.64
C009080,Bishakha Pant,Premium,Bellary,Himachal Pradesh,India,2023-09-19,Active,8147.25
C009081,Bishakha Sem,Enterprise,Avadi,Himachal Pradesh,India,2024-04-10,Active,9878.0
C009082,Devansh Sharaf,Standard,Nandyal,Uttarakhand,India,2023-09-06,Active,5802.33
C009083,Gaurika Dugar,Standard,Noida,Maharashtra,India,2024-10-26,Active,9923.64
C009084,Unni Choudhury,Enterprise,Dehri,Mizoram,India,2026-01-14,Active,18427.53
C009085,Isha Randhawa,Premium,Bathinda,Mizoram,India,2025-05-02,Active,5186.24
C009086,Naveen Dara,Enterprise,Mau,Uttarakhand,India,2026-06-21,Active,5199.65
C009087,Chaitaly Korpal,Enterprise,Gudivada,West Bengal,India,2023-10-23,Active,13586.07
C009088,Divya Dave,Standard,Kolhapur,Punjab,India,2024-01-03,Active,7471.32
C009089,Madhavi Kibe,Standard,Parbhani,Haryana,India,2025-02-16,Active,12508.16
C009090,Qasim Gole,Premium,Bulandshahr,Goa,India,2024-02-24,Active,9629.17
C009091,Avi Gola,Standard,Raurkela Industrial Township,Odisha,India,2025-11-17,Active,6169.76
C009092,Anamika Verma,Standard,Noida,Assam,India,2026-02-15,Active,12003.12
C009093,Isha Sarkar,Standard,Ambala,Sikkim,India,2024-01-01,Active,10344.2
C009094,Samuel Venkatesh,Standard,Ongole,Nagaland,India,2024-06-08,Inactive,8864.61
C009095,Forum Bhargava,Premium,Nadiad,Karnataka,India,2025-11-09,Active,8289.99
C009096,Max Bedi,Premium,Karnal,Sikkim,India,2023-08-14,Active,19704.7
C009097,Priya Kamdar,Standard,Dibrugarh,Bihar,India,2024-01-17,Active,9005.05
C009098,Ekanta Thaman,Standard,Suryapet,Tripura,India,2025-06-27,Active,13659.4
C009099,Yuvraj Narula,Premium,Rourkela,West Bengal,India,2026-02-24,Active,12727.52
C009100,Advika Pall,Standard,Ramgarh,Sikkim,India,2025-03-02,Active,10017.04
C009101,Ethan Madan,Enterprise,Bhiwandi,Haryana,India,2024-06-29,Inactive,9674.97
C009102,Siddharth Deo,Standard,Saharsa,Sikkim,India,2026-02-02,Inactive,7132.67
C009103,George Borah,Premium,Aizawl,West Bengal,India,2024-11-18,Active,11984.87
C009104,Wishi Parmer,Standard,Hospet,Goa,India,2025-03-24,Active,8135.84
C009105,Ayush Mangat,Standard,Muzaffarnagar,Punjab,India,2026-02-01,Active,12366.12
C009106,Vasatika Chakrabarti,Standard,Ambala,Goa,India,2023-07-08,Inactive,9003.15
C009107,Harita Maharaj,Standard,Panvel,Jharkhand,India,2026-03-08,Active,2375.81
C009108,Jeremiah Singh,Standard,Madhyamgram,Madhya Pradesh,India,2026-05-18,Active,7437.1
C009109,Wazir Deep,Enterprise,Vijayawada,Odisha,India,2024-11-26,Active,10988.54
C009110,Oviya Zachariah,Standard,Jalandhar,Sikkim,India,2024-05-06,Active,5893.6
C009111,Rishi Krishnan,Standard,Tirunelveli,Maharashtra,India,2023-12-15,Active,5758.35
C009112,Chandani Chahal,Standard,Tadipatri,Karnataka,India,2026-06-21,Active,8637.06
C009113,Samaksh Tella,Standard,Sasaram,Sikkim,India,2026-04-16,Active,12438.15
C009114,Bimala Vala,Standard,Guntakal,Karnataka,India,2026-01-16,Active,7450.36
C009115,Michael Samra,Enterprise,Buxar,Andhra Pradesh,India,2026-03-12,Active,6829.63
C009116,Zinal Edwin,Enterprise,Thoothukudi,Karnataka,India,2025-04-05,Active,19619.64
C009117,Anjali Parekh,Standard,Dharmavaram,Mizoram,India,2023-12-12,Active,17165.14
C009118,Brinda Mahal,Premium,Guntur,Tamil Nadu,India,2024-09-16,Active,4655.23
C009119,Amruta Zachariah,Standard,Deoghar,Maharashtra,India,2026-06-19,Active,6052.05
C009120,Ojasvi Gour,Standard,Tiruvottiyur,Chhattisgarh,India,2023-08-29,Active,9548.17
C009121,Leela Bala,Standard,Thane,Odisha,India,2024-10-03,Inactive,16605.14
C009122,Girish Luthra,Premium,Haldia,Arunachal Pradesh,India,2024-03-31,Active,13967.74
C009123,Aadhya Bedi,Premium,Bhilai,Goa,India,2023-07-11,Active,6778.35
C009124,Odika Saran,Standard,Mathura,Karnataka,India,2023-10-16,Active,11531.36
C009125,Isaiah Wadhwa,Standard,Dewas,West Bengal,India,2023-08-14,Active,10866.95
C009126,Chaman Bobal,Standard,Saharanpur,Arunachal Pradesh,India,2024-08-30,Active,6622.84
C009127,Ayaan Wable,Standard,Bellary,Meghalaya,India,2024-02-28,Active,6156.58
C009128,Vihaan Uppal,Standard,Jaunpur,Telangana,India,2024-03-05,Active,12983.25
C009129,Rachita Andra,Standard,Junagadh,Chhattisgarh,India,2024-05-19,Active,13621.56
C009130,Isaiah Raju,Standard,Gudivada,Odisha,India,2026-01-24,Active,9109.81
C009131,Barkha Chhabra,Premium,Surat,Kerala,India,2023-10-18,Active,17930.55
C009132,Om Vaidya,Standard,Bettiah,Tamil Nadu,India,2026-03-07,Active,3419.12
C009133,Nachiket Patla,Standard,Unnao,Uttarakhand,India,2025-07-27,Active,9141.85
C009134,Zayyan Khurana,Premium,Singrauli,Andhra Pradesh,India,2023-07-09,Active,6327.43
C009135,Lohit Subramaniam,Standard,South Dumdum,Assam,India,2024-02-02,Active,7175.54
C009136,Neel Choudhry,Standard,Bokaro,Chhattisgarh,India,2023-10-24,Active,11741.86
C009137,Bhavini Varughese,Standard,Unnao,West Bengal,India,2023-09-12,Active,5728.16
C009138,Unnati Das,Enterprise,Kozhikode,Kerala,India,2024-05-15,Active,15708.73
C009139,Jai Bala,Standard,Khandwa,Madhya Pradesh,India,2024-12-10,Active,11211.55
C009140,Sudiksha Prasad,Standard,Ujjain,Karnataka,India,2024-05-08,Active,8267.37
C009141,Vasudha Natarajan,Standard,Bareilly,Tripura,India,2024-01-28,Active,2805.2
C009142,Yoshita Sathe,Premium,Panipat,Gujarat,India,2024-03-16,Active,9878.98
C009143,Saksham Nair,Enterprise,Muzaffarpur,Meghalaya,India,2026-02-16,Active,7671.49
C009144,Balveer Shere,Standard,Dibrugarh,Telangana,India,2025-09-17,Active,3655.18
C009145,Ranveer De,Premium,Madhyamgram,Arunachal Pradesh,India,2025-09-02,Active,5031.94
C009146,Yagnesh Venkataraman,Premium,Coimbatore,Arunachal Pradesh,India,2026-02-21,Active,17283.68
C009147,Bina Chad,Standard,Ichalkaranji,Bihar,India,2023-12-18,Active,4043.97
C009148,Hiral Deshpande,Premium,Dibrugarh,Rajasthan,India,2025-04-25,Active,10612.76
C009149,Owen Mann,Standard,Thanjavur,Andhra Pradesh,India,2024-07-31,Active,7749.68
C009150,Sai Agate,Standard,Sirsa,Bihar,India,2024-10-13,Active,7076.65
C009151,Isaac Kata,Standard,Ghaziabad,Meghalaya,India,2024-10-20,Active,3946.14
C009152,Warjas Pall,Standard,Rohtak,Arunachal Pradesh,India,2026-04-09,Active,6525.25
C009153,Imaran Tandon,Standard,Ludhiana,Nagaland,India,2026-01-15,Active,6561.66
C009154,Zansi Kakar,Standard,North Dumdum,Mizoram,India,2024-11-07,Active,5934.89
C009155,Neha Kohli,Standard,Dehradun,Goa,India,2024-06-14,Active,11628.75
C009156,Qarin Majumdar,Premium,Mehsana,Uttar Pradesh,India,2025-09-10,Active,6141.51
C009157,Chakradev Pandit,Standard,Visakhapatnam,Maharashtra,India,2026-04-01,Active,9188.18
C009158,Udyati Oommen,Standard,Bulandshahr,Maharashtra,India,2025-09-14,Active,16973.13
C009159,Sai Bedi,Premium,Dehradun,Bihar,India,2024-08-29,Active,5496.81
C009160,Kavya Chaudhuri,Enterprise,Jehanabad,Maharashtra,India,2024-12-08,Active,9804.55
C009161,Frederick Edwin,Standard,Motihari,Bihar,India,2026-01-02,Active,6594.01
C009162,Michael Jaggi,Standard,Malda,Kerala,India,2025-09-26,Inactive,8681.02
C009163,Kala Bala,Standard,Pali,Tripura,India,2026-04-22,Active,4962.42
C009164,Libni Bhandari,Standard,Firozabad,Telangana,India,2023-06-26,Active,14931.43
C009165,Robert Swamy,Enterprise,Srinagar,Tripura,India,2025-12-19,Active,3749.08
C009166,Ati Balan,Standard,Eluru,Himachal Pradesh,India,2024-08-15,Active,4647.29
C009167,Xavier Hayer,Standard,Gudivada,Chhattisgarh,India,2024-10-11,Active,12391.97
C009168,Simon Halder,Premium,Chandigarh,Chhattisgarh,India,2025-01-31,Inactive,11234.52
C009169,Udyati Sahni,Standard,Etawah,Odisha,India,2025-11-19,Active,5378.35
C009170,Chakrika Sanghvi,Standard,Dehradun,Kerala,India,2023-10-29,Active,20959.19
C009171,Mitesh Ratti,Enterprise,Warangal,Odisha,India,2026-02-22,Active,15950.72
C009172,Mekhala Chanda,Enterprise,Mangalore,Himachal Pradesh,India,2026-02-07,Inactive,9913.31
C009173,Guneet Bhandari,Standard,Gandhinagar,Bihar,India,2025-05-10,Active,21132.63
C009174,Gopal Krishna,Standard,Kota,Uttarakhand,India,2025-12-11,Active,17234.1
C009175,Kamala Yohannan,Standard,Kottayam,Chhattisgarh,India,2025-03-05,Active,5644.06
C009176,Chaitaly Panchal,Premium,Tirupati,Gujarat,India,2024-07-21,Active,7573.31
C009177,Kai Rajagopalan,Standard,Ongole,Madhya Pradesh,India,2026-01-27,Active,5223.48
C009178,Gauri Oak,Standard,Bhubaneswar,Nagaland,India,2024-05-27,Active,22238.47
C009179,Damyanti Mukherjee,Standard,Jalandhar,Odisha,India,2025-09-03,Active,19027.8
C009180,Anjali Varughese,Standard,Raebareli,Andhra Pradesh,India,2026-03-19,Inactive,4505.02
C009181,Omkaar Nazareth,Standard,Satara,Sikkim,India,2026-02-10,Active,5794.9
C009182,Siddharth Deol,Standard,Muzaffarpur,Karnataka,India,2025-12-16,Active,8777.89
C009183,Udarsh Krishna,Standard,Raipur,Uttar Pradesh,India,2026-04-21,Active,9807.08
C009184,Harrison Sharma,Standard,Thane,Punjab,India,2026-03-13,Active,3627.54
C009185,Ria Savant,Standard,Nashik,Sikkim,India,2025-01-03,Active,5323.58
C009186,Robert Puri,Standard,Amaravati,Mizoram,India,2025-08-05,Active,13378.27
C009187,Keya Venkatesh,Standard,Raiganj,Maharashtra,India,2024-02-12,Active,4711.77
C009188,Ekanta Mahal,Standard,Mumbai,Madhya Pradesh,India,2026-04-27,Inactive,3864.77
C009189,Shivani Vyas,Standard,Kharagpur,West Bengal,India,2023-09-10,Active,14122.32
C009190,Wishi Bala,Standard,Udaipur,Sikkim,India,2024-12-10,Active,12091.29
C009191,Baljiwan Vig,Premium,Gulbarga,Telangana,India,2026-02-07,Active,8342.22
C009192,Falan Trivedi,Standard,Aurangabad,Tamil Nadu,India,2025-11-05,Active,3592.49
C009193,Nandini Bansal,Standard,Lucknow,Kerala,India,2026-06-10,Active,13745.05
C009194,Dev Sridhar,Premium,Tiruvottiyur,Punjab,India,2025-01-27,Active,7253.99
C009195,Shravya Chatterjee,Premium,South Dumdum,Maharashtra,India,2024-10-08,Active,12856.65
C009196,Yochana Memon,Premium,Nashik,Arunachal Pradesh,India,2024-01-30,Active,8193.35
C009197,Gagan Dey,Standard,Malegaon,Odisha,India,2023-08-19,Active,9348.94
C009198,Diya Nanda,Enterprise,Raichur,Andhra Pradesh,India,2024-07-16,Active,21150.98
C009199,Oliver Khatri,Standard,Nangloi Jat,Mizoram,India,2024-09-08,Active,13591.46
C009200,Chanchal Ravel,Standard,Saharsa,Himachal Pradesh,India,2025-01-23,Active,21805.94
C009201,Pushti Sampath,Enterprise,Sasaram,Sikkim,India,2024-10-18,Active,11476.98
C009202,Ishanvi Keer,Premium,Alappuzha,Manipur,India,2026-05-01,Active,7566.96
C009203,Wazir Malhotra,Standard,Ichalkaranji,Madhya Pradesh,India,2026-02-20,Active,6694.77
C009204,Ikbal Dasgupta,Premium,Latur,Madhya Pradesh,India,2023-12-29,Active,10508.26
C009205,Onveer Lad,Standard,Kanpur,Telangana,India,2026-04-12,Active,8957.13
C009206,Bina Kala,Premium,Chandrapur,Assam,India,2025-11-11,Active,23512.64
C009207,Radhika Jha,Standard,Chapra,Kerala,India,2023-09-22,Active,3553.37
C009208,Bhavya Madan,Standard,Muzaffarpur,Nagaland,India,2023-09-09,Inactive,8382.26
C009209,Falguni Hora,Premium,Vasai-Virar,Tamil Nadu,India,2024-03-30,Active,18521.21
C009210,Adweta Vora,Standard,Dehri,Nagaland,India,2025-12-20,Active,13580.17
C009211,Samaksh Pant,Premium,Bhiwani,Manipur,India,2025-03-25,Active,18882.42
C009212,Faras Dugar,Standard,Raebareli,Jharkhand,India,2023-12-30,Active,12754.38
C009213,Sneha Hayer,Enterprise,Ahmednagar,Manipur,India,2024-01-25,Active,5953.96
C009214,Faqid Banik,Standard,Bathinda,Rajasthan,India,2023-07-27,Active,16022.0
C009215,Yatin Dhingra,Standard,Amaravati,Goa,India,2024-10-13,Active,8763.17
C009216,Xavier Din,Premium,Ahmednagar,Arunachal Pradesh,India,2026-05-03,Active,8812.77
C009217,Gaurav Jhaveri,Premium,Berhampore,West Bengal,India,2026-01-09,Active,23274.6
C009218,Siddharth Purohit,Enterprise,Pudukkottai,Kerala,India,2025-08-01,Inactive,12112.32
C009219,Janaki Behl,Standard,Pudukkottai,Arunachal Pradesh,India,2025-11-24,Inactive,14478.73
C009220,Sneha Kaul,Enterprise,Chinsurah,Bihar,India,2024-11-20,Active,8113.63
C009221,Ethan Panchal,Standard,Jalandhar,Meghalaya,India,2025-03-18,Inactive,7753.6
C009222,Yashasvi Parmer,Standard,Udaipur,Goa,India,2023-08-20,Active,24946.96
C009223,Agastya Prabhu,Premium,Karawal Nagar,Maharashtra,India,2025-08-01,Active,10548.15
C009224,Watika Thakkar,Enterprise,Delhi,Haryana,India,2024-12-12,Active,5898.8
C009225,Oviya Nigam,Premium,Darbhanga,Bihar,India,2023-12-01,Active,2335.5
C009226,Sara Apte,Enterprise,Pali,Tamil Nadu,India,2025-06-19,Active,9863.97
C009227,Aahana Rege,Standard,Gaya,Jharkhand,India,2024-12-14,Active,3178.0
C009228,Ridhi Baria,Enterprise,Hindupur,Goa,India,2024-01-05,Active,4942.37
C009229,Eiravati Dash,Standard,Raurkela Industrial Township,Goa,India,2024-10-03,Active,13226.38
C009230,Turvi Bassi,Standard,Noida,Bihar,India,2024-04-02,Active,13442.34
C009231,Ucchal Mall,Standard,Pudukkottai,Odisha,India,2025-03-05,Active,16594.89
C009232,Nisha Munshi,Standard,Srinagar,Nagaland,India,2025-08-25,Inactive,6068.72
C009233,Tanish Gupta,Premium,Nashik,Sikkim,India,2023-11-11,Inactive,6655.65
C009234,William Thaker,Standard,Purnia,Assam,India,2025-07-01,Active,17120.45
C009235,Divya Raja,Premium,Ichalkaranji,Maharashtra,India,2024-12-29,Active,10372.34
C009236,Veda Tata,Enterprise,Munger,Goa,India,2024-03-24,Active,14274.35
C009237,Mohini Barad,Standard,Motihari,Uttar Pradesh,India,2025-10-21,Active,10109.24
C009238,Arya Kalla,Standard,Latur,Andhra Pradesh,India,2025-08-18,Active,12659.68
C009239,Champak Maharaj,Standard,Thane,Mizoram,India,2024-10-30,Active,8611.56
C009240,Ekalinga Jain,Standard,Gudivada,Odisha,India,2026-02-08,Active,13880.98
C009241,Januja Rajagopal,Standard,Baranagar,Gujarat,India,2023-11-16,Active,14089.76
C009242,Anya Arya,Standard,Latur,Karnataka,India,2023-12-31,Active,12902.19
C009243,Sanya Master,Standard,Raurkela Industrial Township,Chhattisgarh,India,2025-09-08,Inactive,7105.09
C009244,Gayathri Bawa,Premium,Noida,Jharkhand,India,2025-11-02,Active,6527.23
C009245,Aishani Chowdhury,Premium,Mango,Sikkim,India,2025-12-24,Active,4015.7
C009246,Ayushman Nadkarni,Standard,Kumbakonam,Maharashtra,India,2024-07-22,Active,4118.95
C009247,Ikshita Padmanabhan,Premium,Nagercoil,Manipur,India,2025-12-02,Active,7800.51
C009248,Darsh Sagar,Standard,Amaravati,Manipur,India,2023-11-14,Active,25280.01
C009249,Gaurang Kibe,Standard,Rajkot,Arunachal Pradesh,India,2026-02-20,Inactive,5181.73
C009250,Jagvi Sem,Standard,Unnao,Uttarakhand,India,2025-08-28,Active,4088.05
C009251,Yadavi Singhal,Premium,Malegaon,Tamil Nadu,India,2024-05-01,Active,8985.42
C009252,Harita Dara,Enterprise,Hosur,Telangana,India,2024-04-08,Active,12500.02
C009253,Tanmayi Varkey,Enterprise,Panipat,Uttar Pradesh,India,2023-08-10,Active,10369.86
C009254,Faris Mistry,Enterprise,Raichur,Odisha,India,2024-09-15,Active,7236.67
C009255,Farhan Sandal,Premium,Ratlam,Telangana,India,2025-06-27,Active,11606.39
C009256,Mason Gour,Standard,Tinsukia,Chhattisgarh,India,2023-08-27,Active,9774.08
C009257,Chanakya Ratti,Premium,Kolhapur,Uttar Pradesh,India,2024-03-04,Active,8955.19
C009258,Chakradhar Kala,Standard,Yamunanagar,Assam,India,2023-10-30,Active,793.53
C009259,Wakeeta Bhattacharyya,Standard,Panvel,Sikkim,India,2025-10-16,Active,16495.18
C009260,Anthony Patil,Standard,Mathura,Bihar,India,2024-02-19,Active,12838.35
C009261,Saumya Oommen,Premium,Jalna,Nagaland,India,2023-12-02,Active,14883.03
C009262,Amol Mukherjee,Enterprise,Uluberia,Karnataka,India,2024-01-16,Active,7746.28
C009263,Ronith Thakkar,Standard,New Delhi,Uttarakhand,India,2025-09-21,Inactive,6660.57
C009264,Vidhi Swamy,Standard,Siwan,Arunachal Pradesh,India,2026-02-02,Active,17283.61
C009265,Watika Chawla,Standard,Amritsar,Telangana,India,2024-08-02,Active,6017.64
C009266,Bahadurjit Sankaran,Enterprise,Belgaum,Gujarat,India,2025-05-31,Active,6849.99
C009267,Dalbir Lad,Premium,Korba,Madhya Pradesh,India,2023-07-08,Active,14987.85
C009268,Sachi Bala,Standard,Bareilly,Andhra Pradesh,India,2025-09-16,Active,10454.32
C009269,Lila Wali,Premium,Gurgaon,Manipur,India,2023-08-17,Active,16160.18
C009270,Mohini Chander,Premium,Panvel,Rajasthan,India,2025-02-03,Active,9827.68
C009271,Lakshit Raman,Standard,Bidar,Arunachal Pradesh,India,2025-09-01,Active,8786.47
C009272,Lucky Tella,Standard,Rajahmundry,Assam,India,2026-01-13,Active,15275.06
C009273,Lakshmi Natarajan,Standard,Jamnagar,Odisha,India,2025-03-05,Active,7240.54
C009274,Dhruv Bandi,Standard,Vellore,Manipur,India,2025-04-28,Active,6442.6
C009275,Anusha Gara,Premium,Pallavaram,Himachal Pradesh,India,2025-01-19,Active,9037.94
C009276,Sanya Parmer,Standard,Bhimavaram,West Bengal,India,2025-07-19,Active,6285.75
C009277,Yuvraj Kadakia,Premium,Unnao,Rajasthan,India,2026-04-26,Active,11344.96
C009278,Zehaan Palan,Standard,Dindigul,Jharkhand,India,2024-11-01,Active,5322.54
C009279,Fitan Korpal,Premium,Sangli-Miraj & Kupwad,Punjab,India,2024-12-16,Active,15763.5
C009280,Bimala Nadkarni,Standard,Sambhal,Gujarat,India,2024-01-29,Active,8606.0
C009281,Rushil Modi,Standard,Erode,Haryana,India,2025-10-18,Active,9308.57
C009282,Nilima Viswanathan,Standard,Mango,Uttar Pradesh,India,2023-07-27,Active,18833.49
C009283,Ganga Kant,Premium,Darbhanga,Maharashtra,India,2026-02-07,Active,4248.5
C009284,Lajita Aurora,Standard,Belgaum,Andhra Pradesh,India,2024-01-24,Active,7348.35
C009285,Eiravati Parikh,Standard,Etawah,Bihar,India,2024-04-04,Active,6575.58
C009286,Jasmit Kunda,Premium,Dindigul,Nagaland,India,2026-03-05,Active,7479.09
C009287,Zansi Bhandari,Enterprise,Jaipur,Tripura,India,2026-03-11,Inactive,6379.16
C009288,Manya Keer,Enterprise,Jalandhar,Gujarat,India,2023-12-08,Active,17925.91
C009289,Aadhya Mann,Premium,Thane,Madhya Pradesh,India,2023-12-30,Active,8601.63
C009290,Aarna Saran,Enterprise,Rajahmundry,Nagaland,India,2023-09-27,Active,2775.54
C009291,Jhalak Palla,Enterprise,Erode,Nagaland,India,2026-04-03,Active,8564.56
C009292,Lavanya Saxena,Premium,Jhansi,Punjab,India,2024-07-09,Active,15112.35
C009293,Kalpit Walia,Enterprise,Guntur,Meghalaya,India,2024-05-09,Active,12028.24
C009294,Omaja Gupta,Standard,Nizamabad,Karnataka,India,2024-07-09,Active,7752.25
C009295,Yauvani Narayanan,Premium,Kishanganj,Kerala,India,2025-06-01,Inactive,6006.69
C009296,Aarush Nigam,Premium,Dehri,Karnataka,India,2025-11-20,Active,3853.21
C009297,Nihal Garde,Enterprise,Khora ,Andhra Pradesh,India,2024-10-23,Active,11836.05
C009298,Azad Dasgupta,Standard,Chittoor,Manipur,India,2026-03-31,Active,7151.82
C009299,Daksh Kari,Standard,Jalandhar,West Bengal,India,2025-03-22,Active,6330.34
C009300,Yatan Jain,Premium,Sambhal,Chhattisgarh,India,2025-08-16,Active,12067.59
C009301,Adya Sarkar,Premium,Raichur,Punjab,India,2024-04-12,Active,7100.6
C009302,Ekaraj Sridhar,Enterprise,Sirsa,Arunachal Pradesh,India,2026-05-02,Active,7554.87
C009303,Mahika Korpal,Premium,Malegaon,Maharashtra,India,2025-11-06,Active,11438.99
C009304,Hiral Maharaj,Standard,Mehsana,Punjab,India,2024-06-20,Active,5879.35
C009305,Fitan Saini,Standard,Karaikudi,Manipur,India,2024-03-17,Active,15131.78
C009306,Hardik Gour,Standard,Jalandhar,Odisha,India,2023-12-24,Active,13246.18
C009307,Christopher Tak,Standard,Purnia,Uttarakhand,India,2024-06-10,Inactive,9444.52
C009308,Neha Oak,Standard,Tirupati,Sikkim,India,2023-10-26,Active,10051.98
C009309,Ansh Lal,Standard,Gandhidham,Mizoram,India,2024-08-01,Active,6269.33
C009310,Watika Sarraf,Premium,Chapra,Uttar Pradesh,India,2024-07-31,Active,12676.23
C009311,Anirudh Shetty,Enterprise,Bilaspur,Assam,India,2024-11-11,Active,16252.0
C009312,Adweta Dara,Standard,Udaipur,Mizoram,India,2025-01-08,Active,6662.88
C009313,Dalbir Sathe,Standard,Parbhani,Himachal Pradesh,India,2024-04-15,Active,4528.14
C009314,Unni Oza,Standard,Ghaziabad,Odisha,India,2026-02-19,Active,13415.37
C009315,Dayita Oza,Enterprise,Mango,Bihar,India,2025-04-30,Active,8947.45
C009316,Raagini Barad,Premium,Rajpur Sonarpur,Odisha,India,2024-04-26,Active,16903.05
C009317,Indali Mittal,Enterprise,Moradabad,Mizoram,India,2023-11-07,Active,11084.76
C009318,Keya Peri,Standard,Durgapur,Punjab,India,2025-12-23,Active,13743.03
C009319,Januja Pingle,Enterprise,Karimnagar,Maharashtra,India,2024-11-05,Active,16489.75
C009320,Yashvi Nigam,Standard,Ahmedabad,Sikkim,India,2024-02-25,Active,13471.2
C009321,Udarsh Sankar,Enterprise,Vijayawada,Haryana,India,2025-04-14,Active,19462.4
C009322,Wazir Barman,Standard,Surendranagar Dudhrej,Manipur,India,2026-01-24,Active,8288.38
C009323,Sanaya Saxena,Standard,Durgapur,Goa,India,2024-11-11,Active,7243.79
C009324,Janaki Bera,Standard,Satna,Assam,India,2023-07-02,Active,14296.1
C009325,Yahvi Rajagopal,Standard,Ludhiana,Punjab,India,2024-02-02,Active,6577.08
C009326,Samaksh Bali,Standard,Panihati,Haryana,India,2026-05-07,Inactive,8243.53
C009327,Saanvi Gaba,Standard,Madanapalle,Rajasthan,India,2024-11-29,Active,8180.06
C009328,Yatan Ramachandran,Enterprise,Khandwa,Nagaland,India,2024-08-25,Active,7106.31
C009329,Radhika Ganesh,Standard,Ujjain,Gujarat,India,2023-08-29,Active,9674.52
C009330,Aashi Gopal,Standard,Berhampur,Chhattisgarh,India,2024-11-14,Active,10026.03
C009331,Abhimanyu Virk,Standard,Bettiah,Kerala,India,2024-11-03,Active,8376.32
C009332,Janya Sarin,Premium,Hosur,Jharkhand,India,2024-08-14,Active,8246.59
C009333,Baghyawati Date,Standard,Etawah,Jharkhand,India,2025-12-26,Active,9726.96
C009334,Raksha Narayanan,Enterprise,Burhanpur,Jharkhand,India,2026-05-10,Active,14053.82
C009335,Timothy Datta,Standard,Belgaum,Uttarakhand,India,2026-02-06,Active,11341.74
C009336,Raagini Sheth,Standard,Unnao,Uttar Pradesh,India,2025-06-16,Active,17943.38
C009337,Guneet Ahuja,Standard,Secunderabad,Tripura,India,2023-07-16,Active,16187.16
C009338,Avi Kar,Standard,Surendranagar Dudhrej,Himachal Pradesh,India,2026-04-07,Active,8366.53
C009339,Chandani Kumer,Standard,Kulti,Rajasthan,India,2023-12-05,Inactive,1937.8
C009340,Dev Barman,Standard,Jamalpur,Tamil Nadu,India,2024-01-19,Active,2887.65
C009341,Eesha Dash,Premium,Satara,Goa,India,2026-04-28,Inactive,13387.73
C009342,Benjamin Ramanathan,Standard,Suryapet,Arunachal Pradesh,India,2025-06-05,Active,4152.51
C009343,Damyanti Doshi,Enterprise,Raebareli,Nagaland,India,2026-02-23,Active,17819.04
C009344,Atharv Bajwa,Premium,Vellore,Punjab,India,2023-09-03,Active,1821.31
C009345,Aayush Karnik,Standard,Vellore,West Bengal,India,2025-04-08,Active,3738.88
C009346,Aashi Apte,Enterprise,Bhiwandi,Karnataka,India,2024-09-07,Active,15715.69
C009347,Yamini Om,Enterprise,Chapra,Andhra Pradesh,India,2023-11-05,Active,10650.14
C009348,Deepa Sankaran,Enterprise,Mango,Nagaland,India,2024-12-15,Active,12617.66
C009349,Vincent Kumar,Standard,Chapra,Chhattisgarh,India,2025-03-18,Active,12477.8
C009350,Upadhriti Gopal,Standard,Motihari,Madhya Pradesh,India,2024-01-14,Active,15511.52
C009351,Charvi Dey,Standard,Mirzapur,Kerala,India,2023-09-16,Active,7588.78
C009352,Charles Bali,Standard,Bardhaman,Maharashtra,India,2023-08-31,Active,2812.65
C009353,Bishakha Kaur,Standard,Udupi,Rajasthan,India,2025-08-26,Active,8972.49
C009354,Vinaya Lall,Standard,Bijapur,Madhya Pradesh,India,2026-05-20,Active,16028.01
C009355,Arjun Ben,Standard,Jammu,Rajasthan,India,2024-05-29,Active,4221.25
C009356,Krisha Jain,Enterprise,Guntur,Himachal Pradesh,India,2024-07-22,Active,6264.95
C009357,Yug Tata,Premium,Bhopal,Kerala,India,2026-06-24,Active,11790.45
C009358,Aayush Mitra,Enterprise,Yamunanagar,Chhattisgarh,India,2026-04-16,Active,6633.74
C009359,Frederick Bhattacharyya,Standard,Ghaziabad,Maharashtra,India,2026-03-05,Active,19800.32
C009360,Hemangini Babu,Premium,Proddatur,Meghalaya,India,2025-04-05,Active,6161.95
C009361,Hemal Dhawan,Enterprise,Thrissur,Andhra Pradesh,India,2024-10-07,Inactive,6126.75
C009362,Lajita Chand,Standard,Solapur,Mizoram,India,2026-06-04,Inactive,4884.51
C009363,Janya Barad,Premium,Berhampore,Tripura,India,2024-08-05,Active,11819.6
C009364,Neelima Shukla,Premium,Adoni,Goa,India,2023-08-12,Active,9718.82
C009365,Wyatt Mand,Enterprise,Ajmer,Sikkim,India,2025-03-11,Active,9662.33
C009366,Ishani De,Premium,Shimoga,Andhra Pradesh,India,2024-09-29,Active,11218.23
C009367,Bhavika Dhar,Enterprise,South Dumdum,Arunachal Pradesh,India,2024-12-30,Active,7940.92
C009368,Dayita Raj,Standard,Bhiwani,West Bengal,India,2024-10-17,Active,14569.34
C009369,Shravya Thakur,Standard,Gurgaon,Meghalaya,India,2023-07-09,Active,4336.79
C009370,Utkarsh Chawla,Premium,Bellary,Himachal Pradesh,India,2024-01-11,Active,13265.34
C009371,Krishna Mangal,Premium,Sultan Pur Majra,Chhattisgarh,India,2024-09-11,Active,13621.98
C009372,Wishi Palan,Standard,Bhatpara,Goa,India,2024-02-29,Active,11541.56
C009373,Vincent Kara,Standard,Kadapa,Jharkhand,India,2024-12-09,Active,8942.4
C009374,Ijaya Sachdeva,Enterprise,Mango,Chhattisgarh,India,2024-08-14,Active,8019.97
C009375,Janya Balakrishnan,Premium,Sambhal,Uttarakhand,India,2024-03-18,Active,4446.31
C009376,Lohit Baral,Standard,Guna,Haryana,India,2026-01-02,Inactive,7695.18
C009377,Vasatika Sabharwal,Premium,Agra,Gujarat,India,2024-12-31,Active,4981.62
C009378,Riya Konda,Standard,Mau,Punjab,India,2024-10-09,Inactive,8528.05
C009379,Ekapad Mutti,Standard,Kollam,Haryana,India,2023-10-21,Active,9853.73
C009380,Ekbal Bera,Standard,Chittoor,West Bengal,India,2025-10-29,Active,8510.25
C009381,Kabir Sani,Enterprise,Bellary,Tripura,India,2024-04-09,Active,2036.15
C009382,Anjali Rege,Standard,Gurgaon,Kerala,India,2025-02-07,Active,15598.76
C009383,Hemang Palan,Premium,Jaunpur,Gujarat,India,2024-11-01,Active,12746.34
C009384,Patrick Garde,Premium,Jabalpur,Andhra Pradesh,India,2023-06-26,Active,11012.24
C009385,Netra Chakraborty,Standard,Korba,West Bengal,India,2023-11-27,Active,6170.89
C009386,Meera Dada,Enterprise,Alappuzha,Haryana,India,2025-07-02,Inactive,8177.99
C009387,Yauvani Bahl,Premium,Khora ,Tamil Nadu,India,2023-08-06,Active,5892.85
C009388,Tanmayi Chander,Enterprise,Kavali,Tamil Nadu,India,2025-10-12,Active,9565.2
C009389,Nisha Koshy,Standard,Firozabad,Gujarat,India,2025-11-18,Active,12449.84
C009390,Chandresh Mishra,Premium,Udaipur,Maharashtra,India,2024-11-29,Active,13665.02
C009391,Pahal Bhardwaj,Standard,Dhanbad,Odisha,India,2025-06-26,Active,12177.69
C009392,Farhan Datta,Standard,Kamarhati,Rajasthan,India,2024-07-28,Active,5202.35
C009393,Advik Bail,Standard,Suryapet,Sikkim,India,2026-05-21,Active,5009.99
C009394,Max Date,Standard,Firozabad,Goa,India,2025-12-19,Active,9727.96
C009395,Sarthak Jaggi,Premium,Jamalpur,Nagaland,India,2023-11-06,Active,10528.52
C009396,Yochana Pandey,Standard,Pali,Jharkhand,India,2024-10-29,Active,6529.85
C009397,Edhitha Roy,Enterprise,Secunderabad,Sikkim,India,2026-05-08,Active,8187.43
C009398,Oscar Ram,Premium,Bardhaman,Odisha,India,2025-07-26,Active,5374.89
C009399,Bakhshi Karan,Enterprise,Dehri,Haryana,India,2024-11-16,Active,12396.97
C009400,Unnati Rattan,Standard,Bidhannagar,Meghalaya,India,2024-11-18,Active,9752.95
C009401,Darsh Kara,Premium,Bhagalpur,Chhattisgarh,India,2024-06-14,Active,15116.33
C009402,Henry Bajaj,Premium,Nizamabad,Telangana,India,2023-08-19,Active,6182.54
C009403,Jeet Ramaswamy,Standard,Dindigul,Himachal Pradesh,India,2023-07-31,Active,12712.1
C009404,Michael Khatri,Standard,Panvel,Manipur,India,2024-11-13,Inactive,7830.85
C009405,Prisha Nagy,Standard,Bokaro,Madhya Pradesh,India,2024-08-22,Inactive,2777.44
C009406,Isaiah Thakur,Standard,Chapra,Maharashtra,India,2025-11-06,Active,11252.23
C009407,Bachittar Doctor,Enterprise,Uluberia,Arunachal Pradesh,India,2024-07-16,Active,15688.07
C009408,Rajata Sanghvi,Enterprise,Malda,Himachal Pradesh,India,2025-07-23,Active,11184.77
C009409,Aadi Setty,Premium,Nellore,Himachal Pradesh,India,2026-03-28,Inactive,8106.79
C009410,Prisha Banik,Standard,Ozhukarai,Uttarakhand,India,2024-11-11,Active,914.17
C009411,Krishna Dayal,Enterprise,Pune,Nagaland,India,2026-05-17,Active,10028.72
C009412,Shivansh Sandhu,Premium,Bhilai,Telangana,India,2024-04-26,Inactive,10854.56
C009413,Vedant Oza,Premium,Surat,Odisha,India,2024-02-11,Active,4901.57
C009414,Janaki Oza,Standard,Siliguri,Rajasthan,India,2024-02-24,Active,15380.22
C009415,Tamanna Jhaveri,Enterprise,Sasaram,Uttarakhand,India,2025-12-03,Active,6549.69
C009416,Devansh Arora,Enterprise,Tenali,Mizoram,India,2024-08-26,Inactive,7747.97
C009417,Ikbal Gupta,Standard,Amroha,Andhra Pradesh,India,2025-01-31,Active,8831.3
C009418,Advaith Peri,Standard,Anantapuram,Uttar Pradesh,India,2024-12-20,Active,9203.29
C009419,Ranveer Thakkar,Standard,Yamunanagar,West Bengal,India,2024-02-24,Active,11497.28
C009420,Neha Prabhu,Standard,Karaikudi,Rajasthan,India,2024-11-10,Active,6119.91
C009421,Bhavna Chada,Standard,Ballia,Bihar,India,2024-10-02,Active,14652.71
C009422,Jairaj Raj,Premium,Khandwa,Chhattisgarh,India,2026-05-05,Active,7562.59
C009423,Arunima Pal,Premium,Mirzapur,Maharashtra,India,2025-08-28,Active,13591.03
C009424,Nilima Badami,Enterprise,Solapur,Kerala,India,2025-10-06,Active,5566.47
C009425,Sarthak Dalal,Premium,Khammam,West Bengal,India,2024-08-05,Active,13413.23
C009426,Yashasvi Chada,Enterprise,Nadiad,Telangana,India,2024-01-21,Active,15253.08
C009427,Ridhi Walla,Standard,Suryapet,Telangana,India,2023-11-10,Active,17920.97
C009428,Jhalak Dalal,Premium,Kurnool,Mizoram,India,2026-02-05,Active,10923.79
C009429,Reva Narasimhan,Standard,Naihati,Uttarakhand,India,2023-10-22,Active,6056.47
C009430,Ojas Nayak,Premium,Udupi,Assam,India,2024-08-14,Active,19132.51
C009431,Naksh Narayanan,Standard,Narasaraopet,Tripura,India,2025-02-10,Active,10608.55
C009432,Rachana Buch,Premium,Ramgarh,Rajasthan,India,2023-12-02,Active,5307.6
C009433,Agastya Barad,Premium,Parbhani,Goa,India,2024-06-12,Active,24319.25
C009434,Lavanya Upadhyay,Standard,Ratlam,Haryana,India,2025-11-29,Active,6545.06
C009435,Januja Basu,Standard,Bangalore,Rajasthan,India,2026-04-08,Active,8714.81
C009436,Ekta Uppal,Enterprise,Berhampur,Jharkhand,India,2024-08-31,Active,12562.0
C009437,Irya Sangha,Standard,Pondicherry,Himachal Pradesh,India,2025-07-07,Active,4088.53
C009438,Unni Bakshi,Premium,Ongole,Odisha,India,2025-08-27,Active,6601.97
C009439,Divya Chaudhari,Enterprise,Chinsurah,Uttar Pradesh,India,2024-04-28,Active,20798.6
C009440,Ira Sidhu,Enterprise,Rajpur Sonarpur,Odisha,India,2026-03-24,Active,3027.87
C009441,Neel Tella,Standard,Kota,Tamil Nadu,India,2025-07-08,Active,13190.13
C009442,Vaishnavi Subramaniam,Enterprise,Danapur,Telangana,India,2025-12-12,Active,12251.33
C009443,Urishilla Pandey,Premium,Madanapalle,Chhattisgarh,India,2025-10-12,Active,12076.85
C009444,Upkaar Dash,Standard,Ramgarh,Chhattisgarh,India,2026-03-14,Active,9014.05
C009445,Charan Balasubramanian,Standard,Mango,Sikkim,India,2024-10-26,Active,11317.41
C009446,Aachal Banerjee,Premium,Aurangabad,Uttarakhand,India,2025-08-13,Active,7868.7
C009447,Nicholas Sinha,Standard,Serampore,Tamil Nadu,India,2026-02-20,Inactive,7437.82
C009448,Teerth Brahmbhatt,Standard,Kakinada,Uttarakhand,India,2024-10-24,Active,18883.59
C009449,Wyatt Dora,Standard,Mirzapur,Madhya Pradesh,India,2024-07-28,Active,6711.46
C009450,Aadhya Kala,Premium,Chandrapur,Jharkhand,India,2026-03-21,Active,2269.45
C009451,Oeshi Venkataraman,Standard,Narasaraopet,Goa,India,2024-10-22,Active,18387.52
C009452,Darpan Khurana,Standard,Rohtak,Kerala,India,2025-09-09,Active,7074.19
C009453,Peter Reddy,Standard,Avadi,Kerala,India,2024-03-01,Active,3926.17
C009454,Dev Choudhry,Premium,Indore,Himachal Pradesh,India,2025-02-09,Active,15993.92
C009455,Vyanjana Narayan,Premium,Phusro,Goa,India,2023-07-24,Active,4993.1
C009456,Quincy Raja,Premium,Fatehpur,West Bengal,India,2025-09-13,Active,10778.34
C009457,Upkaar Narayan,Standard,Raurkela Industrial Township,Mizoram,India,2025-01-03,Active,14454.9
C009458,Balvan Nanda,Premium,Ozhukarai,Tamil Nadu,India,2025-04-04,Active,6996.13
C009459,Avni Sani,Enterprise,Durg,Punjab,India,2026-02-02,Active,9087.75
C009460,Ishita Ranganathan,Standard,Faridabad,Himachal Pradesh,India,2024-10-20,Active,4314.73
C009461,Kai Pau,Premium,Guna,Telangana,India,2026-01-30,Active,6838.3
C009462,Tanvi Sanghvi,Enterprise,Kota,Uttar Pradesh,India,2026-03-13,Active,20461.84
C009463,Samarth Gole,Standard,Jamnagar,Manipur,India,2025-04-11,Active,3617.32
C009464,Gaurang Shroff,Standard,Sasaram,Gujarat,India,2024-03-05,Active,20685.6
C009465,Vasudha Suri,Standard,Tadepalligudem,Kerala,India,2024-02-12,Active,11481.72
C009466,Advik Sankar,Standard,Alwar,Telangana,India,2025-03-18,Active,9883.78
C009467,Leena Taneja,Standard,Nanded,Haryana,India,2026-02-25,Active,5688.22
C009468,Gagan Char,Standard,Sambalpur,Sikkim,India,2025-08-04,Active,13492.63
C009469,Peter Warrior,Standard,Thoothukudi,Odisha,India,2026-01-22,Active,6295.15
C009470,Maya Roy,Standard,Kakinada,Arunachal Pradesh,India,2026-03-20,Active,4053.46
C009471,Yutika Mahal,Standard,Ambala,Assam,India,2023-10-18,Active,4368.07
C009472,Anya Upadhyay,Standard,Moradabad,Karnataka,India,2023-09-08,Active,5702.79
C009473,Samar Mangat,Premium,Tirunelveli,Madhya Pradesh,India,2024-07-12,Active,3795.54
C009474,Bhavika Koshy,Standard,Dindigul,West Bengal,India,2025-05-20,Active,7532.23
C009475,Zinal Singhal,Standard,Baranagar,Nagaland,India,2023-08-15,Active,6736.53
C009476,Warinder Narayanan,Enterprise,Burhanpur,Karnataka,India,2024-12-03,Active,8731.32
C009477,Siddharth Tella,Enterprise,Satara,Tamil Nadu,India,2023-09-05,Active,7692.33
C009478,Ekaja Gour,Standard,Jamshedpur,Odisha,India,2023-07-26,Active,6075.74
C009479,Hredhaan Chadha,Premium,Jamnagar,Maharashtra,India,2024-03-18,Active,13554.17
C009480,Jack Mahal,Standard,Jodhpur,Uttarakhand,India,2023-09-08,Active,7090.92
C009481,Abhimanyu Khalsa,Standard,Amroha,Andhra Pradesh,India,2023-07-07,Active,9222.9
C009482,Zansi Tripathi,Premium,Machilipatnam,Chhattisgarh,India,2023-10-24,Active,12444.07
C009483,Yahvi Dhillon,Premium,Bhiwani,Rajasthan,India,2025-07-24,Active,5663.9
C009484,Eshana Kata,Premium,Jalandhar,West Bengal,India,2024-11-06,Active,20789.96
C009485,Fiyaz Ramanathan,Standard,Agra,Assam,India,2026-04-15,Active,11250.22
C009486,Victor Korpal,Standard,Sultan Pur Majra,Tamil Nadu,India,2024-09-22,Active,2054.47
C009487,Bhavna Vohra,Enterprise,Gandhidham,Maharashtra,India,2023-08-27,Active,12355.31
C009488,Keya Lad,Standard,Vasai-Virar,Punjab,India,2026-05-16,Active,10298.29
C009489,Vrinda Patla,Enterprise,Tumkur,Himachal Pradesh,India,2025-01-03,Active,6287.62
C009490,Shivani Loyal,Standard,Davanagere,West Bengal,India,2024-12-03,Active,6973.98
C009491,Januja Sekhon,Premium,Shivpuri,Goa,India,2026-04-28,Active,14150.69
C009492,Gaurav Gala,Standard,Shivpuri,Telangana,India,2024-06-15,Active,10850.02
C009493,Zashil Parmer,Standard,Tadepalligudem,Punjab,India,2026-06-19,Active,9786.33
C009494,Umang Oza,Enterprise,Bikaner,Gujarat,India,2025-03-17,Active,14478.57
C009495,Wishi Dara,Premium,Alwar,Andhra Pradesh,India,2025-07-18,Inactive,14209.71
C009496,Chakrika Boase,Standard,Bally,Manipur,India,2025-07-30,Active,6180.84
C009497,Idika Aurora,Premium,Patna,Rajasthan,India,2023-09-24,Active,6061.04
C009498,Chasmum Sharaf,Standard,Aurangabad,Nagaland,India,2025-10-03,Active,5801.01
C009499,Nandini Gara,Standard,Hubli–Dharwad,Rajasthan,India,2025-07-01,Active,9280.01
C009500,Nilima Parekh,Standard,Gangtok,Rajasthan,India,2026-04-19,Active,17123.27
C009501,Charita Das,Standard,Gandhidham,Manipur,India,2023-12-31,Active,19053.22
C009502,Bahadurjit Sahni,Premium,Begusarai,Maharashtra,India,2023-07-31,Active,12509.15
C009503,Urishilla Ramachandran,Premium,Sagar,Uttar Pradesh,India,2023-10-21,Active,8967.07
C009504,Ranbir Mandal,Standard,Haridwar,Tamil Nadu,India,2024-06-19,Active,3726.17
C009505,Kashish Ram,Standard,Kurnool,Madhya Pradesh,India,2024-08-11,Active,9637.19
C009506,Lipika Mangal,Enterprise,Baranagar,Goa,India,2023-07-30,Inactive,14780.22
C009507,Pooja Rai,Standard,Dehri,Meghalaya,India,2026-03-20,Active,15747.62
C009508,Lajita Din,Standard,Barasat,Manipur,India,2026-05-13,Active,11204.39
C009509,Frederick Prakash,Enterprise,Tezpur,West Bengal,India,2025-06-27,Active,14991.61
C009510,Mohini Saxena,Standard,Shivpuri,Maharashtra,India,2024-07-06,Active,10261.4
C009511,Avi Balay,Standard,Panipat,Rajasthan,India,2024-05-17,Active,17031.69
C009512,Atharv Chaudhary,Premium,Fatehpur,Jharkhand,India,2026-02-15,Active,2036.92
C009513,Ethan Tandon,Premium,Pallavaram,Rajasthan,India,2026-01-08,Active,4795.11
C009514,Aachal Apte,Standard,Howrah,Kerala,India,2023-11-21,Inactive,10323.37
C009515,Brijesh Chana,Premium,Bhopal,Uttar Pradesh,India,2026-04-23,Active,2579.11
C009516,Timothy De,Premium,Kolhapur,Arunachal Pradesh,India,2025-10-17,Active,16089.66
C009517,Dayamai Saini,Standard,Bathinda,Tripura,India,2025-05-14,Active,8570.42
C009518,Ishwar Khurana,Standard,Bhiwandi,Telangana,India,2024-10-03,Active,14957.61
C009519,Arin Bhattacharyya,Premium,Tiruppur,Mizoram,India,2026-05-21,Active,9608.01
C009520,Jack Chowdhury,Standard,Haldia,Chhattisgarh,India,2024-01-29,Active,8561.98
C009521,Warhi Merchant,Standard,Bahraich,Andhra Pradesh,India,2023-07-11,Active,15329.28
C009522,Gunbir Thaman,Premium,North Dumdum,Madhya Pradesh,India,2025-11-12,Active,2767.86
C009523,Chameli Saraf,Enterprise,Gopalpur,Meghalaya,India,2025-06-09,Active,12011.47
C009524,Raksha Baral,Standard,Bihar Sharif,Goa,India,2026-02-11,Active,6995.78
C009525,Finn Virk,Standard,Ambattur,Tripura,India,2024-06-23,Active,7021.25
C009526,Ojas Dhawan,Premium,Bhubaneswar,Tripura,India,2024-09-18,Active,11833.86
C009527,Samarth Jaggi,Standard,Thanjavur,Andhra Pradesh,India,2025-02-04,Active,7750.95
C009528,Divya Chacko,Standard,Bhusawal,Jharkhand,India,2025-09-05,Active,6495.99
C009529,Balveer Thaker,Standard,Rohtak,Himachal Pradesh,India,2026-05-18,Active,12536.04
C009530,Ekanta Savant,Standard,Jaipur,Maharashtra,India,2024-08-18,Active,16997.01
C009531,Kashvi Prashad,Standard,Miryalaguda,Haryana,India,2024-05-18,Inactive,16217.02
C009532,Farhan Krish,Premium,Bikaner,Assam,India,2024-11-25,Active,8941.87
C009533,Chakradev Kibe,Enterprise,Chennai,Mizoram,India,2026-02-07,Active,8419.54
C009534,Ria Rege,Standard,Ambattur,Karnataka,India,2024-03-22,Active,13495.73
C009535,Tejas Devan,Enterprise,Karaikudi,Chhattisgarh,India,2024-10-08,Active,5569.36
C009536,Amol Srivastava,Premium,Hospet,Tripura,India,2024-06-02,Active,7175.72
C009537,Yashvi Nayak,Standard,Muzaffarnagar,Punjab,India,2024-10-25,Active,5394.41
C009538,Kashish Dada,Standard,Loni,Arunachal Pradesh,India,2025-03-31,Inactive,5289.98
C009539,Aadi Nadig,Enterprise,Mirzapur,Rajasthan,India,2025-05-01,Active,10682.29
C009540,Laksh Karpe,Premium,Jamshedpur,Madhya Pradesh,India,2024-11-29,Active,4580.04
C009541,Jeevika Sagar,Standard,Bettiah,Telangana,India,2025-11-14,Active,15402.98
C009542,Tara Wadhwa,Enterprise,Panipat,Telangana,India,2026-05-12,Active,7264.71
C009543,Meera Sengupta,Premium,Sultan Pur Majra,Gujarat,India,2025-02-03,Active,7538.37
C009544,Arjun Dutta,Standard,Thrissur,Maharashtra,India,2024-01-29,Active,11172.81
C009545,Nirja Bhasin,Standard,Munger,Gujarat,India,2024-03-22,Active,17182.57
C009546,Upma Thaker,Standard,Nagpur,Madhya Pradesh,India,2024-08-26,Inactive,7081.56
C009547,Kavya Dayal,Standard,Serampore,Maharashtra,India,2023-07-03,Active,9256.97
C009548,Falan Sethi,Enterprise,Darbhanga,Karnataka,India,2023-07-05,Active,14657.17
C009549,Neha Murty,Standard,Ramgarh,Arunachal Pradesh,India,2026-03-31,Active,6089.05
C009550,Yadavi Khosla,Premium,Katni,Uttarakhand,India,2026-05-13,Active,4779.12
C009551,Maanas Soni,Enterprise,Mau,Odisha,India,2024-12-26,Active,23635.09
C009552,Ridhi Dhar,Enterprise,Nangloi Jat,Uttar Pradesh,India,2025-01-07,Active,4919.13
C009553,Falak Chad,Enterprise,Jalandhar,Manipur,India,2024-07-01,Active,9702.19
C009554,Nidra Palan,Premium,Medininagar,Uttarakhand,India,2026-06-09,Active,5953.57
C009555,Rachana Devi,Enterprise,Amravati,Nagaland,India,2024-02-15,Active,2881.17
C009556,Keya Bose,Standard,Madanapalle,Uttar Pradesh,India,2026-05-13,Inactive,11011.4
C009557,Veer Lad,Standard,Delhi,Gujarat,India,2024-05-11,Active,15929.26
C009558,Lakshmi Raman,Standard,Khandwa,Manipur,India,2024-03-15,Active,9757.51
C009559,Girish Choudhury,Premium,Kishanganj,Manipur,India,2024-06-21,Active,4379.95
C009560,Lavanya Oommen,Standard,Madanapalle,Punjab,India,2023-09-07,Active,3647.21
C009561,Mason Chana,Standard,Navi Mumbai,Assam,India,2026-03-02,Active,10586.21
C009562,Charles Korpal,Standard,Khora ,Karnataka,India,2025-07-01,Inactive,10083.46
C009563,Manan Dalal,Premium,Kamarhati,Meghalaya,India,2025-07-31,Active,10179.35
C009564,Ishanvi Ravi,Enterprise,Avadi,Odisha,India,2025-11-06,Active,7834.36
C009565,Nicholas Taneja,Standard,Secunderabad,Bihar,India,2024-03-25,Active,12751.63
C009566,Jagat Ramaswamy,Enterprise,Guna,Meghalaya,India,2023-12-25,Active,23012.25
C009567,Kiaan Sangha,Standard,Bokaro,Manipur,India,2026-02-06,Active,5456.17
C009568,Isha Tiwari,Enterprise,Jorhat,Assam,India,2025-11-14,Active,9524.48
C009569,Krish Mannan,Enterprise,Mumbai,West Bengal,India,2025-09-24,Active,8764.17
C009570,Suhani Madan,Premium,Hubli–Dharwad,Andhra Pradesh,India,2025-12-12,Active,1145.32
C009571,Abha Bose,Premium,Amroha,Karnataka,India,2024-08-14,Inactive,18266.46
C009572,Mitesh Dhawan,Standard,Danapur,Uttarakhand,India,2024-08-11,Active,11922.93
C009573,Inaya Toor,Standard,Sambhal,Gujarat,India,2025-08-03,Inactive,8301.15
C009574,Manbir Dube,Standard,Machilipatnam,Goa,India,2023-11-16,Active,16016.85
C009575,Saumya Mishra,Enterprise,Jaipur,Arunachal Pradesh,India,2023-07-30,Inactive,12900.53
C009576,Samesh Golla,Premium,Bulandshahr,Gujarat,India,2024-02-02,Active,4838.82
C009577,Jagat Toor,Premium,Bijapur,Jharkhand,India,2026-04-06,Active,5516.5
C009578,Damyanti Raju,Standard,Gulbarga,Tripura,India,2026-01-31,Active,3827.07
C009579,Frado Palan,Enterprise,Satna,Kerala,India,2024-08-19,Active,31210.35
C009580,Widisha Kohli,Standard,Sambalpur,Odisha,India,2023-07-17,Active,11449.03
C009581,Januja Sama,Premium,Cuttack,Karnataka,India,2025-10-03,Active,7435.42
C009582,Irya Pant,Premium,Haldia,Tripura,India,2024-04-21,Active,8238.05
C009583,Kala Sawhney,Standard,Bhimavaram,Assam,India,2025-03-12,Active,1903.61
C009584,Forum Sami,Standard,Dibrugarh,Uttar Pradesh,India,2024-07-20,Active,3852.78
C009585,Ekantika Raju,Standard,Erode,West Bengal,India,2025-02-23,Inactive,8899.71
C009586,Hema Palla,Standard,Bhavnagar,Karnataka,India,2026-04-28,Active,14737.99
C009587,Advay Walla,Standard,Rohtak,Punjab,India,2025-01-30,Active,3772.75
C009588,Praneel Dhawan,Standard,Davanagere,Bihar,India,2025-09-09,Active,5699.04
C009589,Fariq Hayer,Premium,Deoghar,Karnataka,India,2025-05-06,Active,22939.24
C009590,Manbir Sarin,Standard,Berhampore,Tamil Nadu,India,2025-03-27,Active,4201.63
C009591,Upma Sundaram,Standard,Bhubaneswar,Uttarakhand,India,2023-08-01,Active,3959.89
C009592,Ishanvi Kota,Premium,Nashik,Chhattisgarh,India,2025-07-11,Active,2335.67
C009593,Ganga Chaudry,Standard,Bongaigaon,Gujarat,India,2025-08-26,Active,10586.91
C009594,Ladli Murty,Standard,Bardhaman,Arunachal Pradesh,India,2023-09-23,Active,4246.03
C009595,Pooja Badami,Standard,Sirsa,Tamil Nadu,India,2026-05-27,Active,6798.57
C009596,Baghyawati Kari,Standard,Kochi,Tamil Nadu,India,2025-12-31,Active,14545.24
C009597,Onkar Sahota,Standard,Raiganj,Punjab,India,2023-08-20,Active,9232.81
C009598,Aarush Pal,Standard,Hyderabad,Telangana,India,2024-05-21,Inactive,32435.89
C009599,Ekanta Manne,Standard,Kharagpur,Sikkim,India,2026-04-22,Active,9716.82
C009600,Patrick Sura,Standard,Hubli–Dharwad,Chhattisgarh,India,2026-03-17,Active,13098.75
C009601,Tanish Kannan,Premium,Kolkata,Uttar Pradesh,India,2023-12-28,Active,8280.09
C009602,Vidhi Pall,Standard,Ongole,Tamil Nadu,India,2026-06-21,Active,7196.68
C009603,Manbir Mitra,Premium,Haldia,Karnataka,India,2023-12-22,Active,7789.5
C009604,Rachana Bose,Standard,Raebareli,Rajasthan,India,2023-10-09,Active,22221.67
C009605,Joshua Mand,Standard,Haridwar,Manipur,India,2025-03-14,Active,12246.18
C009606,Omya Palla,Premium,Asansol,Karnataka,India,2025-11-04,Active,8875.65
C009607,Darika Bera,Standard,Rajpur Sonarpur,Haryana,India,2024-06-04,Active,6435.51
C009608,Kevin Karpe,Standard,Siwan,Odisha,India,2024-09-12,Inactive,5306.42
C009609,Tamanna Kannan,Premium,Korba,Arunachal Pradesh,India,2025-01-10,Active,2746.12
C009610,Aahana Issac,Standard,Jammu,Gujarat,India,2025-12-28,Active,6732.89
C009611,Omaja Patel,Premium,Bikaner,Rajasthan,India,2024-11-16,Active,9856.93
C009612,Suhani Nori,Standard,Latur,Tamil Nadu,India,2023-09-04,Active,5129.07
C009613,Lakshit Memon,Standard,Faridabad,Jharkhand,India,2023-11-15,Active,7762.29
C009614,Qadim Lal,Standard,Giridih,Meghalaya,India,2025-07-12,Active,12878.4
C009615,Aarna Hegde,Standard,Rampur,Tripura,India,2024-11-13,Active,4783.21
C009616,Maanas Kalita,Standard,Pali,Jharkhand,India,2024-05-07,Active,6541.4
C009617,Baghyawati Sant,Standard,Bijapur,Kerala,India,2026-04-04,Active,4240.64
C009618,Dipta Rout,Premium,Jhansi,Chhattisgarh,India,2024-09-11,Active,11323.53
C009619,Damyanti Singhal,Standard,Bhimavaram,Sikkim,India,2024-02-22,Inactive,4616.22
C009620,Megha Bhatt,Standard,Davanagere,Kerala,India,2025-04-29,Active,7912.76
C009621,Charan Chander,Standard,Jalgaon,Assam,India,2024-12-26,Active,3773.43
C009622,Yatan Grewal,Standard,Sonipat,Sikkim,India,2023-10-27,Active,11814.65
C009623,Faraj Krish,Standard,Buxar,Jharkhand,India,2025-12-25,Active,11359.82
C009624,Chakradhar Mitter,Standard,Bahraich,Chhattisgarh,India,2023-10-14,Active,4151.69
C009625,Hemani Kapoor,Standard,Jaunpur,Telangana,India,2024-05-20,Active,5235.47
C009626,Hema Lala,Premium,Ranchi,Kerala,India,2024-10-04,Active,10885.57
C009627,Charvi Mahal,Standard,Ghaziabad,Kerala,India,2025-11-07,Inactive,4156.77
C009628,Timothy Sule,Enterprise,Srikakulam,Gujarat,India,2025-01-30,Active,10935.64
C009629,Sneha Singhal,Premium,Bareilly,Goa,India,2023-11-12,Active,11537.69
C009630,Sneha Kale,Enterprise,Kirari Suleman Nagar,Uttarakhand,India,2025-05-06,Active,11589.4
C009631,Gopal Sheth,Enterprise,Deoghar,Rajasthan,India,2025-04-25,Active,1344.43
C009632,Andrew Malhotra,Standard,Gulbarga,Uttar Pradesh,India,2024-05-31,Active,10377.11
C009633,Chameli Mutti,Premium,Sagar,Madhya Pradesh,India,2026-05-22,Active,10821.04
C009634,Yatan Sama,Standard,Serampore,Punjab,India,2025-11-10,Active,9888.05
C009635,Zinal Panchal,Premium,Kakinada,Mizoram,India,2025-09-23,Active,10859.87
C009636,Dalbir Chanda,Standard,Raebareli,Goa,India,2024-05-28,Active,3723.37
C009637,Arunima Aggarwal,Standard,Morbi,Andhra Pradesh,India,2025-05-07,Inactive,4177.84
C009638,Ojasvi Saraf,Standard,Bhatpara,Tripura,India,2023-09-19,Active,10868.34
C009639,Diya Pall,Enterprise,Bhopal,Karnataka,India,2023-08-07,Inactive,5499.99
C009640,Upkaar Om,Standard,Bhind,Karnataka,India,2024-02-25,Active,10081.76
C009641,Eshana Kunda,Standard,Adoni,Telangana,India,2025-01-13,Inactive,6996.68
C009642,Urishilla Dora,Standard,Morena,Goa,India,2026-03-31,Active,13293.65
C009643,Ekansh Mani,Premium,Shimla,Himachal Pradesh,India,2024-08-25,Active,10498.38
C009644,Jalsa Wadhwa,Standard,Mehsana,Odisha,India,2023-10-20,Inactive,11286.57
C009645,Tripti Bajwa,Premium,Bidar,Karnataka,India,2024-12-08,Active,3782.95
C009646,Sathvik Kumar,Standard,Mehsana,Mizoram,India,2025-08-19,Active,5588.59
C009647,Ubika Divan,Standard,Guna,Telangana,India,2024-01-30,Active,2865.25
C009648,Yashawini Babu,Premium,Phagwara,Maharashtra,India,2024-03-22,Active,4699.18
C009649,Vivaan Pandey,Standard,Serampore,Bihar,India,2024-05-12,Active,11834.38
C009650,Urvashi Dhillon,Standard,Chandigarh,Kerala,India,2023-10-14,Inactive,2898.9
C009651,Indira Padmanabhan,Premium,Solapur,Meghalaya,India,2023-11-05,Active,6733.1
C009652,Christopher Sarma,Enterprise,Gopalpur,Uttar Pradesh,India,2023-06-27,Active,8859.94
C009653,Dalaja Subramanian,Standard,Latur,Karnataka,India,2025-07-20,Active,10195.1
C009654,Janani Chakraborty,Standard,Moradabad,Tamil Nadu,India,2023-09-07,Active,6320.68
C009655,Logan Mahajan,Standard,Barasat,Chhattisgarh,India,2025-09-25,Active,11477.11
C009656,Manthan Gade,Standard,Ghaziabad,Andhra Pradesh,India,2024-03-29,Active,13371.26
C009657,Indali Kashyap,Standard,Surendranagar Dudhrej,Andhra Pradesh,India,2023-09-26,Active,14373.29
C009658,Rohan Raghavan,Premium,Unnao,Kerala,India,2024-04-07,Active,8580.67
C009659,Upadhriti Mohan,Standard,Bhiwani,Jharkhand,India,2024-04-03,Active,3501.67
C009660,Unnati Sekhon,Enterprise,Hapur,Tripura,India,2025-08-25,Active,12772.89
C009661,Unnati Solanki,Enterprise,Jamshedpur,Madhya Pradesh,India,2024-09-10,Active,11023.6
C009662,Lopa Handa,Standard,Meerut,Himachal Pradesh,India,2023-08-05,Active,3943.57
C009663,Zayyan Bhavsar,Premium,Silchar,Chhattisgarh,India,2026-01-18,Active,6512.3
C009664,Advika Kala,Standard,Mango,Assam,India,2024-07-07,Active,4216.36
C009665,Mahika Sem,Standard,Tadepalligudem,Rajasthan,India,2025-02-24,Active,10414.53
C009666,Janaki Minhas,Standard,Tiruppur,Uttar Pradesh,India,2025-01-04,Active,7477.79
C009667,Bishakha Ganesan,Standard,Mathura,Arunachal Pradesh,India,2024-12-13,Active,11542.73
C009668,Bhavani Patla,Enterprise,Sikar,West Bengal,India,2025-05-24,Active,8910.5
C009669,Hemang Buch,Enterprise,Agra,Chhattisgarh,India,2025-02-03,Active,5014.92
C009670,Damyanti Gulati,Standard,Udaipur,Mizoram,India,2026-03-23,Active,14639.5
C009671,Gaurangi Sem,Standard,Jamnagar,Tamil Nadu,India,2025-01-20,Active,26030.97
C009672,Aashi Char,Standard,Jaunpur,Karnataka,India,2024-08-11,Active,5570.54
C009673,Laksh Bassi,Standard,Surat,Kerala,India,2023-06-29,Active,8085.31
C009674,Tanmayi Saraf,Premium,Bilaspur,Madhya Pradesh,India,2024-02-10,Active,14420.72
C009675,Avni Pandey,Premium,Pondicherry,Tripura,India,2025-04-25,Inactive,29719.95
C009676,Qadim Patil,Standard,Katihar,Telangana,India,2024-06-01,Active,12828.09
C009677,Oliver Comar,Standard,Vijayanagaram,Kerala,India,2025-04-17,Active,8751.88
C009678,Imaran Dass,Standard,Bhilwara,Andhra Pradesh,India,2026-01-21,Active,15140.97
C009679,Qabil Upadhyay,Standard,Alappuzha,Chhattisgarh,India,2026-06-17,Active,11948.48
C009680,Arjun Chaudhari,Standard,Erode,Haryana,India,2026-04-21,Active,3760.11
C009681,Anita Jain,Standard,Aurangabad,Bihar,India,2026-01-07,Active,7698.89
C009682,Bhavini Prasad,Standard,Jalandhar,Telangana,India,2025-04-27,Active,9289.79
C009683,Ekaja Karpe,Standard,Ballia,Karnataka,India,2026-04-25,Active,23119.32
C009684,Bhavani Sehgal,Standard,Noida,Madhya Pradesh,India,2024-11-15,Active,16834.01
C009685,Gavin Kala,Enterprise,Kulti,Gujarat,India,2025-08-07,Active,14906.54
C009686,Jyoti Mann,Standard,Jaipur,Kerala,India,2024-11-10,Active,14586.68
C009687,Ojas Chad,Standard,Hindupur,Tamil Nadu,India,2023-07-31,Active,9136.66
C009688,Agastya Saha,Enterprise,Jodhpur,West Bengal,India,2024-11-19,Active,17698.75
C009689,Matthew Zachariah,Standard,Deoghar,Tamil Nadu,India,2024-12-30,Active,10711.24
C009690,Agastya Ramaswamy,Premium,Amritsar,Chhattisgarh,India,2024-01-15,Active,8036.84
C009691,Ishaan Sen,Standard,Dibrugarh,Tamil Nadu,India,2023-07-10,Active,4461.63
C009692,Pushti Chatterjee,Standard,Deoghar,Karnataka,India,2025-09-03,Active,17252.83
C009693,Dhriti Dutt,Standard,Bharatpur,Uttar Pradesh,India,2025-08-12,Active,15564.44
C009694,Ekavir Deshpande,Standard,Bettiah,Telangana,India,2023-09-02,Active,3833.11
C009695,Yuvraj Borra,Enterprise,Muzaffarpur,Nagaland,India,2025-07-10,Active,19191.52
C009696,Nimrat Tank,Standard,Faridabad,Bihar,India,2024-12-28,Active,15577.22
C009697,Dipta Shere,Standard,Bhiwandi,Karnataka,India,2025-07-13,Active,8939.96
C009698,Alexander Shetty,Standard,Kolhapur,Meghalaya,India,2026-06-24,Inactive,8137.43
C009699,Priya Kannan,Standard,Nagpur,Kerala,India,2024-05-22,Active,18708.22
C009700,Samesh Pathak,Premium,Nanded,Madhya Pradesh,India,2023-06-28,Active,15913.08
C009701,Kashvi Vyas,Standard,Asansol,Kerala,India,2026-01-24,Active,7938.53
C009702,Thomas Pai,Enterprise,Ahmedabad,Bihar,India,2026-05-04,Active,15455.91
C009703,Ati Varkey,Enterprise,North Dumdum,Manipur,India,2024-03-17,Active,18345.59
C009704,Rajata Arora,Standard,Khandwa,Uttar Pradesh,India,2026-05-19,Active,8929.98
C009705,Falguni Mani,Premium,Kishanganj,Assam,India,2024-02-25,Active,5069.86
C009706,Yashodhara Upadhyay,Premium,Sagar,Uttarakhand,India,2024-02-18,Active,9743.49
C009707,Leela Zachariah,Standard,Motihari,Punjab,India,2025-12-03,Active,4885.6
C009708,Adya Tata,Premium,Agartala,Mizoram,India,2025-10-21,Active,5293.13
C009709,Bahadurjit De,Standard,Rajpur Sonarpur,Tripura,India,2025-05-22,Active,10323.08
C009710,Fiyaz Bajaj,Standard,Khora ,Rajasthan,India,2026-01-06,Active,24655.44
C009711,Aayush Sodhi,Premium,Darbhanga,Mizoram,India,2025-11-29,Active,9461.87
C009712,Theodore Bhatnagar,Standard,Fatehpur,Tamil Nadu,India,2024-05-30,Active,21579.8
C009713,Krishna Banik,Standard,Saharsa,Nagaland,India,2025-04-24,Active,5171.49
C009714,Mohammed Ratta,Standard,Bettiah,Nagaland,India,2025-10-20,Active,11445.8
C009715,Balveer Sama,Standard,Jalgaon,West Bengal,India,2024-08-19,Active,10720.59
C009716,Hritik Keer,Standard,Tiruchirappalli,Uttar Pradesh,India,2025-10-15,Active,12564.76
C009717,Harsh Dass,Standard,New Delhi,Meghalaya,India,2023-10-18,Active,16953.95
C009718,Krishna Randhawa,Standard,Latur,Mizoram,India,2025-01-23,Active,4292.32
C009719,Ganga Krishnan,Standard,Kamarhati,Mizoram,India,2026-04-09,Active,13175.59
C009720,Charita Yadav,Premium,Chandrapur,Karnataka,India,2023-08-24,Active,17542.27
C009721,Warjas Sami,Premium,Raebareli,Mizoram,India,2025-02-02,Active,10530.65
C009722,Janani Loyal,Premium,Alwar,Manipur,India,2024-11-10,Active,8534.25
C009723,Oscar Yogi,Enterprise,Kochi,Uttarakhand,India,2023-09-22,Active,10401.83
C009724,Ishaan Barad,Premium,Sultan Pur Majra,Haryana,India,2026-04-09,Active,5004.36
C009725,Watika Wagle,Enterprise,Sambalpur,Uttar Pradesh,India,2023-06-30,Active,14764.81
C009726,Amrita Chowdhury,Premium,Aurangabad,Madhya Pradesh,India,2024-12-27,Active,6005.22
C009727,Liam Narang,Standard,Raichur,Punjab,India,2023-09-04,Active,12317.24
C009728,George Choudhury,Standard,Vellore,Manipur,India,2024-11-28,Active,15173.94
C009729,Michael Shere,Premium,Siliguri,Tripura,India,2024-04-02,Active,8260.77
C009730,Hema Malhotra,Standard,Firozabad,Chhattisgarh,India,2025-07-13,Active,4557.58
C009731,Ikshita Gokhale,Standard,Ongole,Assam,India,2023-08-14,Active,9589.39
C009732,Nandini Bhardwaj,Standard,Jalgaon,Andhra Pradesh,India,2025-12-21,Active,6077.33
C009733,Anay Sha,Enterprise,Warangal,Punjab,India,2026-02-19,Active,7569.95
C009734,Wakeeta Chaudhari,Premium,Kamarhati,Tamil Nadu,India,2024-12-16,Active,6139.93
C009735,Thomas Jaggi,Premium,Vadodara,Madhya Pradesh,India,2023-12-25,Active,9904.39
C009736,Anjali Sami,Premium,Ghaziabad,Manipur,India,2025-04-19,Active,12129.42
C009737,Ubika Banik,Enterprise,Ghaziabad,Madhya Pradesh,India,2024-01-28,Active,2650.71
C009738,Lekha Rout,Premium,Saharsa,Kerala,India,2025-04-25,Active,6978.97
C009739,Gautam Chauhan,Standard,Hospet,Goa,India,2024-02-22,Active,7144.7
C009740,Ati Savant,Enterprise,Kulti,Chhattisgarh,India,2023-07-10,Active,14617.05
C009741,Oliver Agate,Enterprise,Sambalpur,Assam,India,2024-09-29,Active,4353.81
C009742,Dalaja Biswas,Standard,Bidhannagar,West Bengal,India,2025-09-23,Active,15894.79
C009743,Widisha Mann,Enterprise,Chinsurah,Sikkim,India,2023-07-03,Active,7661.18
C009744,Ria Sankaran,Enterprise,Sultan Pur Majra,Nagaland,India,2023-12-16,Active,10519.0
C009745,Mason Dube,Standard,Ajmer,Assam,India,2023-08-09,Active,24556.65
C009746,Sudiksha Sekhon,Premium,Naihati,Uttarakhand,India,2025-05-13,Active,6433.33
C009747,Krisha Verma,Premium,Pune,Manipur,India,2024-10-29,Inactive,14746.38
C009748,Shivansh Singh,Premium,Phusro,Sikkim,India,2024-09-23,Active,11248.5
C009749,Patrick Bir,Standard,Siliguri,Goa,India,2026-02-23,Active,12747.53
C009750,Zilmil Varghese,Standard,Kishanganj,Tripura,India,2025-10-23,Active,4485.45
C009751,Pavani Batta,Standard,Bhind,Chhattisgarh,India,2023-10-20,Active,5488.32
C009752,Yashica Kala,Enterprise,Bharatpur,Maharashtra,India,2026-03-13,Inactive,2939.05
C009753,Kashvi Gulati,Premium,Purnia,Bihar,India,2024-06-24,Active,3381.5
C009754,Amrita Kade,Enterprise,Bhiwandi,Goa,India,2025-03-02,Active,7751.34
C009755,Samaksh Gopal,Standard,Navi Mumbai,Meghalaya,India,2024-09-19,Active,2867.63
C009756,Oscar Chokshi,Enterprise,Sri Ganganagar,Tamil Nadu,India,2023-10-09,Active,16171.48
C009757,Odika Bandi,Standard,Rampur,Sikkim,India,2025-11-14,Active,9056.91
C009758,Jalsa Mammen,Standard,Satna,Assam,India,2025-05-20,Active,16031.29
C009759,Pranit Ratta,Standard,Tinsukia,Goa,India,2023-07-07,Active,9944.96
C009760,Abhiram Pandya,Standard,Thane,Andhra Pradesh,India,2024-02-05,Active,11117.57
C009761,Nathaniel Lata,Enterprise,Amaravati,West Bengal,India,2025-02-25,Active,9512.79
C009762,Raksha Radhakrishnan,Standard,Amaravati,Mizoram,India,2024-08-20,Active,8776.96
C009763,Rajata Tata,Standard,Pudukkottai,Andhra Pradesh,India,2024-02-13,Active,6253.84
C009764,Bakhshi Gola,Premium,Hospet,West Bengal,India,2025-10-02,Active,16797.04
C009765,Bhanumati Deshpande,Enterprise,Shimla,Gujarat,India,2026-01-02,Active,8872.8
C009766,Matthew Pal,Standard,Latur,Tamil Nadu,India,2024-11-16,Active,3745.91
C009767,Matthew Agrawal,Premium,Khandwa,Manipur,India,2023-10-19,Active,11874.93
C009768,Chasmum Bala,Standard,Malda,Uttarakhand,India,2024-11-24,Active,16039.31
C009769,Yatin Gandhi,Standard,Imphal,Goa,India,2026-03-20,Active,19328.78
C009770,Indali Deshmukh,Standard,Durgapur,Uttar Pradesh,India,2025-03-17,Active,16670.63
C009771,Deepa Hegde,Premium,Ahmednagar,Tamil Nadu,India,2024-03-27,Active,7015.37
C009772,Harsh Sehgal,Standard,Mangalore,Himachal Pradesh,India,2024-03-01,Active,14164.83
C009773,Chandran Kale,Premium,Navi Mumbai,Uttarakhand,India,2025-12-14,Active,3175.89
C009774,Ekaraj Chaudhuri,Premium,Aurangabad,Jharkhand,India,2025-03-17,Active,6452.26
C009775,Tamanna Balay,Standard,Ambarnath,Goa,India,2025-09-14,Active,6898.48
C009776,Vasatika Sidhu,Premium,Mangalore,Madhya Pradesh,India,2024-11-23,Active,12961.88
C009777,Yachana Chand,Enterprise,Tiruppur,Mizoram,India,2024-01-24,Active,10297.62
C009778,Rajata Prabhu,Premium,Visakhapatnam,Nagaland,India,2023-08-21,Active,6522.0
C009779,Madhavi Sarna,Standard,Rajahmundry,Tripura,India,2025-05-28,Active,9652.37
C009780,Niharika Chad,Premium,Jamalpur,Assam,India,2024-08-19,Active,8331.13
C009781,Abhiram Lad,Standard,Jamshedpur,Punjab,India,2025-03-21,Active,15423.62
C009782,Nisha Lal,Standard,Ahmednagar,Goa,India,2025-03-13,Active,2336.47
C009783,Baljiwan Balan,Standard,Latur,Uttarakhand,India,2025-11-20,Active,9308.45
C009784,Yoshita Kale,Enterprise,Kolkata,Tripura,India,2024-07-12,Active,3822.77
C009785,Falan Kunda,Premium,Buxar,Meghalaya,India,2023-07-07,Active,14716.19
C009786,Rachana Soni,Enterprise,Gudivada,Sikkim,India,2025-01-16,Active,5956.86
C009787,Isha Pillai,Standard,Indore,Jharkhand,India,2025-10-19,Active,8212.87
C009788,Ojasvi Basu,Enterprise,Alappuzha,Punjab,India,2024-06-30,Active,8328.77
C009789,Vanya Kunda,Premium,Tiruppur,Kerala,India,2026-03-27,Inactive,4613.8
C009790,Hemani Manda,Standard,Tinsukia,Punjab,India,2024-11-22,Active,3003.63
C009791,Advika Shere,Standard,Kirari Suleman Nagar,Mizoram,India,2026-05-25,Active,10828.01
C009792,Lakshit Kara,Standard,Kottayam,Meghalaya,India,2026-04-13,Active,8078.72
C009793,Gauri Kunda,Standard,Raichur,Haryana,India,2026-06-07,Active,9453.71
C009794,Zayan Agate,Standard,Mirzapur,Gujarat,India,2024-09-05,Inactive,18914.65
C009795,Maya Nayak,Premium,Burhanpur,West Bengal,India,2026-01-02,Active,9825.08
C009796,Raksha Bhardwaj,Standard,Sikar,Sikkim,India,2026-04-09,Active,11255.76
C009797,Rishi Rama,Standard,Nandyal,Bihar,India,2025-12-07,Active,10400.99
C009798,Oviya Kalla,Premium,Mumbai,Haryana,India,2023-08-27,Active,32363.09
C009799,Ucchal Tank,Standard,Nanded,Goa,India,2023-09-02,Active,11524.46
C009800,Warjas Chawla,Premium,Bhusawal,Nagaland,India,2024-03-26,Active,21398.65
C009801,Nitesh Deshpande,Enterprise,Dhanbad,Tamil Nadu,India,2025-09-22,Active,18918.76
C009802,Riya Bera,Enterprise,Thoothukudi,Himachal Pradesh,India,2023-09-09,Active,6640.14
C009803,Xiti Hora,Standard,Bhusawal,West Bengal,India,2024-03-24,Active,14370.8
C009804,Avi Palan,Premium,Nizamabad,Haryana,India,2026-03-17,Active,9717.79
C009805,Unni Bava,Standard,Nashik,Rajasthan,India,2026-06-17,Inactive,8088.14
C009806,Chatresh Jha,Standard,Dibrugarh,Gujarat,India,2026-03-16,Active,14940.5
C009807,Kiaan Acharya,Standard,Bhagalpur,Tamil Nadu,India,2025-04-19,Active,9178.66
C009808,Matthew Bala,Standard,Aizawl,Odisha,India,2025-11-09,Active,4172.45
C009809,Hardik Dube,Premium,Morbi,Goa,India,2026-04-24,Active,7735.71
C009810,Yug Raval,Standard,Chandigarh,Jharkhand,India,2025-10-26,Active,15425.04
C009811,Finn Sangha,Standard,Amaravati,Maharashtra,India,2024-06-30,Active,4670.32
C009812,Vedant Sha,Premium,Kharagpur,Gujarat,India,2026-06-05,Active,14252.22
C009813,Warinder Mandal,Enterprise,Begusarai,Nagaland,India,2024-12-07,Active,8450.65
C009814,Sathvik Tak,Enterprise,Shahjahanpur,Maharashtra,India,2025-06-04,Active,14780.22
C009815,Finn Chakraborty,Enterprise,Aurangabad,Punjab,India,2024-08-21,Inactive,10959.48
C009816,Chasmum Setty,Standard,Chandrapur,Punjab,India,2023-10-03,Active,11592.61
C009817,Tanmayi Sule,Standard,Sonipat,Chhattisgarh,India,2026-03-28,Active,13252.46
C009818,Baljiwan Nagi,Standard,Noida,Andhra Pradesh,India,2024-10-30,Active,11576.98
C009819,Ishanvi Salvi,Standard,Begusarai,Telangana,India,2023-09-13,Active,6500.23
C009820,Wridesh Sodhi,Standard,Sirsa,Mizoram,India,2023-10-27,Active,6083.73
C009821,Kashish Murthy,Standard,Kalyan-Dombivli,Manipur,India,2026-03-28,Active,5878.22
C009822,Sneha Sampath,Premium,Narasaraopet,Nagaland,India,2026-05-18,Active,11003.72
C009823,Eshana Shere,Premium,Ghaziabad,Meghalaya,India,2026-03-28,Active,15953.25
C009824,Fiyaz Choudhury,Standard,Gorakhpur,Bihar,India,2023-07-30,Active,6858.23
C009825,Krishna Merchant,Premium,Gandhidham,Bihar,India,2026-05-26,Active,6381.07
C009826,Theodore Varughese,Premium,Chandigarh,Nagaland,India,2025-09-13,Active,7651.81
C009827,Samar Sehgal,Enterprise,Dibrugarh,Tamil Nadu,India,2024-12-07,Active,12712.83
C009828,Parth Wason,Standard,Kulti,Odisha,India,2023-08-30,Active,8052.7
C009829,Udarsh Sha,Premium,Haridwar,Meghalaya,India,2024-04-14,Active,6168.84
C009830,Bakhshi Ray,Enterprise,Dewas,Karnataka,India,2024-03-09,Active,9469.39
C009831,Warhi Rai,Standard,Dhanbad,Kerala,India,2025-05-24,Active,14579.78
C009832,Mitesh Solanki,Standard,Berhampur,Rajasthan,India,2026-04-02,Inactive,19126.52
C009833,Inaya Rajagopalan,Premium,Nagaon,West Bengal,India,2025-05-23,Active,4103.54
C009834,Vrishti Choudhury,Standard,Avadi,Punjab,India,2026-04-07,Active,15835.67
C009835,Upasna Palan,Premium,Guntur,Kerala,India,2024-11-02,Active,8542.81
C009836,Isha Kalla,Enterprise,Panihati,Goa,India,2024-11-02,Active,3601.78
C009837,Yoshita Nagi,Standard,Anantapur,Rajasthan,India,2025-08-07,Active,4378.75
C009838,Upma Pai,Enterprise,Dibrugarh,Odisha,India,2026-02-07,Active,11662.9
C009839,Peter Kalla,Standard,Bidhannagar,Assam,India,2024-10-16,Active,15718.89
C009840,Jack Nayar,Standard,Ghaziabad,Himachal Pradesh,India,2026-03-29,Active,11040.71
C009841,Reva Zachariah,Enterprise,Karaikudi,Sikkim,India,2024-04-03,Active,4124.46
C009842,Radhika Bath,Premium,Ranchi,Tamil Nadu,India,2023-07-08,Active,7369.83
C009843,Christopher Tak,Standard,Gandhidham,Telangana,India,2023-06-25,Active,2524.17
C009844,Vedhika Yogi,Enterprise,Junagadh,Karnataka,India,2025-04-30,Active,12445.24
C009845,Oeshi Mittal,Standard,Morena,Nagaland,India,2024-12-20,Active,12498.24
C009846,Frado Borah,Standard,Bhusawal,Odisha,India,2025-10-17,Active,9449.9
C009847,Fiyaz Kohli,Standard,Etawah,Nagaland,India,2025-10-15,Active,10120.87
C009848,Krish Pillai,Standard,Thrissur,Uttarakhand,India,2026-03-09,Active,2913.62
C009849,Darsh Talwar,Standard,Bhavnagar,West Bengal,India,2025-12-24,Active,21815.5
C009850,Mahika Sani,Premium,Kharagpur,Chhattisgarh,India,2024-11-29,Active,7641.11
C009851,Indira Vala,Standard,Shimoga,Bihar,India,2024-01-24,Active,12095.8
C009852,Anay Nair,Standard,Thoothukudi,Chhattisgarh,India,2023-10-12,Active,14124.39
C009853,Yashawini Khurana,Standard,Shimoga,Tamil Nadu,India,2024-06-21,Active,9995.12
C009854,Raghav Dua,Standard,Farrukhabad,Maharashtra,India,2026-05-24,Active,14620.75
C009855,Pranit Hayre,Standard,Medininagar,Punjab,India,2024-10-13,Active,12647.5
C009856,Neel Acharya,Enterprise,Ghaziabad,Odisha,India,2026-04-23,Active,16626.06
C009857,Anmol Gour,Standard,Ahmedabad,Sikkim,India,2024-05-22,Active,10223.84
C009858,Samarth Bassi,Premium,Deoghar,Andhra Pradesh,India,2024-12-01,Active,10560.93
C009859,Vrishti Saxena,Standard,Bhiwani,Mizoram,India,2025-06-16,Active,5679.51
C009860,Arunima Rana,Standard,Vasai-Virar,Kerala,India,2023-08-07,Active,11127.05
C009861,Vedant Divan,Standard,Vijayanagaram,Haryana,India,2024-05-28,Active,17434.62
C009862,Nitara Garg,Standard,Coimbatore,Bihar,India,2024-06-19,Active,11141.95
C009863,Ikshita Wali,Premium,Kakinada,Punjab,India,2024-08-13,Active,14325.42
C009864,Guneet Sani,Standard,Berhampore,Meghalaya,India,2025-01-07,Active,13487.38
C009865,Meera Menon,Standard,Vasai-Virar,Arunachal Pradesh,India,2026-06-03,Active,16557.32
C009866,Varenya Bassi,Standard,Silchar,Maharashtra,India,2024-01-09,Active,22740.26
C009867,Indira Yogi,Standard,Hyderabad,Tripura,India,2023-09-29,Active,5188.66
C009868,Ati Narasimhan,Standard,Amritsar,Tripura,India,2023-10-19,Active,9086.42
C009869,Qadim Datta,Premium,Jaipur,Manipur,India,2023-12-26,Active,7515.44
C009870,Christopher Raman,Standard,Naihati,Himachal Pradesh,India,2023-11-20,Active,4833.54
C009871,Yug Menon,Standard,Jabalpur,Uttarakhand,India,2023-07-09,Active,5933.33
C009872,Inaya Mann,Standard,Sambalpur,Chhattisgarh,India,2025-01-23,Active,6428.7
C009873,Anmol Dayal,Standard,Ongole,Bihar,India,2024-07-05,Active,6880.78
C009874,Chaman Divan,Premium,Ichalkaranji,Arunachal Pradesh,India,2024-11-29,Active,9760.61
C009875,Yatin Om,Standard,Saharsa,Andhra Pradesh,India,2024-10-25,Active,9686.94
C009876,Harsh Sabharwal,Premium,Moradabad,Tripura,India,2023-10-07,Active,12782.23
C009877,Anvi Borra,Standard,Phagwara,Assam,India,2026-03-06,Active,7720.34
C009878,Saanvi Kannan,Standard,Singrauli,Haryana,India,2025-05-12,Active,4083.88
C009879,Balendra Majumdar,Premium,Kottayam,Mizoram,India,2023-12-20,Active,14530.44
C009880,Pushti Dey,Standard,Kirari Suleman Nagar,Chhattisgarh,India,2024-10-10,Active,18303.2
C009881,Suhani Raghavan,Premium,Hubli–Dharwad,Gujarat,India,2024-07-04,Active,4762.04
C009882,Zilmil Goyal,Standard,Udupi,Arunachal Pradesh,India,2023-09-24,Active,13227.09
C009883,Triveni Balakrishnan,Standard,Kavali,Telangana,India,2026-04-03,Active,22088.23
C009884,Manya Varkey,Standard,Patiala,Odisha,India,2025-05-24,Active,5068.05
C009885,Omya Dhingra,Standard,Sonipat,Mizoram,India,2024-11-18,Active,14295.56
C009886,Adweta Amble,Standard,Ichalkaranji,Uttar Pradesh,India,2024-05-04,Active,8099.41
C009887,Hemani Narasimhan,Standard,Purnia,Assam,India,2024-06-02,Active,5122.77
C009888,Noah Ramesh,Standard,Bhimavaram,Andhra Pradesh,India,2024-08-05,Active,6068.13
C009889,Dayita Andra,Standard,Bhusawal,Kerala,India,2025-06-12,Active,9827.54
C009890,Tamanna Lalla,Standard,Pudukkottai,Sikkim,India,2024-11-22,Active,9130.93
C009891,Keya Banerjee,Premium,Unnao,Kerala,India,2025-07-16,Active,8486.41
C009892,Ethan Vasa,Standard,Anand,Chhattisgarh,India,2024-08-20,Active,13499.06
C009893,Mason Grewal,Enterprise,Guna,Tamil Nadu,India,2023-10-21,Active,7896.11
C009894,Ikshita Lal,Standard,Vellore,Nagaland,India,2025-04-21,Active,6345.55
C009895,Girish Pandey,Standard,Jammu,Kerala,India,2026-01-14,Inactive,5475.44
C009896,Advaith Sarin,Standard,Jaipur,Mizoram,India,2025-08-20,Active,4965.67
C009897,Upadhriti Behl,Premium,Imphal,Andhra Pradesh,India,2023-11-24,Active,9046.08
C009898,Bhanumati Shere,Enterprise,Chinsurah,Telangana,India,2024-07-08,Active,6506.0
C009899,Aryan Batra,Premium,Bidhannagar,Sikkim,India,2023-11-06,Active,12899.69
C009900,Charan Kapadia,Enterprise,Panipat,Sikkim,India,2026-06-23,Active,6837.27
C009901,Qadim Choudhry,Standard,Yamunanagar,Andhra Pradesh,India,2025-08-16,Active,8720.83
C009902,Chandresh Nori,Standard,Siliguri,Karnataka,India,2025-05-03,Active,12311.99
C009903,Girish Nanda,Premium,Erode,Madhya Pradesh,India,2026-03-16,Active,8540.82
C009904,Veer Swaminathan,Standard,Mumbai,West Bengal,India,2024-08-31,Active,18264.15
C009905,Nakul Dewan,Premium,Patiala,Odisha,India,2025-06-23,Active,4001.12
C009906,Vamakshi Rana,Standard,Kurnool,Jharkhand,India,2024-07-09,Active,5778.38
C009907,Balendra Puri,Enterprise,Navi Mumbai,Tripura,India,2024-04-04,Active,7345.76
C009908,Sneha Sanghvi,Enterprise,Nanded,Himachal Pradesh,India,2025-07-28,Inactive,20817.04
C009909,Kai Bhargava,Enterprise,Mango,Manipur,India,2024-05-10,Active,3299.53
C009910,Leela Kibe,Standard,Mango,Mizoram,India,2025-01-08,Active,4837.17
C009911,Sai Karnik,Standard,Chandigarh,Karnataka,India,2026-04-27,Active,11752.91
C009912,Jonathan Malhotra,Premium,Avadi,Telangana,India,2025-03-13,Inactive,10307.83
C009913,Nilima Ranganathan,Standard,Nagercoil,Meghalaya,India,2025-05-01,Active,5015.39
C009914,Lohit Cherian,Standard,Fatehpur,Rajasthan,India,2025-06-05,Active,14213.76
C009915,Ladli Patla,Enterprise,Kalyan-Dombivli,Kerala,India,2024-04-06,Inactive,9049.9
C009916,Yahvi Kara,Standard,Dewas,Kerala,India,2025-06-06,Active,10421.4
C009917,Eesha Misra,Standard,Tadipatri,Bihar,India,2023-11-06,Active,10639.34
C009918,Balveer Apte,Enterprise,Tiruchirappalli,Assam,India,2025-05-08,Active,6533.02
C009919,Aadi Sane,Enterprise,Pimpri-Chinchwad,Haryana,India,2024-10-25,Active,5698.34
C009920,Krishna Dara,Standard,Loni,Jharkhand,India,2025-05-23,Active,5506.08
C009921,Zarna Narain,Standard,Muzaffarpur,Nagaland,India,2023-10-18,Active,9451.53
C009922,Indrajit Dash,Enterprise,Panvel,Manipur,India,2024-06-11,Active,10106.19
C009923,Kamala Barad,Standard,Bidar,Arunachal Pradesh,India,2025-03-26,Active,24508.21
C009924,Tanmayi Brahmbhatt,Enterprise,Nangloi Jat,Uttar Pradesh,India,2024-06-08,Active,12087.34
C009925,Zaid Salvi,Standard,Jammu,Telangana,India,2025-10-26,Active,14070.97
C009926,Michael Singh,Premium,Nagaon,Tripura,India,2025-05-22,Active,7504.71
C009927,Yatin Sekhon,Standard,Erode,Uttar Pradesh,India,2023-08-10,Active,6255.27
C009928,Nilima Anne,Standard,Anantapuram,Jharkhand,India,2025-03-11,Inactive,8690.14
C009929,Krish Bhattacharyya,Standard,Kanpur,Nagaland,India,2025-06-10,Active,26484.87
C009930,Yahvi Rajagopal,Standard,Parbhani,Odisha,India,2024-05-26,Inactive,10476.26
C009931,Tanmayi Bassi,Enterprise,Thanjavur,Kerala,India,2025-09-13,Inactive,12252.27
C009932,Mohammed Shenoy,Standard,Tiruvottiyur,Tamil Nadu,India,2024-05-27,Active,6873.85
C009933,Aadhya Chaudhary,Standard,Bokaro,Goa,India,2024-07-07,Active,12963.22
C009934,Triya Rai,Enterprise,Amritsar,Arunachal Pradesh,India,2024-08-13,Active,10659.43
C009935,Falak Mohan,Standard,Muzaffarnagar,Jharkhand,India,2025-07-28,Active,8310.16
C009936,Ubika Khare,Standard,Nadiad,Andhra Pradesh,India,2025-10-12,Active,12018.23
C009937,Damyanti Raval,Standard,Darbhanga,Assam,India,2025-04-25,Active,1917.83
C009938,Indira Bajwa,Standard,Panvel,Nagaland,India,2024-09-04,Active,10771.84
C009939,Vinaya Buch,Enterprise,Kumbakonam,Himachal Pradesh,India,2024-03-18,Active,12000.11
C009940,Yamini Dasgupta,Standard,Avadi,Andhra Pradesh,India,2024-06-06,Active,2624.02
C009941,Dev Choudhry,Standard,Guna,Maharashtra,India,2024-11-09,Inactive,8985.15
C009942,Zaitra Kibe,Enterprise,Sri Ganganagar,Odisha,India,2025-09-27,Active,6994.23
C009943,Samesh Mukhopadhyay,Standard,Cuttack,Maharashtra,India,2025-07-17,Active,11623.62
C009944,Ayushman Raval,Standard,Korba,Telangana,India,2024-11-27,Active,8280.37
C009945,Daksh Hegde,Standard,Tenali,Uttarakhand,India,2025-09-24,Active,18027.35
C009946,Ekta Dhillon,Enterprise,Ludhiana,Himachal Pradesh,India,2025-10-24,Active,15348.99
C009947,Tristan Baria,Standard,Srikakulam,Mizoram,India,2024-09-15,Active,9767.16
C009948,Victor Bumb,Premium,Patiala,Tripura,India,2024-10-10,Active,7385.51
C009949,Osha Kapur,Standard,Bhimavaram,Tripura,India,2023-11-07,Active,12429.45
C009950,Chameli Choudhary,Enterprise,Haldia,Odisha,India,2024-01-06,Active,7666.67
C009951,Dev Doctor,Standard,Warangal,Andhra Pradesh,India,2025-04-26,Active,13734.11
C009952,Rachit Memon,Standard,Ramgarh,Uttarakhand,India,2025-02-21,Active,4663.15
C009953,Panini Khosla,Standard,Secunderabad,Haryana,India,2026-06-22,Active,8341.54
C009954,Raksha Sur,Enterprise,Darbhanga,Meghalaya,India,2023-11-13,Active,3973.27
C009955,Indrajit Padmanabhan,Standard,Cuttack,Karnataka,India,2024-03-12,Active,7388.45
C009956,Divya Mann,Premium,Bhalswa Jahangir Pur,Sikkim,India,2026-03-16,Active,6652.12
C009957,Vansha Patel,Premium,Ambarnath,Arunachal Pradesh,India,2024-01-31,Active,4933.9
C009958,Qushi Dyal,Premium,Morbi,Maharashtra,India,2026-06-24,Active,13344.4
C009959,Vrinda Tailor,Premium,Nellore,Arunachal Pradesh,India,2024-10-19,Active,15282.23
C009960,Geetika Ratti,Enterprise,Durg,Karnataka,India,2024-02-03,Active,20259.24
C009961,Kevin Keer,Standard,Avadi,Chhattisgarh,India,2025-03-27,Inactive,6974.77
C009962,Triya Bains,Standard,Ozhukarai,Mizoram,India,2024-03-28,Active,11612.43
C009963,Champak Raj,Standard,Bidar,Jharkhand,India,2024-01-16,Active,24678.28
C009964,Fitan Dara,Premium,Malegaon,Telangana,India,2023-11-28,Active,6728.62
C009965,Raagini Thakkar,Enterprise,Ghaziabad,Bihar,India,2025-11-05,Active,8831.99
C009966,Mohammed Kari,Premium,Bhilai,Gujarat,India,2023-09-08,Active,5645.12
C009967,Inaya Deo,Standard,Begusarai,Tripura,India,2024-08-27,Active,6040.64
C009968,Bhavani Bhalla,Standard,Hindupur,Haryana,India,2025-09-16,Active,21369.26
C009969,Yashodhara Ratti,Standard,Pimpri-Chinchwad,Arunachal Pradesh,India,2024-02-23,Active,9222.22
C009970,Leela Krishna,Standard,Phagwara,Goa,India,2024-07-23,Inactive,5753.89
C009971,Vincent Sangha,Enterprise,Dewas,Nagaland,India,2025-03-25,Active,8810.05
C009972,Hardik Nori,Premium,Danapur,Madhya Pradesh,India,2025-07-24,Active,14918.27
C009973,Aashi Rao,Standard,Akola,Chhattisgarh,India,2024-04-10,Active,12196.7
C009974,Zinal Mann,Standard,New Delhi,Madhya Pradesh,India,2025-07-21,Active,5535.16
C009975,Widisha Sengupta,Standard,Rajahmundry,Punjab,India,2023-12-16,Active,7909.48
C009976,Chakradhar Varma,Standard,Yamunanagar,Sikkim,India,2024-06-22,Active,4155.82
C009977,Jalsa Bains,Premium,Sagar,Chhattisgarh,India,2024-10-16,Active,12362.97
C009978,Brinda Bandi,Standard,Sagar,Karnataka,India,2024-12-12,Active,16284.88
C009979,Alka Basu,Enterprise,Proddatur,Nagaland,India,2026-02-24,Active,13126.67
C009980,Panini Nanda,Enterprise,Serampore,Mizoram,India,2026-03-24,Active,17027.84
C009981,Dalaja Bhatt,Standard,Shivpuri,Nagaland,India,2025-05-17,Active,594.88
C009982,Warinder Mandal,Standard,Alappuzha,Gujarat,India,2025-05-06,Active,10194.08
C009983,Bhavya Gole,Standard,Bhavnagar,Uttarakhand,India,2024-01-02,Active,23221.62
C009984,Siddharth Buch,Premium,Bulandshahr,Goa,India,2024-10-17,Active,5823.3
C009985,Unni Gade,Standard,Lucknow,Punjab,India,2025-08-15,Active,19966.88
C009986,Tamanna Prabhakar,Standard,Jammu,Himachal Pradesh,India,2023-08-10,Active,10771.46
C009987,Aarna Kari,Premium,Shivpuri,Rajasthan,India,2023-08-26,Active,11713.2
C009988,Ekansh Sehgal,Standard,Nanded,Telangana,India,2026-02-02,Active,2975.08
C009989,Upkaar Parikh,Premium,Jodhpur,Uttarakhand,India,2024-01-23,Active,19437.64
C009990,Om Pradhan,Standard,Gangtok,Tripura,India,2024-07-02,Active,9413.09
C009991,Farhan Khare,Enterprise,Dhule,Arunachal Pradesh,India,2025-03-16,Active,17925.25
C009992,Kala Bhargava,Standard,Danapur,Maharashtra,India,2025-09-05,Inactive,10126.37
C009993,Ranveer Dhawan,Standard,Delhi,Gujarat,India,2025-05-20,Active,18565.81
C009994,Vamakshi Wable,Standard,Sirsa,Arunachal Pradesh,India,2024-05-03,Active,11092.85
C009995,Unnati Radhakrishnan,Standard,Rajkot,Nagaland,India,2024-02-06,Active,7019.61
C009996,Eiravati Bakshi,Standard,Nangloi Jat,Karnataka,India,2025-07-23,Active,13134.45
C009997,Girish Mahal,Standard,Raichur,Mizoram,India,2025-12-25,Active,17545.92
C009998,Jagdish Varughese,Enterprise,Hyderabad,West Bengal,India,2024-06-30,Active,14556.36
C009999,Vivaan Virk,Enterprise,Aizawl,Jharkhand,India,2023-12-05,Active,16023.9
C010000,Jagat Hayre,Premium,Maheshtala,Telangana,India,2024-06-28,Active,10597.69
